,Path,Area,Mean,StdDev,Mode,Min,Max,X,Y,XM,YM,Perim.,BX,BY,Width,Height,Major,Minor,Angle,Circ.,Feret,IntDen,Median,Skew,Kurt,%Area,RawIntDen,Slice,FeretX,FeretY,FeretAngle,MinFeret,AR,Round,Solidity,Folder
0,noise 3 21001.0.png,40000.0,2.556375,25.403871865859728,0.0,0.0,255.0,100.0,100.0,98.89650872817955,98.67206982543641,800.0,0.0,0.0,200.0,200.0,225.67583340707242,225.67583340707242,0.0,0.7853981633974483,282.842712474619,102255.0,0.0,9.836704222438676,94.76074995974291,1.0025,102255.0,1.0,0.0,0.0,135.0,200.0,1.0,1.000000000106614,1.0,./content/Images1/
1,noise 3 21002.0.png,40000.0,0.0,0.0,0.0,0.0,0.0,100.0,100.0,100.0,100.0,800.0,0.0,0.0,200.0,200.0,225.67583340707242,225.67583340707242,0.0,0.7853981633974483,282.842712474619,0.0,0.0,,,0.0,0.0,1.0,0.0,0.0,135.0,200.0,1.0,1.000000000106614,1.0,./content/Images1/
2,noise 3 21003.0.png,40000.0,255.0,0.0,255.0,255.0,255.0,100.0,100.0,100.0,100.0,800.0,0.0,0.0,200.0,200.0,225.67583340707242,225.67583340707242,0.0,0.7853981633974483,282.842712474619,10200000.0,255.0,,,100.0,10200000.0,1.0,0.0,0.0,135.0,200.0,1.0,1.000000000106614,1.0,./content/Images1/
3,noise 3 21004.0.png,40000.0,0.0,0.0,0.0,0.0,0.0,100.0,100.0,100.0,100.0,800.0,0.0,0.0,200.0,200.0,225.67583340707242,225.67583340707242,0.0,0.7853981633974483,282.842712474619,0.0,0.0,,,0.0,0.0,1.0,0.0,0.0,135.0,200.0,1.0,1.000000000106614,1.0,./content/Images1/
4,noise 3 21005.0.png,40000.0,9.925875,49.32175936017524,0.0,0.0,255.0,100.0,100.0,100.62845215157354,100.38053949903662,800.0,0.0,0.0,200.0,200.0,225.67583340707242,225.67583340707242,0.0,0.7853981633974483,282.842712474619,397035.0,0.0,4.767696701389598,20.730931836441236,3.8925,397035.0,1.0,0.0,0.0,135.0,200.0,1.0,1.000000000106614,1.0,./content/Images1/
5,noise 3 21006.0.png,40000.0,0.0,0.0,0.0,0.0,0.0,100.0,100.0,100.0,100.0,800.0,0.0,0.0,200.0,200.0,225.67583340707242,225.67583340707242,0.0,0.7853981633974483,282.842712474619,0.0,0.0,,,0.0,0.0,1.0,0.0,0.0,135.0,200.0,1.0,1.000000000106614,1.0,./content/Images1/
6,noise 3 21007.0.png,40000.0,0.0,0.0,0.0,0.0,0.0,100.0,100.0,100.0,100.0,800.0,0.0,0.0,200.0,200.0,225.67583340707242,225.67583340707242,0.0,0.7853981633974483,282.842712474619,0.0,0.0,,,0.0,0.0,1.0,0.0,0.0,135.0,200.0,1.0,1.000000000106614,1.0,./content/Images1/
7,noise 3 21008.0.png,40000.0,255.0,0.0,255.0,255.0,255.0,100.0,100.0,100.0,100.0,800.0,0.0,0.0,200.0,200.0,225.67583340707242,225.67583340707242,0.0,0.7853981633974483,282.842712474619,10200000.0,255.0,,,100.0,10200000.0,1.0,0.0,0.0,135.0,200.0,1.0,1.000000000106614,1.0,./content/Images1/
8,noise 3 21009.0.png,40000.0,35.139,87.89703536650515,0.0,0.0,255.0,100.0,100.0,100.70355587808417,100.29589985486211,800.0,0.0,0.0,200.0,200.0,225.67583340707242,225.67583340707242,0.0,0.7853981633974483,282.842712474619,1405560.0,0.0,2.101598857095104,2.4167177561434467,13.78,1405560.0,1.0,0.0,0.0,135.0,200.0,1.0,1.000000000106614,1.0,./content/Images1/
9,noise 3 21010.0.png,40000.0,255.0,0.0,255.0,255.0,255.0,100.0,100.0,100.0,100.0,800.0,0.0,0.0,200.0,200.0,225.67583340707242,225.67583340707242,0.0,0.7853981633974483,282.842712474619,10200000.0,255.0,,,100.0,10200000.0,1.0,0.0,0.0,135.0,200.0,1.0,1.000000000106614,1.0,./content/Images1/
10,noise 3 21011.0.png,40000.0,255.0,0.0,255.0,255.0,255.0,100.0,100.0,100.0,100.0,800.0,0.0,0.0,200.0,200.0,225.67583340707242,225.67583340707242,0.0,0.7853981633974483,282.842712474619,10200000.0,255.0,,,100.0,10200000.0,1.0,0.0,0.0,135.0,200.0,1.0,1.000000000106614,1.0,./content/Images1/
11,noise 3 21012.0.png,40000.0,255.0,0.0,255.0,255.0,255.0,100.0,100.0,100.0,100.0,800.0,0.0,0.0,200.0,200.0,225.67583340707242,225.67583340707242,0.0,0.7853981633974483,282.842712474619,10200000.0,255.0,,,100.0,10200000.0,1.0,0.0,0.0,135.0,200.0,1.0,1.000000000106614,1.0,./content/Images1/
12,noise 3 21013.0.png,40000.0,0.0,0.0,0.0,0.0,0.0,100.0,100.0,100.0,100.0,800.0,0.0,0.0,200.0,200.0,225.67583340707242,225.67583340707242,0.0,0.7853981633974483,282.842712474619,0.0,0.0,,,0.0,0.0,1.0,0.0,0.0,135.0,200.0,1.0,1.000000000106614,1.0,./content/Images1/
13,noise 3 21014.0.png,40000.0,255.0,0.0,255.0,255.0,255.0,100.0,100.0,100.0,100.0,800.0,0.0,0.0,200.0,200.0,225.67583340707242,225.67583340707242,0.0,0.7853981633974483,282.842712474619,10200000.0,255.0,,,100.0,10200000.0,1.0,0.0,0.0,135.0,200.0,1.0,1.000000000106614,1.0,./content/Images1/
14,noise 3 21015.0.png,40000.0,33.711,86.37163875080473,0.0,0.0,255.0,100.0,100.0,100.1802193645991,99.99149016641452,800.0,0.0,0.0,200.0,200.0,225.67583340707242,225.67583340707242,0.0,0.7853981633974483,282.842712474619,1348440.0,0.0,2.171781703831767,2.716635769098411,13.22,1348440.0,1.0,0.0,0.0,135.0,200.0,1.0,1.000000000106614,1.0,./content/Images1/
15,noise 3 21016.0.png,40000.0,255.0,0.0,255.0,255.0,255.0,100.0,100.0,100.0,100.0,800.0,0.0,0.0,200.0,200.0,225.67583340707242,225.67583340707242,0.0,0.7853981633974483,282.842712474619,10200000.0,255.0,,,100.0,10200000.0,1.0,0.0,0.0,135.0,200.0,1.0,1.000000000106614,1.0,./content/Images1/
16,noise 3 21017.0.png,40000.0,255.0,0.0,255.0,255.0,255.0,100.0,100.0,100.0,100.0,800.0,0.0,0.0,200.0,200.0,225.67583340707242,225.67583340707242,0.0,0.7853981633974483,282.842712474619,10200000.0,255.0,,,100.0,10200000.0,1.0,0.0,0.0,135.0,200.0,1.0,1.000000000106614,1.0,./content/Images1/
17,noise 3 21018.0.png,40000.0,255.0,0.0,255.0,255.0,255.0,100.0,100.0,100.0,100.0,800.0,0.0,0.0,200.0,200.0,225.67583340707242,225.67583340707242,0.0,0.7853981633974483,282.842712474619,10200000.0,255.0,,,100.0,10200000.0,1.0,0.0,0.0,135.0,200.0,1.0,1.000000000106614,1.0,./content/Images1/
18,noise 3 21019.0.png,40000.0,0.0,0.0,0.0,0.0,0.0,100.0,100.0,100.0,100.0,800.0,0.0,0.0,200.0,200.0,225.67583340707242,225.67583340707242,0.0,0.7853981633974483,282.842712474619,0.0,0.0,,,0.0,0.0,1.0,0.0,0.0,135.0,200.0,1.0,1.000000000106614,1.0,./content/Images1/
19,noise 3 21020.0.png,40000.0,0.0,0.0,0.0,0.0,0.0,100.0,100.0,100.0,100.0,800.0,0.0,0.0,200.0,200.0,225.67583340707242,225.67583340707242,0.0,0.7853981633974483,282.842712474619,0.0,0.0,,,0.0,0.0,1.0,0.0,0.0,135.0,200.0,1.0,1.000000000106614,1.0,./content/Images1/
20,noise 3 21021.0.png,40000.0,5.731125,37.797179748022174,0.0,0.0,255.0,100.0,100.0,102.46774193548387,98.31535038932147,800.0,0.0,0.0,200.0,200.0,225.67583340707242,225.67583340707242,0.0,0.7853981633974483,282.842712474619,229244.99999999997,0.0,6.443358893508431,39.51687383055417,2.2475,229244.99999999997,1.0,0.0,0.0,135.0,200.0,1.0,1.000000000106614,1.0,./content/Images1/
21,noise 3 21022.0.png,40000.0,60.964125,108.76361099219388,0.0,0.0,255.0,100.0,100.0,100.25886228171076,100.1263724772561,800.0,0.0,0.0,200.0,200.0,225.67583340707242,225.67583340707242,0.0,0.7853981633974483,282.842712474619,2438565.0,0.0,1.2235104389612002,-0.5030222057529712,23.9075,2438565.0,1.0,0.0,0.0,135.0,200.0,1.0,1.000000000106614,1.0,./content/Images1/
22,noise 3 21023.0.png,40000.0,255.0,0.0,255.0,255.0,255.0,100.0,100.0,100.0,100.0,800.0,0.0,0.0,200.0,200.0,225.67583340707242,225.67583340707242,0.0,0.7853981633974483,282.842712474619,10200000.0,255.0,,,100.0,10200000.0,1.0,0.0,0.0,135.0,200.0,1.0,1.000000000106614,1.0,./content/Images1/
23,noise 3 21024.0.png,40000.0,0.0,0.0,0.0,0.0,0.0,100.0,100.0,100.0,100.0,800.0,0.0,0.0,200.0,200.0,225.67583340707242,225.67583340707242,0.0,0.7853981633974483,282.842712474619,0.0,0.0,,,0.0,0.0,1.0,0.0,0.0,135.0,200.0,1.0,1.000000000106614,1.0,./content/Images1/
24,noise 3 21025.0.png,40000.0,66.2745,111.83917403920347,0.0,0.0,255.0,100.0,100.0,99.91169680646402,99.9821085032705,800.0,0.0,0.0,200.0,200.0,225.67583340707242,225.67583340707242,0.0,0.7853981633974483,282.842712474619,2650980.0,0.0,1.094898381700103,-0.8011975337504955,25.99,2650980.0,1.0,0.0,0.0,135.0,200.0,1.0,1.000000000106614,1.0,./content/Images1/
25,noise 3 21026.0.png,40000.0,0.0,0.0,0.0,0.0,0.0,100.0,100.0,100.0,100.0,800.0,0.0,0.0,200.0,200.0,225.67583340707242,225.67583340707242,0.0,0.7853981633974483,282.842712474619,0.0,0.0,,,0.0,0.0,1.0,0.0,0.0,135.0,200.0,1.0,1.000000000106614,1.0,./content/Images1/
26,noise 3 21027.0.png,40000.0,0.0,0.0,0.0,0.0,0.0,100.0,100.0,100.0,100.0,800.0,0.0,0.0,200.0,200.0,225.67583340707242,225.67583340707242,0.0,0.7853981633974483,282.842712474619,0.0,0.0,,,0.0,0.0,1.0,0.0,0.0,135.0,200.0,1.0,1.000000000106614,1.0,./content/Images1/
27,noise 3 21028.0.png,40000.0,47.512875,99.29026285664585,0.0,0.0,255.0,100.0,100.0,98.76834831611431,100.59016503421441,800.0,0.0,0.0,200.0,200.0,225.67583340707242,225.67583340707242,0.0,0.7853981633974483,282.842712474619,1900515.0,0.0,1.6111977661554957,0.5959582416644587,18.6325,1900515.0,1.0,0.0,0.0,135.0,200.0,1.0,1.000000000106614,1.0,./content/Images1/
28,noise 3 21029.0.png,40000.0,255.0,0.0,255.0,255.0,255.0,100.0,100.0,100.0,100.0,800.0,0.0,0.0,200.0,200.0,225.67583340707242,225.67583340707242,0.0,0.7853981633974483,282.842712474619,10200000.0,255.0,,,100.0,10200000.0,1.0,0.0,0.0,135.0,200.0,1.0,1.000000000106614,1.0,./content/Images1/
29,noise 3 21030.0.png,40000.0,42.591375,95.11572727813612,0.0,0.0,255.0,100.0,100.0,98.75909295015717,100.25407873072893,800.0,0.0,0.0,200.0,200.0,225.67583340707242,225.67583340707242,0.0,0.7853981633974483,282.842712474619,1703655.0,0.0,1.7853974060340545,1.1876438974731292,16.7025,1703655.0,1.0,0.0,0.0,135.0,200.0,1.0,1.000000000106614,1.0,./content/Images1/
30,noise 3 21031.0.png,40000.0,255.0,0.0,255.0,255.0,255.0,100.0,100.0,100.0,100.0,800.0,0.0,0.0,200.0,200.0,225.67583340707242,225.67583340707242,0.0,0.7853981633974483,282.842712474619,10200000.0,255.0,,,100.0,10200000.0,1.0,0.0,0.0,135.0,200.0,1.0,1.000000000106614,1.0,./content/Images1/
31,noise 3 21032.0.png,40000.0,4.08,31.996549727741925,0.0,0.0,255.0,100.0,100.0,100.96875,98.93125,800.0,0.0,0.0,200.0,200.0,225.67583340707242,225.67583340707242,0.0,0.7853981633974483,282.842712474619,163200.0,0.0,7.714678228066392,57.51626016260161,1.6,163200.0,1.0,0.0,0.0,135.0,200.0,1.0,1.000000000106614,1.0,./content/Images1/
32,noise 3 21033.0.png,40000.0,0.0,0.0,0.0,0.0,0.0,100.0,100.0,100.0,100.0,800.0,0.0,0.0,200.0,200.0,225.67583340707242,225.67583340707242,0.0,0.7853981633974483,282.842712474619,0.0,0.0,,,0.0,0.0,1.0,0.0,0.0,135.0,200.0,1.0,1.000000000106614,1.0,./content/Images1/
33,noise 3 21034.0.png,40000.0,255.0,0.0,255.0,255.0,255.0,100.0,100.0,100.0,100.0,800.0,0.0,0.0,200.0,200.0,225.67583340707242,225.67583340707242,0.0,0.7853981633974483,282.842712474619,10200000.0,255.0,,,100.0,10200000.0,1.0,0.0,0.0,135.0,200.0,1.0,1.000000000106614,1.0,./content/Images1/
34,noise 3 21035.0.png,40000.0,255.0,0.0,255.0,255.0,255.0,100.0,100.0,100.0,100.0,800.0,0.0,0.0,200.0,200.0,225.67583340707242,225.67583340707242,0.0,0.7853981633974483,282.842712474619,10200000.0,255.0,,,100.0,10200000.0,1.0,0.0,0.0,135.0,200.0,1.0,1.000000000106614,1.0,./content/Images1/
35,noise 3 21036.0.png,40000.0,255.0,0.0,255.0,255.0,255.0,100.0,100.0,100.0,100.0,800.0,0.0,0.0,200.0,200.0,225.67583340707242,225.67583340707242,0.0,0.7853981633974483,282.842712474619,10200000.0,255.0,,,100.0,10200000.0,1.0,0.0,0.0,135.0,200.0,1.0,1.000000000106614,1.0,./content/Images1/
36,noise 3 21037.0.png,40000.0,255.0,0.0,255.0,255.0,255.0,100.0,100.0,100.0,100.0,800.0,0.0,0.0,200.0,200.0,225.67583340707242,225.67583340707242,0.0,0.7853981633974483,282.842712474619,10200000.0,255.0,,,100.0,10200000.0,1.0,0.0,0.0,135.0,200.0,1.0,1.000000000106614,1.0,./content/Images1/
37,noise 3 21038.0.png,40000.0,24.792375,75.54823925989776,0.0,0.0,255.0,100.0,100.0,100.42954487014657,100.88878889174595,800.0,0.0,0.0,200.0,200.0,225.67583340707242,225.67583340707242,0.0,0.7853981633974483,282.842712474619,991695.0,0.0,2.7190285273505945,5.393116132546345,9.7225,991695.0,1.0,0.0,0.0,135.0,200.0,1.0,1.000000000106614,1.0,./content/Images1/
38,noise 3 21039.0.png,40000.0,0.0,0.0,0.0,0.0,0.0,100.0,100.0,100.0,100.0,800.0,0.0,0.0,200.0,200.0,225.67583340707242,225.67583340707242,0.0,0.7853981633974483,282.842712474619,0.0,0.0,,,0.0,0.0,1.0,0.0,0.0,135.0,200.0,1.0,1.000000000106614,1.0,./content/Images1/
39,noise 3 21040.0.png,40000.0,0.0,0.0,0.0,0.0,0.0,100.0,100.0,100.0,100.0,800.0,0.0,0.0,200.0,200.0,225.67583340707242,225.67583340707242,0.0,0.7853981633974483,282.842712474619,0.0,0.0,,,0.0,0.0,1.0,0.0,0.0,135.0,200.0,1.0,1.000000000106614,1.0,./content/Images1/
40,noise 3 21041.0.png,40000.0,255.0,0.0,255.0,255.0,255.0,100.0,100.0,100.0,100.0,800.0,0.0,0.0,200.0,200.0,225.67583340707242,225.67583340707242,0.0,0.7853981633974483,282.842712474619,10200000.0,255.0,,,100.0,10200000.0,1.0,0.0,0.0,135.0,200.0,1.0,1.000000000106614,1.0,./content/Images1/
41,noise 3 21042.0.png,40000.0,67.3965,112.44614440315318,0.0,0.0,255.0,100.0,100.0,99.8027809307605,99.89547862277715,800.0,0.0,0.0,200.0,200.0,225.67583340707242,225.67583340707242,0.0,0.7853981633974483,282.842712474619,2695860.0,0.0,1.069031786316217,-0.8571710398455576,26.43,2695860.0,1.0,0.0,0.0,135.0,200.0,1.0,1.000000000106614,1.0,./content/Images1/
42,noise 3 21043.0.png,40000.0,14.80275,59.62942842385674,0.0,0.0,255.0,100.0,100.0,103.07795004306632,101.77347114556417,800.0,0.0,0.0,200.0,200.0,225.67583340707242,225.67583340707242,0.0,0.7853981633974483,282.842712474619,592110.0,0.0,3.7799677682957675,12.288156329354882,5.805,592110.0,1.0,0.0,0.0,135.0,200.0,1.0,1.000000000106614,1.0,./content/Images1/
43,noise 3 21044.0.png,40000.0,29.84775,81.97838789180679,0.0,0.0,255.0,100.0,100.0,101.29175565997437,100.9350704826997,800.0,0.0,0.0,200.0,200.0,225.67583340707242,225.67583340707242,0.0,0.7853981633974483,282.842712474619,1193910.0,0.0,2.382419883759938,3.675924502534718,11.705,1193910.0,1.0,0.0,0.0,135.0,200.0,1.0,1.000000000106614,1.0,./content/Images1/
44,noise 3 21045.0.png,40000.0,196.522125,107.20300169572533,255.0,0.0,255.0,100.0,100.0,99.73388587926169,100.39966587731534,800.0,0.0,0.0,200.0,200.0,225.67583340707242,225.67583340707242,0.0,0.7853981633974483,282.842712474619,7860885.0,255.0,-1.2877062526411018,-0.3418126069090297,77.0675,7860885.0,1.0,0.0,0.0,135.0,200.0,1.0,1.000000000106614,1.0,./content/Images1/
45,noise 3 21046.0.png,40000.0,28.62375,80.49782098552163,0.0,0.0,255.0,100.0,100.0,100.34743875278396,101.5781737193764,800.0,0.0,0.0,200.0,200.0,225.67583340707242,225.67583340707242,0.0,0.7853981633974483,282.842712474619,1144950.0,0.0,2.4566500003542644,4.035129224240609,11.225,1144950.0,1.0,0.0,0.0,135.0,200.0,1.0,1.000000000106614,1.0,./content/Images1/
46,noise 3 21047.0.png,40000.0,0.0,0.0,0.0,0.0,0.0,100.0,100.0,100.0,100.0,800.0,0.0,0.0,200.0,200.0,225.67583340707242,225.67583340707242,0.0,0.7853981633974483,282.842712474619,0.0,0.0,,,0.0,0.0,1.0,0.0,0.0,135.0,200.0,1.0,1.000000000106614,1.0,./content/Images1/
47,noise 3 21048.0.png,40000.0,0.0,0.0,0.0,0.0,0.0,100.0,100.0,100.0,100.0,800.0,0.0,0.0,200.0,200.0,225.67583340707242,225.67583340707242,0.0,0.7853981633974483,282.842712474619,0.0,0.0,,,0.0,0.0,1.0,0.0,0.0,135.0,200.0,1.0,1.000000000106614,1.0,./content/Images1/
48,noise 3 21049.0.png,40000.0,255.0,0.0,255.0,255.0,255.0,100.0,100.0,100.0,100.0,800.0,0.0,0.0,200.0,200.0,225.67583340707242,225.67583340707242,0.0,0.7853981633974483,282.842712474619,10200000.0,255.0,,,100.0,10200000.0,1.0,0.0,0.0,135.0,200.0,1.0,1.000000000106614,1.0,./content/Images1/
49,noise 3 21050.0.png,40000.0,0.0,0.0,0.0,0.0,0.0,100.0,100.0,100.0,100.0,800.0,0.0,0.0,200.0,200.0,225.67583340707242,225.67583340707242,0.0,0.7853981633974483,282.842712474619,0.0,0.0,,,0.0,0.0,1.0,0.0,0.0,135.0,200.0,1.0,1.000000000106614,1.0,./content/Images1/
50,noise 3 21051.0.png,40000.0,207.844125,99.00159903203405,255.0,0.0,255.0,100.0,100.0,100.14730239548508,99.6140692574303,800.0,0.0,0.0,200.0,200.0,225.67583340707242,225.67583340707242,0.0,0.7853981633974483,282.842712474619,8313765.0,255.0,-1.62310770949056,0.63447863660768,81.5075,8313765.0,1.0,0.0,0.0,135.0,200.0,1.0,1.000000000106614,1.0,./content/Images1/
51,noise 3 21052.0.png,40000.0,33.832125,86.5029841227511,0.0,0.0,255.0,100.0,100.0,100.32664405502167,100.11371773129828,800.0,0.0,0.0,200.0,200.0,225.67583340707242,225.67583340707242,0.0,0.7853981633974483,282.842712474619,1353285.0,0.0,2.1656835731232422,2.690185338895856,13.2675,1353285.0,1.0,0.0,0.0,135.0,200.0,1.0,1.000000000106614,1.0,./content/Images1/
52,noise 3 21053.0.png,40000.0,255.0,0.0,255.0,255.0,255.0,100.0,100.0,100.0,100.0,800.0,0.0,0.0,200.0,200.0,225.67583340707242,225.67583340707242,0.0,0.7853981633974483,282.842712474619,10200000.0,255.0,,,100.0,10200000.0,1.0,0.0,0.0,135.0,200.0,1.0,1.000000000106614,1.0,./content/Images1/
53,noise 3 21054.0.png,40000.0,0.0,0.0,0.0,0.0,0.0,100.0,100.0,100.0,100.0,800.0,0.0,0.0,200.0,200.0,225.67583340707242,225.67583340707242,0.0,0.7853981633974483,282.842712474619,0.0,0.0,,,0.0,0.0,1.0,0.0,0.0,135.0,200.0,1.0,1.000000000106614,1.0,./content/Images1/
54,noise 3 21055.0.png,40000.0,255.0,0.0,255.0,255.0,255.0,100.0,100.0,100.0,100.0,800.0,0.0,0.0,200.0,200.0,225.67583340707242,225.67583340707242,0.0,0.7853981633974483,282.842712474619,10200000.0,255.0,,,100.0,10200000.0,1.0,0.0,0.0,135.0,200.0,1.0,1.000000000106614,1.0,./content/Images1/
55,noise 3 21056.0.png,40000.0,154.53,124.60343996227095,255.0,0.0,255.0,100.0,100.0,99.80833333333334,99.82231848184819,800.0,0.0,0.0,200.0,200.0,225.67583340707242,225.67583340707242,0.0,0.7853981633974483,282.842712474619,6181200.0,255.0,-0.43386182419233194,-1.8117639175085045,60.6,6181200.0,1.0,0.0,0.0,135.0,200.0,1.0,1.000000000106614,1.0,./content/Images1/
56,noise 3 21057.0.png,40000.0,255.0,0.0,255.0,255.0,255.0,100.0,100.0,100.0,100.0,800.0,0.0,0.0,200.0,200.0,225.67583340707242,225.67583340707242,0.0,0.7853981633974483,282.842712474619,10200000.0,255.0,,,100.0,10200000.0,1.0,0.0,0.0,135.0,200.0,1.0,1.000000000106614,1.0,./content/Images1/
57,noise 3 21058.0.png,40000.0,255.0,0.0,255.0,255.0,255.0,100.0,100.0,100.0,100.0,800.0,0.0,0.0,200.0,200.0,225.67583340707242,225.67583340707242,0.0,0.7853981633974483,282.842712474619,10200000.0,255.0,,,100.0,10200000.0,1.0,0.0,0.0,135.0,200.0,1.0,1.000000000106614,1.0,./content/Images1/
58,noise 3 21059.0.png,40000.0,74.54925,115.98622502067805,0.0,0.0,255.0,100.0,100.0,101.07063451342569,100.62818539421926,800.0,0.0,0.0,200.0,200.0,225.67583340707242,225.67583340707242,0.0,0.7853981633974483,282.842712474619,2981970.0,0.0,0.9130638036947128,-1.166314490382543,29.235,2981970.0,1.0,0.0,0.0,135.0,200.0,1.0,1.000000000106614,1.0,./content/Images1/
59,noise 3 21060.0.png,40000.0,255.0,0.0,255.0,255.0,255.0,100.0,100.0,100.0,100.0,800.0,0.0,0.0,200.0,200.0,225.67583340707242,225.67583340707242,0.0,0.7853981633974483,282.842712474619,10200000.0,255.0,,,100.0,10200000.0,1.0,0.0,0.0,135.0,200.0,1.0,1.000000000106614,1.0,./content/Images1/
60,noise 3 21061.0.png,40000.0,0.0,0.0,0.0,0.0,0.0,100.0,100.0,100.0,100.0,800.0,0.0,0.0,200.0,200.0,225.67583340707242,225.67583340707242,0.0,0.7853981633974483,282.842712474619,0.0,0.0,,,0.0,0.0,1.0,0.0,0.0,135.0,200.0,1.0,1.000000000106614,1.0,./content/Images1/
61,noise 3 21062.0.png,40000.0,43.879125,96.24983566222853,0.0,0.0,255.0,100.0,100.0,100.37926776115066,100.31723085863722,800.0,0.0,0.0,200.0,200.0,225.67583340707242,225.67583340707242,0.0,0.7853981633974483,282.842712474619,1755165.0,0.0,1.73760131028156,1.0192583134921929,17.2075,1755165.0,1.0,0.0,0.0,135.0,200.0,1.0,1.000000000106614,1.0,./content/Images1/
62,noise 3 21063.0.png,40000.0,26.513625,77.83414108344313,0.0,0.0,255.0,100.0,100.0,99.09629718682376,100.60098581389757,800.0,0.0,0.0,200.0,200.0,225.67583340707242,225.67583340707242,0.0,0.7853981633974483,282.842712474619,1060545.0,0.0,2.5949444793151004,4.733736850727915,10.3975,1060545.0,1.0,0.0,0.0,135.0,200.0,1.0,1.000000000106614,1.0,./content/Images1/
63,noise 3 21064.0.png,40000.0,53.142,103.57319161419392,0.0,0.0,255.0,100.0,100.0,100.97864683301344,99.71149232245682,800.0,0.0,0.0,200.0,200.0,225.67583340707242,225.67583340707242,0.0,0.7853981633974483,282.842712474619,2125680.0,0.0,1.4358721274016955,0.061728766249070866,20.84,2125680.0,1.0,0.0,0.0,135.0,200.0,1.0,1.000000000106614,1.0,./content/Images1/
64,noise 3 21065.0.png,40000.0,3.8505,31.097834757956477,0.0,0.0,255.0,100.0,100.0,100.5248344370861,103.2864238410596,800.0,0.0,0.0,200.0,200.0,225.67583340707242,225.67583340707242,0.0,0.7853981633974483,282.842712474619,154020.0,0.0,7.952389393675999,61.24049706865053,1.51,154020.0,1.0,0.0,0.0,135.0,200.0,1.0,1.000000000106614,1.0,./content/Images1/
65,noise 3 21066.0.png,40000.0,255.0,0.0,255.0,255.0,255.0,100.0,100.0,100.0,100.0,800.0,0.0,0.0,200.0,200.0,225.67583340707242,225.67583340707242,0.0,0.7853981633974483,282.842712474619,10200000.0,255.0,,,100.0,10200000.0,1.0,0.0,0.0,135.0,200.0,1.0,1.000000000106614,1.0,./content/Images1/
66,noise 3 21067.0.png,40000.0,0.0,0.0,0.0,0.0,0.0,100.0,100.0,100.0,100.0,800.0,0.0,0.0,200.0,200.0,225.67583340707242,225.67583340707242,0.0,0.7853981633974483,282.842712474619,0.0,0.0,,,0.0,0.0,1.0,0.0,0.0,135.0,200.0,1.0,1.000000000106614,1.0,./content/Images1/
67,noise 3 21068.0.png,40000.0,0.0,0.0,0.0,0.0,0.0,100.0,100.0,100.0,100.0,800.0,0.0,0.0,200.0,200.0,225.67583340707242,225.67583340707242,0.0,0.7853981633974483,282.842712474619,0.0,0.0,,,0.0,0.0,1.0,0.0,0.0,135.0,200.0,1.0,1.000000000106614,1.0,./content/Images1/
68,noise 3 21069.0.png,40000.0,105.627375,125.61143551216847,0.0,0.0,255.0,100.0,100.0,99.79633653207797,100.1109602269298,800.0,0.0,0.0,200.0,200.0,225.67583340707242,225.67583340707242,0.0,0.7853981633974483,282.842712474619,4225095.0,0.0,0.3482628524027993,-1.8787129856362652,41.4225,4225095.0,1.0,0.0,0.0,135.0,200.0,1.0,1.000000000106614,1.0,./content/Images1/
69,noise 3 21070.0.png,40000.0,0.0,0.0,0.0,0.0,0.0,100.0,100.0,100.0,100.0,800.0,0.0,0.0,200.0,200.0,225.67583340707242,225.67583340707242,0.0,0.7853981633974483,282.842712474619,0.0,0.0,,,0.0,0.0,1.0,0.0,0.0,135.0,200.0,1.0,1.000000000106614,1.0,./content/Images1/
70,noise 3 21071.0.png,40000.0,73.5675,115.53297858394595,0.0,0.0,255.0,100.0,100.0,99.6233102253033,100.87391681109186,800.0,0.0,0.0,200.0,200.0,225.67583340707242,225.67583340707242,0.0,0.7853981633974483,282.842712474619,2942700.0,0.0,0.9336411963048796,-1.1283141165623933,28.85,2942700.0,1.0,0.0,0.0,135.0,200.0,1.0,1.000000000106614,1.0,./content/Images1/
71,noise 3 21072.0.png,40000.0,255.0,0.0,255.0,255.0,255.0,100.0,100.0,100.0,100.0,800.0,0.0,0.0,200.0,200.0,225.67583340707242,225.67583340707242,0.0,0.7853981633974483,282.842712474619,10200000.0,255.0,,,100.0,10200000.0,1.0,0.0,0.0,135.0,200.0,1.0,1.000000000106614,1.0,./content/Images1/
72,noise 3 21073.0.png,40000.0,0.0,0.0,0.0,0.0,0.0,100.0,100.0,100.0,100.0,800.0,0.0,0.0,200.0,200.0,225.67583340707242,225.67583340707242,0.0,0.7853981633974483,282.842712474619,0.0,0.0,,,0.0,0.0,1.0,0.0,0.0,135.0,200.0,1.0,1.000000000106614,1.0,./content/Images1/
73,noise 3 21074.0.png,40000.0,66.249,111.82521013143915,0.0,0.0,255.0,100.0,100.0,100.64626635873749,99.96391454965358,800.0,0.0,0.0,200.0,200.0,225.67583340707242,225.67583340707242,0.0,0.7853981633974483,282.842712474619,2649960.0,0.0,1.0954911791332347,-0.799899076441275,25.98,2649960.0,1.0,0.0,0.0,135.0,200.0,1.0,1.000000000106614,1.0,./content/Images1/
74,noise 3 21075.0.png,40000.0,43.764375,96.15001937865138,0.0,0.0,255.0,100.0,100.0,99.66897305171157,100.14064093226511,800.0,0.0,0.0,200.0,200.0,225.67583340707242,225.67583340707242,0.0,0.7853981633974483,282.842712474619,1750575.0,0.0,1.7417920923171621,1.0338396928585976,17.1625,1750575.0,1.0,0.0,0.0,135.0,200.0,1.0,1.000000000106614,1.0,./content/Images1/
75,noise 3 21076.0.png,40000.0,16.53675,62.7973386146334,0.0,0.0,255.0,100.0,100.0,99.85774865073246,101.31842713955281,800.0,0.0,0.0,200.0,200.0,225.67583340707242,225.67583340707242,0.0,0.7853981633974483,282.842712474619,661470.0,0.0,3.5340554079078412,10.489547626162661,6.485,661470.0,1.0,0.0,0.0,135.0,200.0,1.0,1.000000000106614,1.0,./content/Images1/
76,noise 3 21077.0.png,40000.0,255.0,0.0,255.0,255.0,255.0,100.0,100.0,100.0,100.0,800.0,0.0,0.0,200.0,200.0,225.67583340707242,225.67583340707242,0.0,0.7853981633974483,282.842712474619,10200000.0,255.0,,,100.0,10200000.0,1.0,0.0,0.0,135.0,200.0,1.0,1.000000000106614,1.0,./content/Images1/
77,noise 3 21078.0.png,40000.0,255.0,0.0,255.0,255.0,255.0,100.0,100.0,100.0,100.0,800.0,0.0,0.0,200.0,200.0,225.67583340707242,225.67583340707242,0.0,0.7853981633974483,282.842712474619,10200000.0,255.0,,,100.0,10200000.0,1.0,0.0,0.0,135.0,200.0,1.0,1.000000000106614,1.0,./content/Images1/
78,noise 3 21079.0.png,40000.0,0.0,0.0,0.0,0.0,0.0,100.0,100.0,100.0,100.0,800.0,0.0,0.0,200.0,200.0,225.67583340707242,225.67583340707242,0.0,0.7853981633974483,282.842712474619,0.0,0.0,,,0.0,0.0,1.0,0.0,0.0,135.0,200.0,1.0,1.000000000106614,1.0,./content/Images1/
79,noise 3 21080.0.png,40000.0,0.0,0.0,0.0,0.0,0.0,100.0,100.0,100.0,100.0,800.0,0.0,0.0,200.0,200.0,225.67583340707242,225.67583340707242,0.0,0.7853981633974483,282.842712474619,0.0,0.0,,,0.0,0.0,1.0,0.0,0.0,135.0,200.0,1.0,1.000000000106614,1.0,./content/Images1/
80,noise 3 21081.0.png,40000.0,0.0,0.0,0.0,0.0,0.0,100.0,100.0,100.0,100.0,800.0,0.0,0.0,200.0,200.0,225.67583340707242,225.67583340707242,0.0,0.7853981633974483,282.842712474619,0.0,0.0,,,0.0,0.0,1.0,0.0,0.0,135.0,200.0,1.0,1.000000000106614,1.0,./content/Images1/
81,noise 3 21082.0.png,40000.0,0.0,0.0,0.0,0.0,0.0,100.0,100.0,100.0,100.0,800.0,0.0,0.0,200.0,200.0,225.67583340707242,225.67583340707242,0.0,0.7853981633974483,282.842712474619,0.0,0.0,,,0.0,0.0,1.0,0.0,0.0,135.0,200.0,1.0,1.000000000106614,1.0,./content/Images1/
82,noise 3 21083.0.png,40000.0,254.57925,10.349729337520571,255.0,0.0,255.0,100.0,100.0,99.94831471928683,100.00435718936245,800.0,0.0,0.0,200.0,200.0,225.67583340707242,225.67583340707242,0.0,0.7853981633974483,282.842712474619,10183170.0,255.0,-24.55732596981179,601.062258787756,99.835,10183170.0,1.0,0.0,0.0,135.0,200.0,1.0,1.000000000106614,1.0,./content/Images1/
83,noise 3 21084.0.png,40000.0,15.650625,61.20507302204177,0.0,0.0,255.0,100.0,100.0,99.83808553971487,99.93665987780041,800.0,0.0,0.0,200.0,200.0,225.67583340707242,225.67583340707242,0.0,0.7853981633974483,282.842712474619,626025.0,0.0,3.6549510562015644,11.358667223228935,6.1375,626025.0,1.0,0.0,0.0,135.0,200.0,1.0,1.000000000106614,1.0,./content/Images1/
84,noise 3 21085.0.png,40000.0,255.0,0.0,255.0,255.0,255.0,100.0,100.0,100.0,100.0,800.0,0.0,0.0,200.0,200.0,225.67583340707242,225.67583340707242,0.0,0.7853981633974483,282.842712474619,10200000.0,255.0,,,100.0,10200000.0,1.0,0.0,0.0,135.0,200.0,1.0,1.000000000106614,1.0,./content/Images1/
85,noise 3 21086.0.png,40000.0,19.13775,67.18620114709653,0.0,0.0,255.0,100.0,100.0,101.50566289140573,99.58394403730846,800.0,0.0,0.0,200.0,200.0,225.67583340707242,225.67583340707242,0.0,0.7853981633974483,282.842712474619,765510.0,0.0,3.225769658155643,8.405589887477575,7.505,765510.0,1.0,0.0,0.0,135.0,200.0,1.0,1.000000000106614,1.0,./content/Images1/
86,noise 3 21087.0.png,40000.0,0.0,0.0,0.0,0.0,0.0,100.0,100.0,100.0,100.0,800.0,0.0,0.0,200.0,200.0,225.67583340707242,225.67583340707242,0.0,0.7853981633974483,282.842712474619,0.0,0.0,,,0.0,0.0,1.0,0.0,0.0,135.0,200.0,1.0,1.000000000106614,1.0,./content/Images1/
87,noise 3 21088.0.png,40000.0,255.0,0.0,255.0,255.0,255.0,100.0,100.0,100.0,100.0,800.0,0.0,0.0,200.0,200.0,225.67583340707242,225.67583340707242,0.0,0.7853981633974483,282.842712474619,10200000.0,255.0,,,100.0,10200000.0,1.0,0.0,0.0,135.0,200.0,1.0,1.000000000106614,1.0,./content/Images1/
88,noise 3 21089.0.png,40000.0,255.0,0.0,255.0,255.0,255.0,100.0,100.0,100.0,100.0,800.0,0.0,0.0,200.0,200.0,225.67583340707242,225.67583340707242,0.0,0.7853981633974483,282.842712474619,10200000.0,255.0,,,100.0,10200000.0,1.0,0.0,0.0,135.0,200.0,1.0,1.000000000106614,1.0,./content/Images1/
89,noise 3 21090.0.png,40000.0,255.0,0.0,255.0,255.0,255.0,100.0,100.0,100.0,100.0,800.0,0.0,0.0,200.0,200.0,225.67583340707242,225.67583340707242,0.0,0.7853981633974483,282.842712474619,10200000.0,255.0,,,100.0,10200000.0,1.0,0.0,0.0,135.0,200.0,1.0,1.000000000106614,1.0,./content/Images1/
90,noise 3 21091.0.png,40000.0,255.0,0.0,255.0,255.0,255.0,100.0,100.0,100.0,100.0,800.0,0.0,0.0,200.0,200.0,225.67583340707242,225.67583340707242,0.0,0.7853981633974483,282.842712474619,10200000.0,255.0,,,100.0,10200000.0,1.0,0.0,0.0,135.0,200.0,1.0,1.000000000106614,1.0,./content/Images1/
91,noise 3 21092.0.png,40000.0,0.0,0.0,0.0,0.0,0.0,100.0,100.0,100.0,100.0,800.0,0.0,0.0,200.0,200.0,225.67583340707242,225.67583340707242,0.0,0.7853981633974483,282.842712474619,0.0,0.0,,,0.0,0.0,1.0,0.0,0.0,135.0,200.0,1.0,1.000000000106614,1.0,./content/Images1/
92,noise 3 21093.0.png,40000.0,255.0,0.0,255.0,255.0,255.0,100.0,100.0,100.0,100.0,800.0,0.0,0.0,200.0,200.0,225.67583340707242,225.67583340707242,0.0,0.7853981633974483,282.842712474619,10200000.0,255.0,,,100.0,10200000.0,1.0,0.0,0.0,135.0,200.0,1.0,1.000000000106614,1.0,./content/Images1/
93,noise 3 21094.0.png,40000.0,255.0,0.0,255.0,255.0,255.0,100.0,100.0,100.0,100.0,800.0,0.0,0.0,200.0,200.0,225.67583340707242,225.67583340707242,0.0,0.7853981633974483,282.842712474619,10200000.0,255.0,,,100.0,10200000.0,1.0,0.0,0.0,135.0,200.0,1.0,1.000000000106614,1.0,./content/Images1/
94,noise 3 21095.0.png,40000.0,0.0,0.0,0.0,0.0,0.0,100.0,100.0,100.0,100.0,800.0,0.0,0.0,200.0,200.0,225.67583340707242,225.67583340707242,0.0,0.7853981633974483,282.842712474619,0.0,0.0,,,0.0,0.0,1.0,0.0,0.0,135.0,200.0,1.0,1.000000000106614,1.0,./content/Images1/
95,noise 3 21096.0.png,40000.0,255.0,0.0,255.0,255.0,255.0,100.0,100.0,100.0,100.0,800.0,0.0,0.0,200.0,200.0,225.67583340707242,225.67583340707242,0.0,0.7853981633974483,282.842712474619,10200000.0,255.0,,,100.0,10200000.0,1.0,0.0,0.0,135.0,200.0,1.0,1.000000000106614,1.0,./content/Images1/
96,noise 3 21097.0.png,40000.0,249.96375,35.48114159272103,255.0,0.0,255.0,100.0,100.0,99.94988523335884,100.18214741137464,800.0,0.0,0.0,200.0,200.0,225.67583340707242,225.67583340707242,0.0,0.7853981633974483,282.842712474619,9998550.0,255.0,-6.903119534953276,45.653059313854094,98.025,9998550.0,1.0,0.0,0.0,135.0,200.0,1.0,1.000000000106614,1.0,./content/Images1/
97,noise 3 21098.0.png,40000.0,26.641125,77.99929122094731,0.0,0.0,255.0,100.0,100.0,100.0240488155061,100.3676716917923,800.0,0.0,0.0,200.0,200.0,225.67583340707242,225.67583340707242,0.0,0.7853981633974483,282.842712474619,1065645.0,0.0,2.5861808275634703,4.688331272856873,10.4475,1065645.0,1.0,0.0,0.0,135.0,200.0,1.0,1.000000000106614,1.0,./content/Images1/
98,noise 3 21099.0.png,40000.0,11.526,52.97500809614916,0.0,0.0,255.0,100.0,100.0,99.19358407079646,99.50719026548673,800.0,0.0,0.0,200.0,200.0,225.67583340707242,225.67583340707242,0.0,0.7853981633974483,282.842712474619,461040.0,0.0,4.378496724028341,17.17123356232691,4.52,461040.0,1.0,0.0,0.0,135.0,200.0,1.0,1.000000000106614,1.0,./content/Images1/
99,noise 3 21100.0.png,40000.0,0.0,0.0,0.0,0.0,0.0,100.0,100.0,100.0,100.0,800.0,0.0,0.0,200.0,200.0,225.67583340707242,225.67583340707242,0.0,0.7853981633974483,282.842712474619,0.0,0.0,,,0.0,0.0,1.0,0.0,0.0,135.0,200.0,1.0,1.000000000106614,1.0,./content/Images1/
100,noise 3 21101.0.png,40000.0,53.824125,104.05953177214566,0.0,0.0,255.0,100.0,100.0,101.60280705910222,98.45901930593391,800.0,0.0,0.0,200.0,200.0,225.67583340707242,225.67583340707242,0.0,0.7853981633974483,282.842712474619,2152965.0,0.0,1.4160508837774193,0.005200105446811154,21.1075,2152965.0,1.0,0.0,0.0,135.0,200.0,1.0,1.000000000106614,1.0,./content/Images1/
101,noise 3 21102.0.png,40000.0,255.0,0.0,255.0,255.0,255.0,100.0,100.0,100.0,100.0,800.0,0.0,0.0,200.0,200.0,225.67583340707242,225.67583340707242,0.0,0.7853981633974483,282.842712474619,10200000.0,255.0,,,100.0,10200000.0,1.0,0.0,0.0,135.0,200.0,1.0,1.000000000106614,1.0,./content/Images1/
102,noise 3 21103.0.png,40000.0,255.0,0.0,255.0,255.0,255.0,100.0,100.0,100.0,100.0,800.0,0.0,0.0,200.0,200.0,225.67583340707242,225.67583340707242,0.0,0.7853981633974483,282.842712474619,10200000.0,255.0,,,100.0,10200000.0,1.0,0.0,0.0,135.0,200.0,1.0,1.000000000106614,1.0,./content/Images1/
103,noise 3 21104.0.png,40000.0,0.0,0.0,0.0,0.0,0.0,100.0,100.0,100.0,100.0,800.0,0.0,0.0,200.0,200.0,225.67583340707242,225.67583340707242,0.0,0.7853981633974483,282.842712474619,0.0,0.0,,,0.0,0.0,1.0,0.0,0.0,135.0,200.0,1.0,1.000000000106614,1.0,./content/Images1/
104,noise 3 21105.0.png,40000.0,52.18575,102.87992201540759,0.0,0.0,255.0,100.0,100.0,99.39958465673101,99.87124358661129,800.0,0.0,0.0,200.0,200.0,225.67583340707242,225.67583340707242,0.0,0.7853981633974483,282.842712474619,2087430.0,0.0,1.4641378020192846,0.14369950330186265,20.465,2087430.0,1.0,0.0,0.0,135.0,200.0,1.0,1.000000000106614,1.0,./content/Images1/
105,noise 3 21106.0.png,40000.0,23.466375,73.71153711683795,0.0,0.0,255.0,100.0,100.0,101.41225210540614,100.28565607171964,800.0,0.0,0.0,200.0,200.0,225.67583340707242,225.67583340707242,0.0,0.7853981633974483,282.842712474619,938655.0,0.0,2.8227582686220005,5.967964243073872,9.2025,938655.0,1.0,0.0,0.0,135.0,200.0,1.0,1.000000000106614,1.0,./content/Images1/
106,noise 3 21107.0.png,40000.0,52.69575,103.25134722101728,0.0,0.0,255.0,100.0,100.0,99.93939027340915,100.28599080571014,800.0,0.0,0.0,200.0,200.0,225.67583340707242,225.67583340707242,0.0,0.7853981633974483,282.842712474619,2107830.0,0.0,1.4489919421686863,0.09957764846978101,20.665,2107830.0,1.0,0.0,0.0,135.0,200.0,1.0,1.000000000106614,1.0,./content/Images1/
107,noise 3 21108.0.png,40000.0,255.0,0.0,255.0,255.0,255.0,100.0,100.0,100.0,100.0,800.0,0.0,0.0,200.0,200.0,225.67583340707242,225.67583340707242,0.0,0.7853981633974483,282.842712474619,10200000.0,255.0,,,100.0,10200000.0,1.0,0.0,0.0,135.0,200.0,1.0,1.000000000106614,1.0,./content/Images1/
108,noise 3 21109.0.png,40000.0,255.0,0.0,255.0,255.0,255.0,100.0,100.0,100.0,100.0,800.0,0.0,0.0,200.0,200.0,225.67583340707242,225.67583340707242,0.0,0.7853981633974483,282.842712474619,10200000.0,255.0,,,100.0,10200000.0,1.0,0.0,0.0,135.0,200.0,1.0,1.000000000106614,1.0,./content/Images1/
109,noise 3 21110.0.png,40000.0,197.937375,106.27844833654608,255.0,0.0,255.0,100.0,100.0,99.77830203871301,99.87147734226545,800.0,0.0,0.0,200.0,200.0,225.67583340707242,225.67583340707242,0.0,0.7853981633974483,282.842712474619,7917495.0,255.0,-1.3255416612904223,-0.24293930418343823,77.6225,7917495.0,1.0,0.0,0.0,135.0,200.0,1.0,1.000000000106614,1.0,./content/Images1/
110,noise 3 21111.0.png,40000.0,192.352875,109.77547936871485,255.0,0.0,255.0,100.0,100.0,99.5961124183873,99.29627481523217,800.0,0.0,0.0,200.0,200.0,225.67583340707242,225.67583340707242,0.0,0.7853981633974483,282.842712474619,7694115.0,255.0,-1.181569619173451,-0.6038932350463013,75.4325,7694115.0,1.0,0.0,0.0,135.0,200.0,1.0,1.000000000106614,1.0,./content/Images1/
111,noise 3 21112.0.png,40000.0,26.641125,77.99929122094731,0.0,0.0,255.0,100.0,100.0,100.33464943766451,100.87520938023451,800.0,0.0,0.0,200.0,200.0,225.67583340707242,225.67583340707242,0.0,0.7853981633974483,282.842712474619,1065645.0,0.0,2.5861808275634703,4.688331272856873,10.4475,1065645.0,1.0,0.0,0.0,135.0,200.0,1.0,1.000000000106614,1.0,./content/Images1/
112,noise 3 21113.0.png,40000.0,0.0,0.0,0.0,0.0,0.0,100.0,100.0,100.0,100.0,800.0,0.0,0.0,200.0,200.0,225.67583340707242,225.67583340707242,0.0,0.7853981633974483,282.842712474619,0.0,0.0,,,0.0,0.0,1.0,0.0,0.0,135.0,200.0,1.0,1.000000000106614,1.0,./content/Images1/
113,noise 3 21114.0.png,40000.0,255.0,0.0,255.0,255.0,255.0,100.0,100.0,100.0,100.0,800.0,0.0,0.0,200.0,200.0,225.67583340707242,225.67583340707242,0.0,0.7853981633974483,282.842712474619,10200000.0,255.0,,,100.0,10200000.0,1.0,0.0,0.0,135.0,200.0,1.0,1.000000000106614,1.0,./content/Images1/
114,noise 3 21115.0.png,40000.0,0.0,0.0,0.0,0.0,0.0,100.0,100.0,100.0,100.0,800.0,0.0,0.0,200.0,200.0,225.67583340707242,225.67583340707242,0.0,0.7853981633974483,282.842712474619,0.0,0.0,,,0.0,0.0,1.0,0.0,0.0,135.0,200.0,1.0,1.000000000106614,1.0,./content/Images1/
115,noise 3 21116.0.png,40000.0,182.892375,114.84016935929621,255.0,0.0,255.0,100.0,100.0,100.03703510056118,100.14240649726376,800.0,0.0,0.0,200.0,200.0,225.67583340707242,225.67583340707242,0.0,0.7853981633974483,282.842712474619,7315694.999999999,255.0,-0.9646984626844997,-1.069356876094162,71.7225,7315694.999999999,1.0,0.0,0.0,135.0,200.0,1.0,1.000000000106614,1.0,./content/Images1/
116,noise 3 21117.0.png,40000.0,0.0,0.0,0.0,0.0,0.0,100.0,100.0,100.0,100.0,800.0,0.0,0.0,200.0,200.0,225.67583340707242,225.67583340707242,0.0,0.7853981633974483,282.842712474619,0.0,0.0,,,0.0,0.0,1.0,0.0,0.0,135.0,200.0,1.0,1.000000000106614,1.0,./content/Images1/
117,noise 3 21118.0.png,40000.0,0.0,0.0,0.0,0.0,0.0,100.0,100.0,100.0,100.0,800.0,0.0,0.0,200.0,200.0,225.67583340707242,225.67583340707242,0.0,0.7853981633974483,282.842712474619,0.0,0.0,,,0.0,0.0,1.0,0.0,0.0,135.0,200.0,1.0,1.000000000106614,1.0,./content/Images1/
118,noise 3 21119.0.png,40000.0,0.0,0.0,0.0,0.0,0.0,100.0,100.0,100.0,100.0,800.0,0.0,0.0,200.0,200.0,225.67583340707242,225.67583340707242,0.0,0.7853981633974483,282.842712474619,0.0,0.0,,,0.0,0.0,1.0,0.0,0.0,135.0,200.0,1.0,1.000000000106614,1.0,./content/Images1/
119,noise 3 21120.0.png,40000.0,0.0,0.0,0.0,0.0,0.0,100.0,100.0,100.0,100.0,800.0,0.0,0.0,200.0,200.0,225.67583340707242,225.67583340707242,0.0,0.7853981633974483,282.842712474619,0.0,0.0,,,0.0,0.0,1.0,0.0,0.0,135.0,200.0,1.0,1.000000000106614,1.0,./content/Images1/
120,noise 3 21121.0.png,40000.0,118.32,127.17068022758917,0.0,0.0,255.0,100.0,100.0,100.19272629310345,99.63033405172413,800.0,0.0,0.0,200.0,200.0,225.67583340707242,225.67583340707242,0.0,0.7853981633974483,282.842712474619,4732800.0,0.0,0.14437470548592696,-1.979155944415853,46.4,4732800.0,1.0,0.0,0.0,135.0,200.0,1.0,1.000000000106614,1.0,./content/Images1/
121,noise 3 21122.0.png,40000.0,255.0,0.0,255.0,255.0,255.0,100.0,100.0,100.0,100.0,800.0,0.0,0.0,200.0,200.0,225.67583340707242,225.67583340707242,0.0,0.7853981633974483,282.842712474619,10200000.0,255.0,,,100.0,10200000.0,1.0,0.0,0.0,135.0,200.0,1.0,1.000000000106614,1.0,./content/Images1/
122,noise 3 21123.0.png,40000.0,38.964,91.74877192599773,0.0,0.0,255.0,100.0,100.0,100.06299083769633,99.37761780104712,800.0,0.0,0.0,200.0,200.0,225.67583340707242,225.67583340707242,0.0,0.7853981633974483,282.842712474619,1558560.0,0.0,1.9299900121205518,1.7248614468850878,15.28,1558560.0,1.0,0.0,0.0,135.0,200.0,1.0,1.000000000106614,1.0,./content/Images1/
123,noise 3 21124.0.png,40000.0,12.22725,54.48410153770097,0.0,0.0,255.0,100.0,100.0,98.71689259645464,101.85974973931178,800.0,0.0,0.0,200.0,200.0,225.67583340707242,225.67583340707242,0.0,0.7853981633974483,282.842712474619,489090.0,0.0,4.2314799247126125,15.905422353245854,4.795,489090.0,1.0,0.0,0.0,135.0,200.0,1.0,1.000000000106614,1.0,./content/Images1/
124,noise 3 21125.0.png,40000.0,255.0,0.0,255.0,255.0,255.0,100.0,100.0,100.0,100.0,800.0,0.0,0.0,200.0,200.0,225.67583340707242,225.67583340707242,0.0,0.7853981633974483,282.842712474619,10200000.0,255.0,,,100.0,10200000.0,1.0,0.0,0.0,135.0,200.0,1.0,1.000000000106614,1.0,./content/Images1/
125,noise 3 21126.0.png,40000.0,255.0,0.0,255.0,255.0,255.0,100.0,100.0,100.0,100.0,800.0,0.0,0.0,200.0,200.0,225.67583340707242,225.67583340707242,0.0,0.7853981633974483,282.842712474619,10200000.0,255.0,,,100.0,10200000.0,1.0,0.0,0.0,135.0,200.0,1.0,1.000000000106614,1.0,./content/Images1/
126,noise 3 21127.0.png,40000.0,255.0,0.0,255.0,255.0,255.0,100.0,100.0,100.0,100.0,800.0,0.0,0.0,200.0,200.0,225.67583340707242,225.67583340707242,0.0,0.7853981633974483,282.842712474619,10200000.0,255.0,,,100.0,10200000.0,1.0,0.0,0.0,135.0,200.0,1.0,1.000000000106614,1.0,./content/Images1/
127,noise 3 21128.0.png,40000.0,176.683125,117.63339728001681,255.0,0.0,255.0,100.0,100.0,100.0413314089843,99.47066570449215,800.0,0.0,0.0,200.0,200.0,225.67583340707242,225.67583340707242,0.0,0.7853981633974483,282.842712474619,7067325.0,255.0,-0.8362206811644151,-1.3007349723929233,69.2875,7067325.0,1.0,0.0,0.0,135.0,200.0,1.0,1.000000000106614,1.0,./content/Images1/
128,noise 3 21129.0.png,40000.0,0.0,0.0,0.0,0.0,0.0,100.0,100.0,100.0,100.0,800.0,0.0,0.0,200.0,200.0,225.67583340707242,225.67583340707242,0.0,0.7853981633974483,282.842712474619,0.0,0.0,,,0.0,0.0,1.0,0.0,0.0,135.0,200.0,1.0,1.000000000106614,1.0,./content/Images1/
129,noise 3 21130.0.png,40000.0,255.0,0.0,255.0,255.0,255.0,100.0,100.0,100.0,100.0,800.0,0.0,0.0,200.0,200.0,225.67583340707242,225.67583340707242,0.0,0.7853981633974483,282.842712474619,10200000.0,255.0,,,100.0,10200000.0,1.0,0.0,0.0,135.0,200.0,1.0,1.000000000106614,1.0,./content/Images1/
130,noise 3 21131.0.png,40000.0,0.0,0.0,0.0,0.0,0.0,100.0,100.0,100.0,100.0,800.0,0.0,0.0,200.0,200.0,225.67583340707242,225.67583340707242,0.0,0.7853981633974483,282.842712474619,0.0,0.0,,,0.0,0.0,1.0,0.0,0.0,135.0,200.0,1.0,1.000000000106614,1.0,./content/Images1/
131,noise 3 21132.0.png,40000.0,255.0,0.0,255.0,255.0,255.0,100.0,100.0,100.0,100.0,800.0,0.0,0.0,200.0,200.0,225.67583340707242,225.67583340707242,0.0,0.7853981633974483,282.842712474619,10200000.0,255.0,,,100.0,10200000.0,1.0,0.0,0.0,135.0,200.0,1.0,1.000000000106614,1.0,./content/Images1/
132,noise 3 21133.0.png,40000.0,33.309375,85.93346714830479,0.0,0.0,255.0,100.0,100.0,100.16736842105263,100.17598086124401,800.0,0.0,0.0,200.0,200.0,225.67583340707242,225.67583340707242,0.0,0.7853981633974483,282.842712474619,1332375.0,0.0,2.1922030038036704,2.8057540098858356,13.0625,1332375.0,1.0,0.0,0.0,135.0,200.0,1.0,1.000000000106614,1.0,./content/Images1/
133,noise 3 21134.0.png,40000.0,255.0,0.0,255.0,255.0,255.0,100.0,100.0,100.0,100.0,800.0,0.0,0.0,200.0,200.0,225.67583340707242,225.67583340707242,0.0,0.7853981633974483,282.842712474619,10200000.0,255.0,,,100.0,10200000.0,1.0,0.0,0.0,135.0,200.0,1.0,1.000000000106614,1.0,./content/Images1/
134,noise 3 21135.0.png,40000.0,0.0,0.0,0.0,0.0,0.0,100.0,100.0,100.0,100.0,800.0,0.0,0.0,200.0,200.0,225.67583340707242,225.67583340707242,0.0,0.7853981633974483,282.842712474619,0.0,0.0,,,0.0,0.0,1.0,0.0,0.0,135.0,200.0,1.0,1.000000000106614,1.0,./content/Images1/
135,noise 3 21136.0.png,40000.0,255.0,0.0,255.0,255.0,255.0,100.0,100.0,100.0,100.0,800.0,0.0,0.0,200.0,200.0,225.67583340707242,225.67583340707242,0.0,0.7853981633974483,282.842712474619,10200000.0,255.0,,,100.0,10200000.0,1.0,0.0,0.0,135.0,200.0,1.0,1.000000000106614,1.0,./content/Images1/
136,noise 3 21137.0.png,40000.0,16.045875,61.921917594510425,0.0,0.0,255.0,100.0,100.0,99.52661899086213,100.56555423122765,800.0,0.0,0.0,200.0,200.0,225.67583340707242,225.67583340707242,0.0,0.7853981633974483,282.842712474619,641835.0,0.0,3.5998729539527696,10.959085284600638,6.2925,641835.0,1.0,0.0,0.0,135.0,200.0,1.0,1.000000000106614,1.0,./content/Images1/
137,noise 3 21138.0.png,40000.0,0.0,0.0,0.0,0.0,0.0,100.0,100.0,100.0,100.0,800.0,0.0,0.0,200.0,200.0,225.67583340707242,225.67583340707242,0.0,0.7853981633974483,282.842712474619,0.0,0.0,,,0.0,0.0,1.0,0.0,0.0,135.0,200.0,1.0,1.000000000106614,1.0,./content/Images1/
138,noise 3 21139.0.png,40000.0,255.0,0.0,255.0,255.0,255.0,100.0,100.0,100.0,100.0,800.0,0.0,0.0,200.0,200.0,225.67583340707242,225.67583340707242,0.0,0.7853981633974483,282.842712474619,10200000.0,255.0,,,100.0,10200000.0,1.0,0.0,0.0,135.0,200.0,1.0,1.000000000106614,1.0,./content/Images1/
139,noise 3 21140.0.png,40000.0,255.0,0.0,255.0,255.0,255.0,100.0,100.0,100.0,100.0,800.0,0.0,0.0,200.0,200.0,225.67583340707242,225.67583340707242,0.0,0.7853981633974483,282.842712474619,10200000.0,255.0,,,100.0,10200000.0,1.0,0.0,0.0,135.0,200.0,1.0,1.000000000106614,1.0,./content/Images1/
140,noise 3 21141.0.png,40000.0,13.508625,57.11652985834269,0.0,0.0,255.0,100.0,100.0,102.30840018876829,103.79353468617272,800.0,0.0,0.0,200.0,200.0,225.67583340707242,225.67583340707242,0.0,0.7853981633974483,282.842712474619,540345.0,0.0,3.9915870309916768,13.932767025980954,5.2975,540345.0,1.0,0.0,0.0,135.0,200.0,1.0,1.000000000106614,1.0,./content/Images1/
141,noise 3 21142.0.png,40000.0,19.9155,68.42472073973124,0.0,0.0,255.0,100.0,100.0,102.33546734955186,101.09282970550576,800.0,0.0,0.0,200.0,200.0,225.67583340707242,225.67583340707242,0.0,0.7853981633974483,282.842712474619,796620.0000000001,0.0,3.1446484156126107,7.888813657814907,7.81,796620.0000000001,1.0,0.0,0.0,135.0,200.0,1.0,1.000000000106614,1.0,./content/Images1/
142,noise 3 21143.0.png,40000.0,222.430125,85.11581806601227,255.0,0.0,255.0,100.0,100.0,99.62610701900203,99.97367515978333,800.0,0.0,0.0,200.0,200.0,225.67583340707242,225.67583340707242,0.0,0.7853981633974483,282.842712474619,8897205.0,255.0,-2.230638530083508,2.97574825189311,87.2275,8897205.0,1.0,0.0,0.0,135.0,200.0,1.0,1.000000000106614,1.0,./content/Images1/
143,noise 3 21144.0.png,40000.0,255.0,0.0,255.0,255.0,255.0,100.0,100.0,100.0,100.0,800.0,0.0,0.0,200.0,200.0,225.67583340707242,225.67583340707242,0.0,0.7853981633974483,282.842712474619,10200000.0,255.0,,,100.0,10200000.0,1.0,0.0,0.0,135.0,200.0,1.0,1.000000000106614,1.0,./content/Images1/
144,noise 3 21145.0.png,40000.0,21.68775,71.13469092885579,0.0,0.0,255.0,100.0,100.0,99.78071722516167,95.16431510875955,800.0,0.0,0.0,200.0,200.0,225.67583340707242,225.67583340707242,0.0,0.7853981633974483,282.842712474619,867510.0,0.0,2.9750202410734574,6.850745434796778,8.505,867510.0,1.0,0.0,0.0,135.0,200.0,1.0,1.000000000106614,1.0,./content/Images1/
145,noise 3 21146.0.png,40000.0,255.0,0.0,255.0,255.0,255.0,100.0,100.0,100.0,100.0,800.0,0.0,0.0,200.0,200.0,225.67583340707242,225.67583340707242,0.0,0.7853981633974483,282.842712474619,10200000.0,255.0,,,100.0,10200000.0,1.0,0.0,0.0,135.0,200.0,1.0,1.000000000106614,1.0,./content/Images1/
146,noise 3 21147.0.png,40000.0,34.9095,87.65524169029993,0.0,0.0,255.0,100.0,100.0,100.28067932797663,100.3508035062089,800.0,0.0,0.0,200.0,200.0,225.67583340707242,225.67583340707242,0.0,0.7853981633974483,282.842712474619,1396380.0,0.0,2.1126325275581936,2.46321619649692,13.69,1396380.0,1.0,0.0,0.0,135.0,200.0,1.0,1.000000000106614,1.0,./content/Images1/
147,noise 3 21148.0.png,40000.0,212.332125,95.18396434095959,255.0,0.0,255.0,100.0,100.0,99.42818326477918,99.2336896147957,800.0,0.0,0.0,200.0,200.0,225.67583340707242,225.67583340707242,0.0,0.7853981633974483,282.842712474619,8493285.0,255.0,-1.782510026952933,1.1773419961877316,83.2675,8493285.0,1.0,0.0,0.0,135.0,200.0,1.0,1.000000000106614,1.0,./content/Images1/
148,noise 3 21149.0.png,40000.0,14.592375,59.23010992736233,0.0,0.0,255.0,100.0,100.0,99.10768894713848,101.25185670598515,800.0,0.0,0.0,200.0,200.0,225.67583340707242,225.67583340707242,0.0,0.7853981633974483,282.842712474619,583695.0,0.0,3.8125553543710575,12.53557833014342,5.7225,583695.0,1.0,0.0,0.0,135.0,200.0,1.0,1.000000000106614,1.0,./content/Images1/
149,noise 3 21150.0.png,40000.0,19.870875,68.35450431530376,0.0,0.0,255.0,100.0,100.0,100.17212062880975,100.07234520372153,800.0,0.0,0.0,200.0,200.0,225.67583340707242,225.67583340707242,0.0,0.7853981633974483,282.842712474619,794835.0000000001,0.0,3.1491844310014674,7.9173625804620364,7.7925,794835.0000000001,1.0,0.0,0.0,135.0,200.0,1.0,1.000000000106614,1.0,./content/Images1/
150,noise 3 21151.0.png,40000.0,0.0,0.0,0.0,0.0,0.0,100.0,100.0,100.0,100.0,800.0,0.0,0.0,200.0,200.0,225.67583340707242,225.67583340707242,0.0,0.7853981633974483,282.842712474619,0.0,0.0,,,0.0,0.0,1.0,0.0,0.0,135.0,200.0,1.0,1.000000000106614,1.0,./content/Images1/
151,noise 3 21152.0.png,40000.0,0.0,0.0,0.0,0.0,0.0,100.0,100.0,100.0,100.0,800.0,0.0,0.0,200.0,200.0,225.67583340707242,225.67583340707242,0.0,0.7853981633974483,282.842712474619,0.0,0.0,,,0.0,0.0,1.0,0.0,0.0,135.0,200.0,1.0,1.000000000106614,1.0,./content/Images1/
152,noise 3 21153.0.png,40000.0,17.8245,65.02030752587817,0.0,0.0,255.0,100.0,100.0,99.57868383404865,100.02288984263234,800.0,0.0,0.0,200.0,200.0,225.67583340707242,225.67583340707242,0.0,0.7853981633974483,282.842712474619,712980.0,0.0,3.373618955148872,9.38130485453977,6.99,712980.0,1.0,0.0,0.0,135.0,200.0,1.0,1.000000000106614,1.0,./content/Images1/
153,noise 3 21154.0.png,40000.0,0.0,0.0,0.0,0.0,0.0,100.0,100.0,100.0,100.0,800.0,0.0,0.0,200.0,200.0,225.67583340707242,225.67583340707242,0.0,0.7853981633974483,282.842712474619,0.0,0.0,,,0.0,0.0,1.0,0.0,0.0,135.0,200.0,1.0,1.000000000106614,1.0,./content/Images1/
154,noise 3 21155.0.png,40000.0,0.0,0.0,0.0,0.0,0.0,100.0,100.0,100.0,100.0,800.0,0.0,0.0,200.0,200.0,225.67583340707242,225.67583340707242,0.0,0.7853981633974483,282.842712474619,0.0,0.0,,,0.0,0.0,1.0,0.0,0.0,135.0,200.0,1.0,1.000000000106614,1.0,./content/Images1/
155,noise 3 21156.0.png,40000.0,42.961125,95.44451977532944,0.0,0.0,255.0,100.0,100.0,100.53828461196024,100.52300044516991,800.0,0.0,0.0,200.0,200.0,225.67583340707242,225.67583340707242,0.0,0.7853981633974483,282.842712474619,1718445.0,0.0,1.771498918005005,1.138208416492903,16.8475,1718445.0,1.0,0.0,0.0,135.0,200.0,1.0,1.000000000106614,1.0,./content/Images1/
156,noise 3 21157.0.png,40000.0,254.968125,2.850844114850754,255.0,0.0,255.0,100.0,100.0,100.01238904863108,99.99158644830604,800.0,0.0,0.0,200.0,200.0,225.67583340707242,225.67583340707242,0.0,0.7853981633974483,282.842712474619,10198725.0,255.0,-89.42594771664808,7995.000124999129,99.9875,10198725.0,1.0,0.0,0.0,135.0,200.0,1.0,1.000000000106614,1.0,./content/Images1/
157,noise 3 21158.0.png,40000.0,0.0,0.0,0.0,0.0,0.0,100.0,100.0,100.0,100.0,800.0,0.0,0.0,200.0,200.0,225.67583340707242,225.67583340707242,0.0,0.7853981633974483,282.842712474619,0.0,0.0,,,0.0,0.0,1.0,0.0,0.0,135.0,200.0,1.0,1.000000000106614,1.0,./content/Images1/
158,noise 3 21159.0.png,40000.0,255.0,0.0,255.0,255.0,255.0,100.0,100.0,100.0,100.0,800.0,0.0,0.0,200.0,200.0,225.67583340707242,225.67583340707242,0.0,0.7853981633974483,282.842712474619,10200000.0,255.0,,,100.0,10200000.0,1.0,0.0,0.0,135.0,200.0,1.0,1.000000000106614,1.0,./content/Images1/
159,noise 3 21160.0.png,40000.0,6.63,40.579973735288554,0.0,0.0,255.0,100.0,100.0,100.64615384615385,100.02884615384616,800.0,0.0,0.0,200.0,200.0,225.67583340707242,225.67583340707242,0.0,0.7853981633974483,282.842712474619,265200.0,0.0,5.9572000559585865,33.48823250671299,2.6,265200.0,1.0,0.0,0.0,135.0,200.0,1.0,1.000000000106614,1.0,./content/Images1/
160,noise 3 21161.0.png,40000.0,140.64525,126.82213725844541,255.0,0.0,255.0,100.0,100.0,100.10203064092104,99.75985858036442,800.0,0.0,0.0,200.0,200.0,225.67583340707242,225.67583340707242,0.0,0.7853981633974483,282.842712474619,5625810.0,255.0,-0.20730472775297049,-1.9570247498512656,55.155,5625810.0,1.0,0.0,0.0,135.0,200.0,1.0,1.000000000106614,1.0,./content/Images1/
161,noise 3 21162.0.png,40000.0,255.0,0.0,255.0,255.0,255.0,100.0,100.0,100.0,100.0,800.0,0.0,0.0,200.0,200.0,225.67583340707242,225.67583340707242,0.0,0.7853981633974483,282.842712474619,10200000.0,255.0,,,100.0,10200000.0,1.0,0.0,0.0,135.0,200.0,1.0,1.000000000106614,1.0,./content/Images1/
162,noise 3 21163.0.png,40000.0,35.9295,88.72029256042724,0.0,0.0,255.0,100.0,100.0,100.45369056068134,99.79222853087296,800.0,0.0,0.0,200.0,200.0,225.67583340707242,225.67583340707242,0.0,0.7853981633974483,282.842712474619,1437180.0,0.0,2.064277337461281,2.2612409259562343,14.09,1437180.0,1.0,0.0,0.0,135.0,200.0,1.0,1.000000000106614,1.0,./content/Images1/
163,noise 3 21164.0.png,40000.0,255.0,0.0,255.0,255.0,255.0,100.0,100.0,100.0,100.0,800.0,0.0,0.0,200.0,200.0,225.67583340707242,225.67583340707242,0.0,0.7853981633974483,282.842712474619,10200000.0,255.0,,,100.0,10200000.0,1.0,0.0,0.0,135.0,200.0,1.0,1.000000000106614,1.0,./content/Images1/
164,noise 3 21165.0.png,40000.0,202.7505,102.926561667421,255.0,0.0,255.0,100.0,100.0,99.53203999496918,100.17692743051188,800.0,0.0,0.0,200.0,200.0,225.67583340707242,225.67583340707242,0.0,0.7853981633974483,282.842712474619,8110019.999999999,255.0,-1.4622355868068635,0.13813291132441385,79.51,8110019.999999999,1.0,0.0,0.0,135.0,200.0,1.0,1.000000000106614,1.0,./content/Images1/
165,noise 3 21166.0.png,40000.0,0.0,0.0,0.0,0.0,0.0,100.0,100.0,100.0,100.0,800.0,0.0,0.0,200.0,200.0,225.67583340707242,225.67583340707242,0.0,0.7853981633974483,282.842712474619,0.0,0.0,,,0.0,0.0,1.0,0.0,0.0,135.0,200.0,1.0,1.000000000106614,1.0,./content/Images1/
166,noise 3 21167.0.png,40000.0,20.406375,69.1904991128736,0.0,0.0,255.0,100.0,100.0,100.83458294283037,100.47032177444548,800.0,0.0,0.0,200.0,200.0,225.67583340707242,225.67583340707242,0.0,0.7853981633974483,282.842712474619,816255.0,0.0,3.0956551858573604,7.583081029725568,8.0025,816255.0,1.0,0.0,0.0,135.0,200.0,1.0,1.000000000106614,1.0,./content/Images1/
167,noise 3 21168.0.png,40000.0,255.0,0.0,255.0,255.0,255.0,100.0,100.0,100.0,100.0,800.0,0.0,0.0,200.0,200.0,225.67583340707242,225.67583340707242,0.0,0.7853981633974483,282.842712474619,10200000.0,255.0,,,100.0,10200000.0,1.0,0.0,0.0,135.0,200.0,1.0,1.000000000106614,1.0,./content/Images1/
168,noise 3 21169.0.png,40000.0,28.87875,80.81003839248639,0.0,0.0,255.0,100.0,100.0,100.36401766004415,100.29028697571744,800.0,0.0,0.0,200.0,200.0,225.67583340707242,225.67583340707242,0.0,0.7853981633974483,282.842712474619,1155150.0,0.0,2.4408473192337854,3.9577356358107556,11.325,1155150.0,1.0,0.0,0.0,135.0,200.0,1.0,1.000000000106614,1.0,./content/Images1/
169,noise 3 21170.0.png,40000.0,255.0,0.0,255.0,255.0,255.0,100.0,100.0,100.0,100.0,800.0,0.0,0.0,200.0,200.0,225.67583340707242,225.67583340707242,0.0,0.7853981633974483,282.842712474619,10200000.0,255.0,,,100.0,10200000.0,1.0,0.0,0.0,135.0,200.0,1.0,1.000000000106614,1.0,./content/Images1/
170,noise 3 21171.0.png,40000.0,0.0,0.0,0.0,0.0,0.0,100.0,100.0,100.0,100.0,800.0,0.0,0.0,200.0,200.0,225.67583340707242,225.67583340707242,0.0,0.7853981633974483,282.842712474619,0.0,0.0,,,0.0,0.0,1.0,0.0,0.0,135.0,200.0,1.0,1.000000000106614,1.0,./content/Images1/
171,noise 3 21172.0.png,40000.0,255.0,0.0,255.0,255.0,255.0,100.0,100.0,100.0,100.0,800.0,0.0,0.0,200.0,200.0,225.67583340707242,225.67583340707242,0.0,0.7853981633974483,282.842712474619,10200000.0,255.0,,,100.0,10200000.0,1.0,0.0,0.0,135.0,200.0,1.0,1.000000000106614,1.0,./content/Images1/
172,noise 3 21173.0.png,40000.0,26.5455,77.87548102267884,0.0,0.0,255.0,100.0,100.0,100.09510086455332,99.75672430355428,800.0,0.0,0.0,200.0,200.0,225.67583340707242,225.67583340707242,0.0,0.7853981633974483,282.842712474619,1061820.0,0.0,2.5927483369383344,4.722343938696499,10.41,1061820.0,1.0,0.0,0.0,135.0,200.0,1.0,1.000000000106614,1.0,./content/Images1/
173,noise 3 21174.0.png,40000.0,255.0,0.0,255.0,255.0,255.0,100.0,100.0,100.0,100.0,800.0,0.0,0.0,200.0,200.0,225.67583340707242,225.67583340707242,0.0,0.7853981633974483,282.842712474619,10200000.0,255.0,,,100.0,10200000.0,1.0,0.0,0.0,135.0,200.0,1.0,1.000000000106614,1.0,./content/Images1/
174,noise 3 21175.0.png,40000.0,0.0,0.0,0.0,0.0,0.0,100.0,100.0,100.0,100.0,800.0,0.0,0.0,200.0,200.0,225.67583340707242,225.67583340707242,0.0,0.7853981633974483,282.842712474619,0.0,0.0,,,0.0,0.0,1.0,0.0,0.0,135.0,200.0,1.0,1.000000000106614,1.0,./content/Images1/
175,noise 3 21176.0.png,40000.0,83.914125,119.8202003941528,0.0,0.0,255.0,100.0,100.0,99.98507179214465,100.36401276304794,800.0,0.0,0.0,200.0,200.0,225.67583340707242,225.67583340707242,0.0,0.7853981633974483,282.842712474619,3356565.0,0.0,0.7275304112374054,-1.470699500724732,32.9075,3356565.0,1.0,0.0,0.0,135.0,200.0,1.0,1.000000000106614,1.0,./content/Images1/
176,noise 3 21177.0.png,40000.0,37.47225,90.28542527112506,0.0,0.0,255.0,100.0,100.0,99.41170466144948,99.3079278666213,800.0,0.0,0.0,200.0,200.0,225.67583340707242,225.67583340707242,0.0,0.7853981633974483,282.842712474619,1498890.0,0.0,1.9943169143329837,1.9772999547946357,14.695,1498890.0,1.0,0.0,0.0,135.0,200.0,1.0,1.000000000106614,1.0,./content/Images1/
177,noise 3 21178.0.png,40000.0,0.0,0.0,0.0,0.0,0.0,100.0,100.0,100.0,100.0,800.0,0.0,0.0,200.0,200.0,225.67583340707242,225.67583340707242,0.0,0.7853981633974483,282.842712474619,0.0,0.0,,,0.0,0.0,1.0,0.0,0.0,135.0,200.0,1.0,1.000000000106614,1.0,./content/Images1/
178,noise 3 21179.0.png,40000.0,0.0,0.0,0.0,0.0,0.0,100.0,100.0,100.0,100.0,800.0,0.0,0.0,200.0,200.0,225.67583340707242,225.67583340707242,0.0,0.7853981633974483,282.842712474619,0.0,0.0,,,0.0,0.0,1.0,0.0,0.0,135.0,200.0,1.0,1.000000000106614,1.0,./content/Images1/
179,noise 3 21180.0.png,40000.0,255.0,0.0,255.0,255.0,255.0,100.0,100.0,100.0,100.0,800.0,0.0,0.0,200.0,200.0,225.67583340707242,225.67583340707242,0.0,0.7853981633974483,282.842712474619,10200000.0,255.0,,,100.0,10200000.0,1.0,0.0,0.0,135.0,200.0,1.0,1.000000000106614,1.0,./content/Images1/
180,noise 3 21181.0.png,40000.0,254.643,9.534664322648892,255.0,0.0,255.0,100.0,100.0,99.9798467854997,100.01522130983376,800.0,0.0,0.0,200.0,200.0,225.67583340707242,225.67583340707242,0.0,0.7853981633974483,282.842712474619,10185720.0,255.0,-26.669966558817432,709.2871162484411,99.86,10185720.0,1.0,0.0,0.0,135.0,200.0,1.0,1.000000000106614,1.0,./content/Images1/
181,noise 3 21182.0.png,40000.0,0.0,0.0,0.0,0.0,0.0,100.0,100.0,100.0,100.0,800.0,0.0,0.0,200.0,200.0,225.67583340707242,225.67583340707242,0.0,0.7853981633974483,282.842712474619,0.0,0.0,,,0.0,0.0,1.0,0.0,0.0,135.0,200.0,1.0,1.000000000106614,1.0,./content/Images1/
182,noise 3 21183.0.png,40000.0,255.0,0.0,255.0,255.0,255.0,100.0,100.0,100.0,100.0,800.0,0.0,0.0,200.0,200.0,225.67583340707242,225.67583340707242,0.0,0.7853981633974483,282.842712474619,10200000.0,255.0,,,100.0,10200000.0,1.0,0.0,0.0,135.0,200.0,1.0,1.000000000106614,1.0,./content/Images1/
183,noise 3 21184.0.png,40000.0,0.0,0.0,0.0,0.0,0.0,100.0,100.0,100.0,100.0,800.0,0.0,0.0,200.0,200.0,225.67583340707242,225.67583340707242,0.0,0.7853981633974483,282.842712474619,0.0,0.0,,,0.0,0.0,1.0,0.0,0.0,135.0,200.0,1.0,1.000000000106614,1.0,./content/Images1/
184,noise 3 21185.0.png,40000.0,255.0,0.0,255.0,255.0,255.0,100.0,100.0,100.0,100.0,800.0,0.0,0.0,200.0,200.0,225.67583340707242,225.67583340707242,0.0,0.7853981633974483,282.842712474619,10200000.0,255.0,,,100.0,10200000.0,1.0,0.0,0.0,135.0,200.0,1.0,1.000000000106614,1.0,./content/Images1/
185,noise 3 21186.0.png,40000.0,103.230375,125.17039183862212,0.0,0.0,255.0,100.0,100.0,100.72997591551905,99.63030321743963,800.0,0.0,0.0,200.0,200.0,225.67583340707242,225.67583340707242,0.0,0.7853981633974483,282.842712474619,4129215.0,0.0,0.3877902436750571,-1.8496187269104398,40.4825,4129215.0,1.0,0.0,0.0,135.0,200.0,1.0,1.000000000106614,1.0,./content/Images1/
186,noise 3 21187.0.png,40000.0,255.0,0.0,255.0,255.0,255.0,100.0,100.0,100.0,100.0,800.0,0.0,0.0,200.0,200.0,225.67583340707242,225.67583340707242,0.0,0.7853981633974483,282.842712474619,10200000.0,255.0,,,100.0,10200000.0,1.0,0.0,0.0,135.0,200.0,1.0,1.000000000106614,1.0,./content/Images1/
187,noise 3 21188.0.png,40000.0,255.0,0.0,255.0,255.0,255.0,100.0,100.0,100.0,100.0,800.0,0.0,0.0,200.0,200.0,225.67583340707242,225.67583340707242,0.0,0.7853981633974483,282.842712474619,10200000.0,255.0,,,100.0,10200000.0,1.0,0.0,0.0,135.0,200.0,1.0,1.000000000106614,1.0,./content/Images1/
188,noise 3 21189.0.png,40000.0,0.0,0.0,0.0,0.0,0.0,100.0,100.0,100.0,100.0,800.0,0.0,0.0,200.0,200.0,225.67583340707242,225.67583340707242,0.0,0.7853981633974483,282.842712474619,0.0,0.0,,,0.0,0.0,1.0,0.0,0.0,135.0,200.0,1.0,1.000000000106614,1.0,./content/Images1/
189,noise 3 21190.0.png,40000.0,72.859875,115.19999355879875,0.0,0.0,255.0,100.0,100.0,100.21686061772684,100.24512205792283,800.0,0.0,0.0,200.0,200.0,225.67583340707242,225.67583340707242,0.0,0.7853981633974483,282.842712474619,2914395.0,0.0,0.9486251921790263,-1.1001102447633044,28.5725,2914395.0,1.0,0.0,0.0,135.0,200.0,1.0,1.000000000106614,1.0,./content/Images1/
190,noise 3 21191.0.png,40000.0,0.0,0.0,0.0,0.0,0.0,100.0,100.0,100.0,100.0,800.0,0.0,0.0,200.0,200.0,225.67583340707242,225.67583340707242,0.0,0.7853981633974483,282.842712474619,0.0,0.0,,,0.0,0.0,1.0,0.0,0.0,135.0,200.0,1.0,1.000000000106614,1.0,./content/Images1/
191,noise 3 21192.0.png,40000.0,0.0,0.0,0.0,0.0,0.0,100.0,100.0,100.0,100.0,800.0,0.0,0.0,200.0,200.0,225.67583340707242,225.67583340707242,0.0,0.7853981633974483,282.842712474619,0.0,0.0,,,0.0,0.0,1.0,0.0,0.0,135.0,200.0,1.0,1.000000000106614,1.0,./content/Images1/
192,noise 3 21193.0.png,40000.0,0.0,0.0,0.0,0.0,0.0,100.0,100.0,100.0,100.0,800.0,0.0,0.0,200.0,200.0,225.67583340707242,225.67583340707242,0.0,0.7853981633974483,282.842712474619,0.0,0.0,,,0.0,0.0,1.0,0.0,0.0,135.0,200.0,1.0,1.000000000106614,1.0,./content/Images1/
193,noise 3 21194.0.png,40000.0,255.0,0.0,255.0,255.0,255.0,100.0,100.0,100.0,100.0,800.0,0.0,0.0,200.0,200.0,225.67583340707242,225.67583340707242,0.0,0.7853981633974483,282.842712474619,10200000.0,255.0,,,100.0,10200000.0,1.0,0.0,0.0,135.0,200.0,1.0,1.000000000106614,1.0,./content/Images1/
194,noise 3 21195.0.png,40000.0,23.083875,73.16868648131802,0.0,0.0,255.0,100.0,100.0,101.63256006628004,103.1393261529964,800.0,0.0,0.0,200.0,200.0,225.67583340707242,225.67583340707242,0.0,0.7853981633974483,282.842712474619,923355.0,0.0,2.854156203902777,6.146207636276708,9.0525,923355.0,1.0,0.0,0.0,135.0,200.0,1.0,1.000000000106614,1.0,./content/Images1/
195,noise 3 21196.0.png,40000.0,255.0,0.0,255.0,255.0,255.0,100.0,100.0,100.0,100.0,800.0,0.0,0.0,200.0,200.0,225.67583340707242,225.67583340707242,0.0,0.7853981633974483,282.842712474619,10200000.0,255.0,,,100.0,10200000.0,1.0,0.0,0.0,135.0,200.0,1.0,1.000000000106614,1.0,./content/Images1/
196,noise 3 21197.0.png,40000.0,43.968375,96.32730453303124,0.0,0.0,255.0,100.0,100.0,100.1198347107438,100.2961432506887,800.0,0.0,0.0,200.0,200.0,225.67583340707242,225.67583340707242,0.0,0.7853981633974483,282.842712474619,1758735.0,0.0,1.7343508067589863,1.0079727209055465,17.2425,1758735.0,1.0,0.0,0.0,135.0,200.0,1.0,1.000000000106614,1.0,./content/Images1/
197,noise 3 21198.0.png,40000.0,0.0,0.0,0.0,0.0,0.0,100.0,100.0,100.0,100.0,800.0,0.0,0.0,200.0,200.0,225.67583340707242,225.67583340707242,0.0,0.7853981633974483,282.842712474619,0.0,0.0,,,0.0,0.0,1.0,0.0,0.0,135.0,200.0,1.0,1.000000000106614,1.0,./content/Images1/
198,noise 3 21199.0.png,40000.0,150.137625,125.47582053486579,255.0,0.0,255.0,100.0,100.0,100.22880132478451,99.66275317396288,800.0,0.0,0.0,200.0,200.0,225.67583340707242,225.67583340707242,0.0,0.7853981633974483,282.842712474619,6005505.000000001,255.0,-0.36083299362569876,-1.869799550711117,58.8775,6005505.000000001,1.0,0.0,0.0,135.0,200.0,1.0,1.000000000106614,1.0,./content/Images1/
199,noise 3 21200.0.png,40000.0,78.0045,117.50230061371666,0.0,0.0,255.0,100.0,100.0,99.46028113762668,100.37839163125204,800.0,0.0,0.0,200.0,200.0,225.67583340707242,225.67583340707242,0.0,0.7853981633974483,282.842712474619,3120179.9999999995,0.0,0.8424706315847714,-1.2902432349171564,30.59,3120179.9999999995,1.0,0.0,0.0,135.0,200.0,1.0,1.000000000106614,1.0,./content/Images1/
200,noise 3 21201.0.png,40000.0,0.0,0.0,0.0,0.0,0.0,100.0,100.0,100.0,100.0,800.0,0.0,0.0,200.0,200.0,225.67583340707242,225.67583340707242,0.0,0.7853981633974483,282.842712474619,0.0,0.0,,,0.0,0.0,1.0,0.0,0.0,135.0,200.0,1.0,1.000000000106614,1.0,./content/Images1/
201,noise 3 21202.0.png,40000.0,255.0,0.0,255.0,255.0,255.0,100.0,100.0,100.0,100.0,800.0,0.0,0.0,200.0,200.0,225.67583340707242,225.67583340707242,0.0,0.7853981633974483,282.842712474619,10200000.0,255.0,,,100.0,10200000.0,1.0,0.0,0.0,135.0,200.0,1.0,1.000000000106614,1.0,./content/Images1/
202,noise 3 21203.0.png,40000.0,54.3915,104.45893939486696,0.0,0.0,255.0,100.0,100.0,99.87236286919831,99.94127988748242,800.0,0.0,0.0,200.0,200.0,225.67583340707242,225.67583340707242,0.0,0.7853981633974483,282.842712474619,2175660.0,0.0,1.3997732371572928,-0.04063488453819497,21.33,2175660.0,1.0,0.0,0.0,135.0,200.0,1.0,1.000000000106614,1.0,./content/Images1/
203,noise 3 21204.0.png,40000.0,0.0,0.0,0.0,0.0,0.0,100.0,100.0,100.0,100.0,800.0,0.0,0.0,200.0,200.0,225.67583340707242,225.67583340707242,0.0,0.7853981633974483,282.842712474619,0.0,0.0,,,0.0,0.0,1.0,0.0,0.0,135.0,200.0,1.0,1.000000000106614,1.0,./content/Images1/
204,noise 3 21205.0.png,40000.0,0.0,0.0,0.0,0.0,0.0,100.0,100.0,100.0,100.0,800.0,0.0,0.0,200.0,200.0,225.67583340707242,225.67583340707242,0.0,0.7853981633974483,282.842712474619,0.0,0.0,,,0.0,0.0,1.0,0.0,0.0,135.0,200.0,1.0,1.000000000106614,1.0,./content/Images1/
205,noise 3 21206.0.png,40000.0,228.601125,77.68502685729935,255.0,0.0,255.0,100.0,100.0,101.12703923701163,99.33666583005662,800.0,0.0,0.0,200.0,200.0,225.67583340707242,225.67583340707242,0.0,0.7853981633974483,282.842712474619,9144045.0,255.0,-2.6028796765038105,4.774982610356537,89.6475,9144045.0,1.0,0.0,0.0,135.0,200.0,1.0,1.000000000106614,1.0,./content/Images1/
206,noise 3 21207.0.png,40000.0,255.0,0.0,255.0,255.0,255.0,100.0,100.0,100.0,100.0,800.0,0.0,0.0,200.0,200.0,225.67583340707242,225.67583340707242,0.0,0.7853981633974483,282.842712474619,10200000.0,255.0,,,100.0,10200000.0,1.0,0.0,0.0,135.0,200.0,1.0,1.000000000106614,1.0,./content/Images1/
207,noise 3 21208.0.png,40000.0,255.0,0.0,255.0,255.0,255.0,100.0,100.0,100.0,100.0,800.0,0.0,0.0,200.0,200.0,225.67583340707242,225.67583340707242,0.0,0.7853981633974483,282.842712474619,10200000.0,255.0,,,100.0,10200000.0,1.0,0.0,0.0,135.0,200.0,1.0,1.000000000106614,1.0,./content/Images1/
208,noise 3 21209.0.png,40000.0,255.0,0.0,255.0,255.0,255.0,100.0,100.0,100.0,100.0,800.0,0.0,0.0,200.0,200.0,225.67583340707242,225.67583340707242,0.0,0.7853981633974483,282.842712474619,10200000.0,255.0,,,100.0,10200000.0,1.0,0.0,0.0,135.0,200.0,1.0,1.000000000106614,1.0,./content/Images1/
209,noise 3 21210.0.png,40000.0,161.255625,122.95196505343921,255.0,0.0,255.0,100.0,100.0,100.38800158134019,99.52534097647757,800.0,0.0,0.0,200.0,200.0,225.67583340707242,225.67583340707242,0.0,0.7853981633974483,282.842712474619,6450225.0,255.0,-0.5490932485471468,-1.6984966043999372,63.2375,6450225.0,1.0,0.0,0.0,135.0,200.0,1.0,1.000000000106614,1.0,./content/Images1/
210,noise 3 21211.0.png,40000.0,255.0,0.0,255.0,255.0,255.0,100.0,100.0,100.0,100.0,800.0,0.0,0.0,200.0,200.0,225.67583340707242,225.67583340707242,0.0,0.7853981633974483,282.842712474619,10200000.0,255.0,,,100.0,10200000.0,1.0,0.0,0.0,135.0,200.0,1.0,1.000000000106614,1.0,./content/Images1/
211,noise 3 21212.0.png,40000.0,255.0,0.0,255.0,255.0,255.0,100.0,100.0,100.0,100.0,800.0,0.0,0.0,200.0,200.0,225.67583340707242,225.67583340707242,0.0,0.7853981633974483,282.842712474619,10200000.0,255.0,,,100.0,10200000.0,1.0,0.0,0.0,135.0,200.0,1.0,1.000000000106614,1.0,./content/Images1/
212,noise 3 21213.0.png,40000.0,79.668375,118.18940252083128,0.0,0.0,255.0,100.0,100.0,100.11814835560534,99.2565815795791,800.0,0.0,0.0,200.0,200.0,225.67583340707242,225.67583340707242,0.0,0.7853981633974483,282.842712474619,3186735.0,0.0,0.8094164432059411,-1.3448450214678436,31.2425,3186735.0,1.0,0.0,0.0,135.0,200.0,1.0,1.000000000106614,1.0,./content/Images1/
213,noise 3 21214.0.png,40000.0,255.0,0.0,255.0,255.0,255.0,100.0,100.0,100.0,100.0,800.0,0.0,0.0,200.0,200.0,225.67583340707242,225.67583340707242,0.0,0.7853981633974483,282.842712474619,10200000.0,255.0,,,100.0,10200000.0,1.0,0.0,0.0,135.0,200.0,1.0,1.000000000106614,1.0,./content/Images1/
214,noise 3 21215.0.png,40000.0,26.143875,77.35202329850256,0.0,0.0,255.0,100.0,100.0,96.1188734455011,94.5536454523287,800.0,0.0,0.0,200.0,200.0,225.67583340707242,225.67583340707242,0.0,0.7853981633974483,282.842712474619,1045755.0,0.0,2.620678494321441,4.867955770598892,10.2525,1045755.0,1.0,0.0,0.0,135.0,200.0,1.0,1.000000000106614,1.0,./content/Images1/
215,noise 3 21216.0.png,40000.0,25.774125,76.86510301551618,0.0,0.0,255.0,100.0,100.0,100.51459312391788,100.58904279000743,800.0,0.0,0.0,200.0,200.0,225.67583340707242,225.67583340707242,0.0,0.7853981633974483,282.842712474619,1030965.0000000001,0.0,2.6469006768063554,5.006083192877943,10.1075,1030965.0000000001,1.0,0.0,0.0,135.0,200.0,1.0,1.000000000106614,1.0,./content/Images1/
216,noise 3 21217.0.png,40000.0,255.0,0.0,255.0,255.0,255.0,100.0,100.0,100.0,100.0,800.0,0.0,0.0,200.0,200.0,225.67583340707242,225.67583340707242,0.0,0.7853981633974483,282.842712474619,10200000.0,255.0,,,100.0,10200000.0,1.0,0.0,0.0,135.0,200.0,1.0,1.000000000106614,1.0,./content/Images1/
217,noise 3 21218.0.png,40000.0,0.0,0.0,0.0,0.0,0.0,100.0,100.0,100.0,100.0,800.0,0.0,0.0,200.0,200.0,225.67583340707242,225.67583340707242,0.0,0.7853981633974483,282.842712474619,0.0,0.0,,,0.0,0.0,1.0,0.0,0.0,135.0,200.0,1.0,1.000000000106614,1.0,./content/Images1/
218,noise 3 21219.0.png,40000.0,20.610375,69.50524326862269,0.0,0.0,255.0,100.0,100.0,101.61042375502629,99.5736158366842,800.0,0.0,0.0,200.0,200.0,225.67583340707242,225.67583340707242,0.0,0.7853981633974483,282.842712474619,824415.0,0.0,3.0757668376831626,7.46034163979148,8.0825,824415.0,1.0,0.0,0.0,135.0,200.0,1.0,1.000000000106614,1.0,./content/Images1/
219,noise 3 21220.0.png,40000.0,255.0,0.0,255.0,255.0,255.0,100.0,100.0,100.0,100.0,800.0,0.0,0.0,200.0,200.0,225.67583340707242,225.67583340707242,0.0,0.7853981633974483,282.842712474619,10200000.0,255.0,,,100.0,10200000.0,1.0,0.0,0.0,135.0,200.0,1.0,1.000000000106614,1.0,./content/Images1/
220,noise 3 21221.0.png,40000.0,9.964125,49.4128437626554,0.0,0.0,255.0,100.0,100.0,103.73928342930262,98.78982725527831,800.0,0.0,0.0,200.0,200.0,225.67583340707242,225.67583340707242,0.0,0.7853981633974483,282.842712474619,398564.99999999994,0.0,4.757360041472311,20.632474564197423,3.9075,398564.99999999994,1.0,0.0,0.0,135.0,200.0,1.0,1.000000000106614,1.0,./content/Images1/
221,noise 3 21222.0.png,40000.0,192.391125,109.75287257543803,255.0,0.0,255.0,100.0,100.0,99.99938699095398,99.91545445508466,800.0,0.0,0.0,200.0,200.0,225.67583340707242,225.67583340707242,0.0,0.7853981633974483,282.842712474619,7695644.999999999,255.0,-1.182510026963867,-0.6016700361299097,75.4475,7695644.999999999,1.0,0.0,0.0,135.0,200.0,1.0,1.000000000106614,1.0,./content/Images1/
222,noise 3 21223.0.png,40000.0,240.65625,58.75371806041,255.0,0.0,255.0,100.0,100.0,99.5281059602649,100.23703311258278,800.0,0.0,0.0,200.0,200.0,225.67583340707242,225.67583340707242,0.0,0.7853981633974483,282.842712474619,9626250.0,255.0,-3.8519320381834876,12.83738042678432,94.375,9626250.0,1.0,0.0,0.0,135.0,200.0,1.0,1.000000000106614,1.0,./content/Images1/
223,noise 3 21224.0.png,40000.0,0.0,0.0,0.0,0.0,0.0,100.0,100.0,100.0,100.0,800.0,0.0,0.0,200.0,200.0,225.67583340707242,225.67583340707242,0.0,0.7853981633974483,282.842712474619,0.0,0.0,,,0.0,0.0,1.0,0.0,0.0,135.0,200.0,1.0,1.000000000106614,1.0,./content/Images1/
224,noise 3 21225.0.png,40000.0,0.0,0.0,0.0,0.0,0.0,100.0,100.0,100.0,100.0,800.0,0.0,0.0,200.0,200.0,225.67583340707242,225.67583340707242,0.0,0.7853981633974483,282.842712474619,0.0,0.0,,,0.0,0.0,1.0,0.0,0.0,135.0,200.0,1.0,1.000000000106614,1.0,./content/Images1/
225,noise 3 21226.0.png,40000.0,6.113625,39.00815306137304,0.0,0.0,255.0,100.0,100.0,95.93169968717415,100.46663190823774,800.0,0.0,0.0,200.0,200.0,225.67583340707242,225.67583340707242,0.0,0.7853981633974483,282.842712474619,244545.0,0.0,6.2237190346927616,36.734678622796984,2.3975,244545.0,1.0,0.0,0.0,135.0,200.0,1.0,1.000000000106614,1.0,./content/Images1/
226,noise 3 21227.0.png,40000.0,0.0,0.0,0.0,0.0,0.0,100.0,100.0,100.0,100.0,800.0,0.0,0.0,200.0,200.0,225.67583340707242,225.67583340707242,0.0,0.7853981633974483,282.842712474619,0.0,0.0,,,0.0,0.0,1.0,0.0,0.0,135.0,200.0,1.0,1.000000000106614,1.0,./content/Images1/
227,noise 3 21228.0.png,40000.0,0.0,0.0,0.0,0.0,0.0,100.0,100.0,100.0,100.0,800.0,0.0,0.0,200.0,200.0,225.67583340707242,225.67583340707242,0.0,0.7853981633974483,282.842712474619,0.0,0.0,,,0.0,0.0,1.0,0.0,0.0,135.0,200.0,1.0,1.000000000106614,1.0,./content/Images1/
228,noise 3 21229.0.png,40000.0,255.0,0.0,255.0,255.0,255.0,100.0,100.0,100.0,100.0,800.0,0.0,0.0,200.0,200.0,225.67583340707242,225.67583340707242,0.0,0.7853981633974483,282.842712474619,10200000.0,255.0,,,100.0,10200000.0,1.0,0.0,0.0,135.0,200.0,1.0,1.000000000106614,1.0,./content/Images1/
229,noise 3 21230.0.png,40000.0,255.0,0.0,255.0,255.0,255.0,100.0,100.0,100.0,100.0,800.0,0.0,0.0,200.0,200.0,225.67583340707242,225.67583340707242,0.0,0.7853981633974483,282.842712474619,10200000.0,255.0,,,100.0,10200000.0,1.0,0.0,0.0,135.0,200.0,1.0,1.000000000106614,1.0,./content/Images1/
230,noise 3 21231.0.png,40000.0,254.9235,4.416122202043619,255.0,0.0,255.0,100.0,100.0,99.99969990997299,100.0225067520256,800.0,0.0,0.0,200.0,200.0,225.67583340707242,225.67583340707242,0.0,0.7853981633974483,282.842712474619,10196940.0,255.0,-57.70904290855077,3328.3336334162127,99.97,10196940.0,1.0,0.0,0.0,135.0,200.0,1.0,1.000000000106614,1.0,./content/Images1/
231,noise 3 21232.0.png,40000.0,90.8055,122.10706950525255,0.0,0.0,255.0,100.0,100.0,100.02997753440044,100.31465880370682,800.0,0.0,0.0,200.0,200.0,225.67583340707242,225.67583340707242,0.0,0.7853981633974483,282.842712474619,3632220.0,0.0,0.6010292252287978,-1.6387638704208707,35.61,3632220.0,1.0,0.0,0.0,135.0,200.0,1.0,1.000000000106614,1.0,./content/Images1/
232,noise 3 21233.0.png,40000.0,255.0,0.0,255.0,255.0,255.0,100.0,100.0,100.0,100.0,800.0,0.0,0.0,200.0,200.0,225.67583340707242,225.67583340707242,0.0,0.7853981633974483,282.842712474619,10200000.0,255.0,,,100.0,10200000.0,1.0,0.0,0.0,135.0,200.0,1.0,1.000000000106614,1.0,./content/Images1/
233,noise 3 21234.0.png,40000.0,255.0,0.0,255.0,255.0,255.0,100.0,100.0,100.0,100.0,800.0,0.0,0.0,200.0,200.0,225.67583340707242,225.67583340707242,0.0,0.7853981633974483,282.842712474619,10200000.0,255.0,,,100.0,10200000.0,1.0,0.0,0.0,135.0,200.0,1.0,1.000000000106614,1.0,./content/Images1/
234,noise 3 21235.0.png,40000.0,255.0,0.0,255.0,255.0,255.0,100.0,100.0,100.0,100.0,800.0,0.0,0.0,200.0,200.0,225.67583340707242,225.67583340707242,0.0,0.7853981633974483,282.842712474619,10200000.0,255.0,,,100.0,10200000.0,1.0,0.0,0.0,135.0,200.0,1.0,1.000000000106614,1.0,./content/Images1/
235,noise 3 21236.0.png,40000.0,255.0,0.0,255.0,255.0,255.0,100.0,100.0,100.0,100.0,800.0,0.0,0.0,200.0,200.0,225.67583340707242,225.67583340707242,0.0,0.7853981633974483,282.842712474619,10200000.0,255.0,,,100.0,10200000.0,1.0,0.0,0.0,135.0,200.0,1.0,1.000000000106614,1.0,./content/Images1/
236,noise 3 21237.0.png,40000.0,140.383875,126.84895754965888,255.0,0.0,255.0,100.0,100.0,100.1249943236002,99.95315834884883,800.0,0.0,0.0,200.0,200.0,225.67583340707242,225.67583340707242,0.0,0.7853981633974483,282.842712474619,5615355.0,255.0,-0.20313980186101832,-1.9587342208998635,55.0525,5615355.0,1.0,0.0,0.0,135.0,200.0,1.0,1.000000000106614,1.0,./content/Images1/
237,noise 3 21238.0.png,40000.0,0.0,0.0,0.0,0.0,0.0,100.0,100.0,100.0,100.0,800.0,0.0,0.0,200.0,200.0,225.67583340707242,225.67583340707242,0.0,0.7853981633974483,282.842712474619,0.0,0.0,,,0.0,0.0,1.0,0.0,0.0,135.0,200.0,1.0,1.000000000106614,1.0,./content/Images1/
238,noise 3 21239.0.png,40000.0,255.0,0.0,255.0,255.0,255.0,100.0,100.0,100.0,100.0,800.0,0.0,0.0,200.0,200.0,225.67583340707242,225.67583340707242,0.0,0.7853981633974483,282.842712474619,10200000.0,255.0,,,100.0,10200000.0,1.0,0.0,0.0,135.0,200.0,1.0,1.000000000106614,1.0,./content/Images1/
239,noise 3 21240.0.png,40000.0,255.0,0.0,255.0,255.0,255.0,100.0,100.0,100.0,100.0,800.0,0.0,0.0,200.0,200.0,225.67583340707242,225.67583340707242,0.0,0.7853981633974483,282.842712474619,10200000.0,255.0,,,100.0,10200000.0,1.0,0.0,0.0,135.0,200.0,1.0,1.000000000106614,1.0,./content/Images1/
240,noise 3 21241.0.png,40000.0,0.0,0.0,0.0,0.0,0.0,100.0,100.0,100.0,100.0,800.0,0.0,0.0,200.0,200.0,225.67583340707242,225.67583340707242,0.0,0.7853981633974483,282.842712474619,0.0,0.0,,,0.0,0.0,1.0,0.0,0.0,135.0,200.0,1.0,1.000000000106614,1.0,./content/Images1/
241,noise 3 21242.0.png,40000.0,50.713125,101.7854844015356,0.0,0.0,255.0,100.0,100.0,100.17190446260214,100.66907605279698,800.0,0.0,0.0,200.0,200.0,225.67583340707242,225.67583340707242,0.0,0.7853981633974483,282.842712474619,2028525.0,0.0,1.508817004810095,0.27652875400410615,19.8875,2028525.0,1.0,0.0,0.0,135.0,200.0,1.0,1.000000000106614,1.0,./content/Images1/
242,noise 3 21243.0.png,40000.0,12.60975,55.28613631697572,0.0,0.0,255.0,100.0,100.0,100.32962588473205,99.58442871587462,800.0,0.0,0.0,200.0,200.0,225.67583340707242,225.67583340707242,0.0,0.7853981633974483,282.842712474619,504390.0,0.0,4.156256660669386,15.274469429358629,4.945,504390.0,1.0,0.0,0.0,135.0,200.0,1.0,1.000000000106614,1.0,./content/Images1/
243,noise 3 21244.0.png,40000.0,0.0,0.0,0.0,0.0,0.0,100.0,100.0,100.0,100.0,800.0,0.0,0.0,200.0,200.0,225.67583340707242,225.67583340707242,0.0,0.7853981633974483,282.842712474619,0.0,0.0,,,0.0,0.0,1.0,0.0,0.0,135.0,200.0,1.0,1.000000000106614,1.0,./content/Images1/
244,noise 3 21245.0.png,40000.0,0.0,0.0,0.0,0.0,0.0,100.0,100.0,100.0,100.0,800.0,0.0,0.0,200.0,200.0,225.67583340707242,225.67583340707242,0.0,0.7853981633974483,282.842712474619,0.0,0.0,,,0.0,0.0,1.0,0.0,0.0,135.0,200.0,1.0,1.000000000106614,1.0,./content/Images1/
245,noise 3 21246.0.png,40000.0,255.0,0.0,255.0,255.0,255.0,100.0,100.0,100.0,100.0,800.0,0.0,0.0,200.0,200.0,225.67583340707242,225.67583340707242,0.0,0.7853981633974483,282.842712474619,10200000.0,255.0,,,100.0,10200000.0,1.0,0.0,0.0,135.0,200.0,1.0,1.000000000106614,1.0,./content/Images1/
246,noise 3 21247.0.png,40000.0,24.13575,74.6473115890029,0.0,0.0,255.0,100.0,100.0,100.05097728473322,100.21685155837295,800.0,0.0,0.0,200.0,200.0,225.67583340707242,225.67583340707242,0.0,0.7853981633974483,282.842712474619,965430.0000000001,0.0,2.769437770149498,5.6697855627306275,9.465,965430.0000000001,1.0,0.0,0.0,135.0,200.0,1.0,1.000000000106614,1.0,./content/Images1/
247,noise 3 21248.0.png,40000.0,255.0,0.0,255.0,255.0,255.0,100.0,100.0,100.0,100.0,800.0,0.0,0.0,200.0,200.0,225.67583340707242,225.67583340707242,0.0,0.7853981633974483,282.842712474619,10200000.0,255.0,,,100.0,10200000.0,1.0,0.0,0.0,135.0,200.0,1.0,1.000000000106614,1.0,./content/Images1/
248,noise 3 21249.0.png,40000.0,48.214125,99.85113560554241,0.0,0.0,255.0,100.0,100.0,100.15410551368504,100.04978183260612,800.0,0.0,0.0,200.0,200.0,225.67583340707242,225.67583340707242,0.0,0.7853981633974483,282.842712474619,1928565.0,0.0,1.5881014394315927,0.5220661819246959,18.9075,1928565.0,1.0,0.0,0.0,135.0,200.0,1.0,1.000000000106614,1.0,./content/Images1/
249,noise 3 21250.0.png,40000.0,255.0,0.0,255.0,255.0,255.0,100.0,100.0,100.0,100.0,800.0,0.0,0.0,200.0,200.0,225.67583340707242,225.67583340707242,0.0,0.7853981633974483,282.842712474619,10200000.0,255.0,,,100.0,10200000.0,1.0,0.0,0.0,135.0,200.0,1.0,1.000000000106614,1.0,./content/Images1/
250,noise 3 21251.0.png,40000.0,255.0,0.0,255.0,255.0,255.0,100.0,100.0,100.0,100.0,800.0,0.0,0.0,200.0,200.0,225.67583340707242,225.67583340707242,0.0,0.7853981633974483,282.842712474619,10200000.0,255.0,,,100.0,10200000.0,1.0,0.0,0.0,135.0,200.0,1.0,1.000000000106614,1.0,./content/Images1/
251,noise 3 21252.0.png,40000.0,77.20125,117.16069696856687,0.0,0.0,255.0,100.0,100.0,99.99958711808422,100.60858794384806,800.0,0.0,0.0,200.0,200.0,225.67583340707242,225.67583340707242,0.0,0.7853981633974483,282.842712474619,3088050.0,0.0,0.8586391178546656,-1.2627388652897613,30.275,3088050.0,1.0,0.0,0.0,135.0,200.0,1.0,1.000000000106614,1.0,./content/Images1/
252,noise 3 21253.0.png,40000.0,55.111875,104.95944345843138,0.0,0.0,255.0,100.0,100.0,99.98525159051475,100.16951995373049,800.0,0.0,0.0,200.0,200.0,225.67583340707242,225.67583340707242,0.0,0.7853981633974483,282.842712474619,2204475.0,0.0,1.3793714502153984,-0.09733440233066792,21.6125,2204475.0,1.0,0.0,0.0,135.0,200.0,1.0,1.000000000106614,1.0,./content/Images1/
253,noise 3 21254.0.png,40000.0,255.0,0.0,255.0,255.0,255.0,100.0,100.0,100.0,100.0,800.0,0.0,0.0,200.0,200.0,225.67583340707242,225.67583340707242,0.0,0.7853981633974483,282.842712474619,10200000.0,255.0,,,100.0,10200000.0,1.0,0.0,0.0,135.0,200.0,1.0,1.000000000106614,1.0,./content/Images1/
254,noise 3 21255.0.png,40000.0,255.0,0.0,255.0,255.0,255.0,100.0,100.0,100.0,100.0,800.0,0.0,0.0,200.0,200.0,225.67583340707242,225.67583340707242,0.0,0.7853981633974483,282.842712474619,10200000.0,255.0,,,100.0,10200000.0,1.0,0.0,0.0,135.0,200.0,1.0,1.000000000106614,1.0,./content/Images1/
255,noise 3 21256.0.png,40000.0,0.0,0.0,0.0,0.0,0.0,100.0,100.0,100.0,100.0,800.0,0.0,0.0,200.0,200.0,225.67583340707242,225.67583340707242,0.0,0.7853981633974483,282.842712474619,0.0,0.0,,,0.0,0.0,1.0,0.0,0.0,135.0,200.0,1.0,1.000000000106614,1.0,./content/Images1/
256,noise 3 21257.0.png,40000.0,28.094625,79.84347685083151,0.0,0.0,255.0,100.0,100.0,100.9567733151804,99.93725890628545,800.0,0.0,0.0,200.0,200.0,225.67583340707242,225.67583340707242,0.0,0.7853981633974483,282.842712474619,1123785.0,0.0,2.4900372957506267,4.200285734229094,11.0175,1123785.0,1.0,0.0,0.0,135.0,200.0,1.0,1.000000000106614,1.0,./content/Images1/
257,noise 3 21258.0.png,40000.0,0.0,0.0,0.0,0.0,0.0,100.0,100.0,100.0,100.0,800.0,0.0,0.0,200.0,200.0,225.67583340707242,225.67583340707242,0.0,0.7853981633974483,282.842712474619,0.0,0.0,,,0.0,0.0,1.0,0.0,0.0,135.0,200.0,1.0,1.000000000106614,1.0,./content/Images1/
258,noise 3 21259.0.png,40000.0,255.0,0.0,255.0,255.0,255.0,100.0,100.0,100.0,100.0,800.0,0.0,0.0,200.0,200.0,225.67583340707242,225.67583340707242,0.0,0.7853981633974483,282.842712474619,10200000.0,255.0,,,100.0,10200000.0,1.0,0.0,0.0,135.0,200.0,1.0,1.000000000106614,1.0,./content/Images1/
259,noise 3 21260.0.png,40000.0,255.0,0.0,255.0,255.0,255.0,100.0,100.0,100.0,100.0,800.0,0.0,0.0,200.0,200.0,225.67583340707242,225.67583340707242,0.0,0.7853981633974483,282.842712474619,10200000.0,255.0,,,100.0,10200000.0,1.0,0.0,0.0,135.0,200.0,1.0,1.000000000106614,1.0,./content/Images1/
260,noise 3 21261.0.png,40000.0,0.0,0.0,0.0,0.0,0.0,100.0,100.0,100.0,100.0,800.0,0.0,0.0,200.0,200.0,225.67583340707242,225.67583340707242,0.0,0.7853981633974483,282.842712474619,0.0,0.0,,,0.0,0.0,1.0,0.0,0.0,135.0,200.0,1.0,1.000000000106614,1.0,./content/Images1/
261,noise 3 21262.0.png,40000.0,22.573875,72.43541581796154,0.0,0.0,255.0,100.0,100.0,99.1280711663372,101.02358090934764,800.0,0.0,0.0,200.0,200.0,225.67583340707242,225.67583340707242,0.0,0.7853981633974483,282.842712474619,902955.0,0.0,2.8971307865436886,6.393366794339256,8.8525,902955.0,1.0,0.0,0.0,135.0,200.0,1.0,1.000000000106614,1.0,./content/Images1/
262,noise 3 21263.0.png,40000.0,0.0,0.0,0.0,0.0,0.0,100.0,100.0,100.0,100.0,800.0,0.0,0.0,200.0,200.0,225.67583340707242,225.67583340707242,0.0,0.7853981633974483,282.842712474619,0.0,0.0,,,0.0,0.0,1.0,0.0,0.0,135.0,200.0,1.0,1.000000000106614,1.0,./content/Images1/
263,noise 3 21264.0.png,40000.0,0.0,0.0,0.0,0.0,0.0,100.0,100.0,100.0,100.0,800.0,0.0,0.0,200.0,200.0,225.67583340707242,225.67583340707242,0.0,0.7853981633974483,282.842712474619,0.0,0.0,,,0.0,0.0,1.0,0.0,0.0,135.0,200.0,1.0,1.000000000106614,1.0,./content/Images1/
264,noise 3 21265.0.png,40000.0,0.0,0.0,0.0,0.0,0.0,100.0,100.0,100.0,100.0,800.0,0.0,0.0,200.0,200.0,225.67583340707242,225.67583340707242,0.0,0.7853981633974483,282.842712474619,0.0,0.0,,,0.0,0.0,1.0,0.0,0.0,135.0,200.0,1.0,1.000000000106614,1.0,./content/Images1/
265,noise 3 21266.0.png,40000.0,255.0,0.0,255.0,255.0,255.0,100.0,100.0,100.0,100.0,800.0,0.0,0.0,200.0,200.0,225.67583340707242,225.67583340707242,0.0,0.7853981633974483,282.842712474619,10200000.0,255.0,,,100.0,10200000.0,1.0,0.0,0.0,135.0,200.0,1.0,1.000000000106614,1.0,./content/Images1/
266,noise 3 21267.0.png,40000.0,255.0,0.0,255.0,255.0,255.0,100.0,100.0,100.0,100.0,800.0,0.0,0.0,200.0,200.0,225.67583340707242,225.67583340707242,0.0,0.7853981633974483,282.842712474619,10200000.0,255.0,,,100.0,10200000.0,1.0,0.0,0.0,135.0,200.0,1.0,1.000000000106614,1.0,./content/Images1/
267,noise 3 21268.0.png,40000.0,157.59,123.90006327941086,255.0,0.0,255.0,100.0,100.0,100.63143203883494,99.37843851132686,800.0,0.0,0.0,200.0,200.0,225.67583340707242,225.67583340707242,0.0,0.7853981633974483,282.842712474619,6303600.0,255.0,-0.4857201091850088,-1.7640759755333029,61.8,6303600.0,1.0,0.0,0.0,135.0,200.0,1.0,1.000000000106614,1.0,./content/Images1/
268,noise 3 21269.0.png,40000.0,30.453375,82.69445891622824,0.0,0.0,255.0,100.0,100.0,101.3526271718652,99.62748586979275,800.0,0.0,0.0,200.0,200.0,225.67583340707242,225.67583340707242,0.0,0.7853981633974483,282.842712474619,1218135.0,0.0,2.3471424658300357,3.5090777549027,11.9425,1218135.0,1.0,0.0,0.0,135.0,200.0,1.0,1.000000000106614,1.0,./content/Images1/
269,noise 3 21270.0.png,40000.0,255.0,0.0,255.0,255.0,255.0,100.0,100.0,100.0,100.0,800.0,0.0,0.0,200.0,200.0,225.67583340707242,225.67583340707242,0.0,0.7853981633974483,282.842712474619,10200000.0,255.0,,,100.0,10200000.0,1.0,0.0,0.0,135.0,200.0,1.0,1.000000000106614,1.0,./content/Images1/
270,noise 3 21271.0.png,40000.0,62.1945,109.50681012287127,0.0,0.0,255.0,100.0,100.0,100.2949979499795,99.88940139401394,800.0,0.0,0.0,200.0,200.0,225.67583340707242,225.67583340707242,0.0,0.7853981633974483,282.842712474619,2487780.0,0.0,1.192735251091322,-0.5773826208041211,24.39,2487780.0,1.0,0.0,0.0,135.0,200.0,1.0,1.000000000106614,1.0,./content/Images1/
271,noise 3 21272.0.png,40000.0,255.0,0.0,255.0,255.0,255.0,100.0,100.0,100.0,100.0,800.0,0.0,0.0,200.0,200.0,225.67583340707242,225.67583340707242,0.0,0.7853981633974483,282.842712474619,10200000.0,255.0,,,100.0,10200000.0,1.0,0.0,0.0,135.0,200.0,1.0,1.000000000106614,1.0,./content/Images1/
272,noise 3 21273.0.png,40000.0,255.0,0.0,255.0,255.0,255.0,100.0,100.0,100.0,100.0,800.0,0.0,0.0,200.0,200.0,225.67583340707242,225.67583340707242,0.0,0.7853981633974483,282.842712474619,10200000.0,255.0,,,100.0,10200000.0,1.0,0.0,0.0,135.0,200.0,1.0,1.000000000106614,1.0,./content/Images1/
273,noise 3 21274.0.png,40000.0,174.9045,118.36136876147715,255.0,0.0,255.0,100.0,100.0,100.1095276279341,99.98848228604753,800.0,0.0,0.0,200.0,200.0,225.67583340707242,225.67583340707242,0.0,0.7853981633974483,282.842712474619,6996180.000000001,255.0,-0.8010230544543959,-1.3583620662325446,68.59,6996180.000000001,1.0,0.0,0.0,135.0,200.0,1.0,1.000000000106614,1.0,./content/Images1/
274,noise 3 21275.0.png,40000.0,66.586875,112.00961948246137,0.0,0.0,255.0,100.0,100.0,100.07395883197702,100.19210148396363,800.0,0.0,0.0,200.0,200.0,225.67583340707242,225.67583340707242,0.0,0.7853981633974483,282.842712474619,2663475.0000000005,0.0,1.0876545552032217,-0.8170075685456828,26.1125,2663475.0000000005,1.0,0.0,0.0,135.0,200.0,1.0,1.000000000106614,1.0,./content/Images1/
275,noise 3 21276.0.png,40000.0,0.0,0.0,0.0,0.0,0.0,100.0,100.0,100.0,100.0,800.0,0.0,0.0,200.0,200.0,225.67583340707242,225.67583340707242,0.0,0.7853981633974483,282.842712474619,0.0,0.0,,,0.0,0.0,1.0,0.0,0.0,135.0,200.0,1.0,1.000000000106614,1.0,./content/Images1/
276,noise 3 21277.0.png,40000.0,255.0,0.0,255.0,255.0,255.0,100.0,100.0,100.0,100.0,800.0,0.0,0.0,200.0,200.0,225.67583340707242,225.67583340707242,0.0,0.7853981633974483,282.842712474619,10200000.0,255.0,,,100.0,10200000.0,1.0,0.0,0.0,135.0,200.0,1.0,1.000000000106614,1.0,./content/Images1/
277,noise 3 21278.0.png,40000.0,0.0,0.0,0.0,0.0,0.0,100.0,100.0,100.0,100.0,800.0,0.0,0.0,200.0,200.0,225.67583340707242,225.67583340707242,0.0,0.7853981633974483,282.842712474619,0.0,0.0,,,0.0,0.0,1.0,0.0,0.0,135.0,200.0,1.0,1.000000000106614,1.0,./content/Images1/
278,noise 3 21279.0.png,40000.0,255.0,0.0,255.0,255.0,255.0,100.0,100.0,100.0,100.0,800.0,0.0,0.0,200.0,200.0,225.67583340707242,225.67583340707242,0.0,0.7853981633974483,282.842712474619,10200000.0,255.0,,,100.0,10200000.0,1.0,0.0,0.0,135.0,200.0,1.0,1.000000000106614,1.0,./content/Images1/
279,noise 3 21280.0.png,40000.0,0.0,0.0,0.0,0.0,0.0,100.0,100.0,100.0,100.0,800.0,0.0,0.0,200.0,200.0,225.67583340707242,225.67583340707242,0.0,0.7853981633974483,282.842712474619,0.0,0.0,,,0.0,0.0,1.0,0.0,0.0,135.0,200.0,1.0,1.000000000106614,1.0,./content/Images1/
280,noise 3 21281.0.png,40000.0,194.06775,108.74410463075596,255.0,0.0,255.0,100.0,100.0,101.59526312331647,101.17282044543722,800.0,0.0,0.0,200.0,200.0,225.67583340707242,225.67583340707242,0.0,0.7853981633974483,282.842712474619,7762710.0,255.0,-1.2243161565128156,-0.5010499489017004,76.105,7762710.0,1.0,0.0,0.0,135.0,200.0,1.0,1.000000000106614,1.0,./content/Images1/
281,noise 3 21282.0.png,40000.0,7.745625,43.76285580315887,0.0,0.0,255.0,100.0,100.0,100.79629629629629,101.15432098765432,800.0,0.0,0.0,200.0,200.0,225.67583340707242,225.67583340707242,0.0,0.7853981633974483,282.842712474619,309825.0,0.0,5.472945938281813,27.953137243355393,3.0375,309825.0,1.0,0.0,0.0,135.0,200.0,1.0,1.000000000106614,1.0,./content/Images1/
282,noise 3 21283.0.png,40000.0,1.10925,16.781994974417763,0.0,0.0,255.0,100.0,100.0,118.77586206896552,119.79885057471265,800.0,0.0,0.0,200.0,200.0,225.67583340707242,225.67583340707242,0.0,0.7853981633974483,282.842712474619,44370.0,0.0,15.062849215086661,224.8894264764369,0.435,44370.0,1.0,0.0,0.0,135.0,200.0,1.0,1.000000000106614,1.0,./content/Images1/
283,noise 3 21284.0.png,40000.0,255.0,0.0,255.0,255.0,255.0,100.0,100.0,100.0,100.0,800.0,0.0,0.0,200.0,200.0,225.67583340707242,225.67583340707242,0.0,0.7853981633974483,282.842712474619,10200000.0,255.0,,,100.0,10200000.0,1.0,0.0,0.0,135.0,200.0,1.0,1.000000000106614,1.0,./content/Images1/
284,noise 3 21285.0.png,40000.0,228.1995,78.20494613571448,255.0,0.0,255.0,100.0,100.0,99.29307743881998,101.24550229075875,800.0,0.0,0.0,200.0,200.0,225.67583340707242,225.67583340707242,0.0,0.7853981633974483,282.842712474619,9127980.0,255.0,-2.5753040886339673,4.632191148934804,89.49,9127980.0,1.0,0.0,0.0,135.0,200.0,1.0,1.000000000106614,1.0,./content/Images1/
285,noise 3 21286.0.png,40000.0,244.35375,51.00506003173823,255.0,0.0,255.0,100.0,100.0,99.54698669449517,100.25940516566658,800.0,0.0,0.0,200.0,200.0,225.67583340707242,225.67583340707242,0.0,0.7853981633974483,282.842712474619,9774150.0,255.0,-4.582102663012247,18.995664814383396,95.825,9774150.0,1.0,0.0,0.0,135.0,200.0,1.0,1.000000000106614,1.0,./content/Images1/
286,noise 3 21287.0.png,40000.0,130.834125,127.4579920953492,255.0,0.0,255.0,100.0,100.0,100.1283681722945,99.92752034302977,800.0,0.0,0.0,200.0,200.0,225.67583340707242,225.67583340707242,0.0,0.7853981633974483,282.842712474619,5233365.0,255.0,-0.05231789113466845,-1.9972628382672206,51.3075,5233365.0,1.0,0.0,0.0,135.0,200.0,1.0,1.000000000106614,1.0,./content/Images1/
287,noise 3 21288.0.png,40000.0,255.0,0.0,255.0,255.0,255.0,100.0,100.0,100.0,100.0,800.0,0.0,0.0,200.0,200.0,225.67583340707242,225.67583340707242,0.0,0.7853981633974483,282.842712474619,10200000.0,255.0,,,100.0,10200000.0,1.0,0.0,0.0,135.0,200.0,1.0,1.000000000106614,1.0,./content/Images1/
288,noise 3 21289.0.png,40000.0,0.0,0.0,0.0,0.0,0.0,100.0,100.0,100.0,100.0,800.0,0.0,0.0,200.0,200.0,225.67583340707242,225.67583340707242,0.0,0.7853981633974483,282.842712474619,0.0,0.0,,,0.0,0.0,1.0,0.0,0.0,135.0,200.0,1.0,1.000000000106614,1.0,./content/Images1/
289,noise 3 21290.0.png,40000.0,10.423125,50.4907820617903,0.0,0.0,255.0,100.0,100.0,100.39602446483181,98.33425076452599,800.0,0.0,0.0,200.0,200.0,225.67583340707242,225.67583340707242,0.0,0.7853981633974483,282.842712474619,416925.0,0.0,4.637612400025741,19.50744877287251,4.0875,416925.0,1.0,0.0,0.0,135.0,200.0,1.0,1.000000000106614,1.0,./content/Images1/
290,noise 3 21291.0.png,40000.0,255.0,0.0,255.0,255.0,255.0,100.0,100.0,100.0,100.0,800.0,0.0,0.0,200.0,200.0,225.67583340707242,225.67583340707242,0.0,0.7853981633974483,282.842712474619,10200000.0,255.0,,,100.0,10200000.0,1.0,0.0,0.0,135.0,200.0,1.0,1.000000000106614,1.0,./content/Images1/
291,noise 3 21292.0.png,40000.0,255.0,0.0,255.0,255.0,255.0,100.0,100.0,100.0,100.0,800.0,0.0,0.0,200.0,200.0,225.67583340707242,225.67583340707242,0.0,0.7853981633974483,282.842712474619,10200000.0,255.0,,,100.0,10200000.0,1.0,0.0,0.0,135.0,200.0,1.0,1.000000000106614,1.0,./content/Images1/
292,noise 3 21293.0.png,40000.0,0.0,0.0,0.0,0.0,0.0,100.0,100.0,100.0,100.0,800.0,0.0,0.0,200.0,200.0,225.67583340707242,225.67583340707242,0.0,0.7853981633974483,282.842712474619,0.0,0.0,,,0.0,0.0,1.0,0.0,0.0,135.0,200.0,1.0,1.000000000106614,1.0,./content/Images1/
293,noise 3 21294.0.png,40000.0,42.285375,94.84167100844104,0.0,0.0,255.0,100.0,100.0,101.31245288707976,101.23616764661541,800.0,0.0,0.0,200.0,200.0,225.67583340707242,225.67583340707242,0.0,0.7853981633974483,282.842712474619,1691415.0,0.0,1.7970094642301435,1.2292430145327087,16.5825,1691415.0,1.0,0.0,0.0,135.0,200.0,1.0,1.000000000106614,1.0,./content/Images1/
294,noise 3 21295.0.png,40000.0,65.566875,111.44886068932288,0.0,0.0,255.0,100.0,100.0,99.71487603305785,100.01142440447254,800.0,0.0,0.0,200.0,200.0,225.67583340707242,225.67583340707242,0.0,0.7853981633974483,282.842712474619,2622675.0,0.0,1.1114317148782091,-0.764719543162883,25.7125,2622675.0,1.0,0.0,0.0,135.0,200.0,1.0,1.000000000106614,1.0,./content/Images1/
295,noise 3 21296.0.png,40000.0,0.0,0.0,0.0,0.0,0.0,100.0,100.0,100.0,100.0,800.0,0.0,0.0,200.0,200.0,225.67583340707242,225.67583340707242,0.0,0.7853981633974483,282.842712474619,0.0,0.0,,,0.0,0.0,1.0,0.0,0.0,135.0,200.0,1.0,1.000000000106614,1.0,./content/Images1/
296,noise 3 21297.0.png,40000.0,0.0,0.0,0.0,0.0,0.0,100.0,100.0,100.0,100.0,800.0,0.0,0.0,200.0,200.0,225.67583340707242,225.67583340707242,0.0,0.7853981633974483,282.842712474619,0.0,0.0,,,0.0,0.0,1.0,0.0,0.0,135.0,200.0,1.0,1.000000000106614,1.0,./content/Images1/
297,noise 3 21298.0.png,40000.0,7.299375,42.52181736747832,0.0,0.0,255.0,100.0,100.0,100.5349344978166,100.4004366812227,800.0,0.0,0.0,200.0,200.0,225.67583340707242,225.67583340707242,0.0,0.7853981633974483,282.842712474619,291975.0,0.0,5.653668397904297,29.96396635346173,2.8625,291975.0,1.0,0.0,0.0,135.0,200.0,1.0,1.000000000106614,1.0,./content/Images1/
298,noise 3 21299.0.png,40000.0,98.532,124.16718734537048,0.0,0.0,255.0,100.0,100.0,99.91634316770187,100.04910714285714,800.0,0.0,0.0,200.0,200.0,225.67583340707242,225.67583340707242,0.0,0.7853981633974483,282.842712474619,3941280.0,0.0,0.46660253366638826,-1.7822820755761069,38.64,3941280.0,1.0,0.0,0.0,135.0,200.0,1.0,1.000000000106614,1.0,./content/Images1/
299,noise 3 21300.0.png,40000.0,55.8195,105.44398456335485,0.0,0.0,255.0,100.0,100.0,100.41674280493376,100.55596162631339,800.0,0.0,0.0,200.0,200.0,225.67583340707242,225.67583340707242,0.0,0.7853981633974483,282.842712474619,2232780.0,0.0,1.3596109122750668,-0.151458167222561,21.89,2232780.0,1.0,0.0,0.0,135.0,200.0,1.0,1.000000000106614,1.0,./content/Images1/
300,noise 3 21301.0.png,40000.0,0.0,0.0,0.0,0.0,0.0,100.0,100.0,100.0,100.0,800.0,0.0,0.0,200.0,200.0,225.67583340707242,225.67583340707242,0.0,0.7853981633974483,282.842712474619,0.0,0.0,,,0.0,0.0,1.0,0.0,0.0,135.0,200.0,1.0,1.000000000106614,1.0,./content/Images1/
301,noise 3 21302.0.png,40000.0,18.309,65.83072125608626,0.0,0.0,255.0,100.0,100.0,102.38649025069638,100.68488857938719,800.0,0.0,0.0,200.0,200.0,225.67583340707242,225.67583340707242,0.0,0.7853981633974483,282.842712474619,732360.0,0.0,3.317368026041398,9.004930620201797,7.18,732360.0,1.0,0.0,0.0,135.0,200.0,1.0,1.000000000106614,1.0,./content/Images1/
302,noise 3 21303.0.png,40000.0,0.0,0.0,0.0,0.0,0.0,100.0,100.0,100.0,100.0,800.0,0.0,0.0,200.0,200.0,225.67583340707242,225.67583340707242,0.0,0.7853981633974483,282.842712474619,0.0,0.0,,,0.0,0.0,1.0,0.0,0.0,135.0,200.0,1.0,1.000000000106614,1.0,./content/Images1/
303,noise 3 21304.0.png,40000.0,125.95725,127.49225968404704,0.0,0.0,255.0,100.0,100.0,100.24749468569694,100.14520700475757,800.0,0.0,0.0,200.0,200.0,225.67583340707242,225.67583340707242,0.0,0.7853981633974483,282.842712474619,5038290.0,0.0,0.024201771755554123,-1.9994142742438927,49.395,5038290.0,1.0,0.0,0.0,135.0,200.0,1.0,1.000000000106614,1.0,./content/Images1/
304,noise 3 21305.0.png,40000.0,29.127375,81.11252142325293,0.0,0.0,255.0,100.0,100.0,100.0044867585905,99.948019260232,800.0,0.0,0.0,200.0,200.0,225.67583340707242,225.67583340707242,0.0,0.7853981633974483,282.842712474619,1165095.0,0.0,2.4256145156071485,3.883605778324103,11.4225,1165095.0,1.0,0.0,0.0,135.0,200.0,1.0,1.000000000106614,1.0,./content/Images1/
305,noise 3 21306.0.png,40000.0,0.0,0.0,0.0,0.0,0.0,100.0,100.0,100.0,100.0,800.0,0.0,0.0,200.0,200.0,225.67583340707242,225.67583340707242,0.0,0.7853981633974483,282.842712474619,0.0,0.0,,,0.0,0.0,1.0,0.0,0.0,135.0,200.0,1.0,1.000000000106614,1.0,./content/Images1/
306,noise 3 21307.0.png,40000.0,255.0,0.0,255.0,255.0,255.0,100.0,100.0,100.0,100.0,800.0,0.0,0.0,200.0,200.0,225.67583340707242,225.67583340707242,0.0,0.7853981633974483,282.842712474619,10200000.0,255.0,,,100.0,10200000.0,1.0,0.0,0.0,135.0,200.0,1.0,1.000000000106614,1.0,./content/Images1/
307,noise 3 21308.0.png,40000.0,255.0,0.0,255.0,255.0,255.0,100.0,100.0,100.0,100.0,800.0,0.0,0.0,200.0,200.0,225.67583340707242,225.67583340707242,0.0,0.7853981633974483,282.842712474619,10200000.0,255.0,,,100.0,10200000.0,1.0,0.0,0.0,135.0,200.0,1.0,1.000000000106614,1.0,./content/Images1/
308,noise 3 21309.0.png,40000.0,0.0,0.0,0.0,0.0,0.0,100.0,100.0,100.0,100.0,800.0,0.0,0.0,200.0,200.0,225.67583340707242,225.67583340707242,0.0,0.7853981633974483,282.842712474619,0.0,0.0,,,0.0,0.0,1.0,0.0,0.0,135.0,200.0,1.0,1.000000000106614,1.0,./content/Images1/
309,noise 3 21310.0.png,40000.0,13.09425,56.28191146608701,0.0,0.0,255.0,100.0,100.0,99.55842259006816,100.26484907497566,800.0,0.0,0.0,200.0,200.0,225.67583340707242,225.67583340707242,0.0,0.7853981633974483,282.842712474619,523770.0,0.0,4.065504426502148,14.528326241908566,5.135,523770.0,1.0,0.0,0.0,135.0,200.0,1.0,1.000000000106614,1.0,./content/Images1/
310,noise 3 21311.0.png,40000.0,57.12,106.31645300565897,0.0,0.0,255.0,100.0,100.0,100.10546875,100.17321428571428,800.0,0.0,0.0,200.0,200.0,225.67583340707242,225.67583340707242,0.0,0.7853981633974483,282.842712474619,2284800.0,0.0,1.3239884848820052,-0.24705449189985274,22.4,2284800.0,1.0,0.0,0.0,135.0,200.0,1.0,1.000000000106614,1.0,./content/Images1/
311,noise 3 21312.0.png,40000.0,255.0,0.0,255.0,255.0,255.0,100.0,100.0,100.0,100.0,800.0,0.0,0.0,200.0,200.0,225.67583340707242,225.67583340707242,0.0,0.7853981633974483,282.842712474619,10200000.0,255.0,,,100.0,10200000.0,1.0,0.0,0.0,135.0,200.0,1.0,1.000000000106614,1.0,./content/Images1/
312,noise 3 21313.0.png,40000.0,255.0,0.0,255.0,255.0,255.0,100.0,100.0,100.0,100.0,800.0,0.0,0.0,200.0,200.0,225.67583340707242,225.67583340707242,0.0,0.7853981633974483,282.842712474619,10200000.0,255.0,,,100.0,10200000.0,1.0,0.0,0.0,135.0,200.0,1.0,1.000000000106614,1.0,./content/Images1/
313,noise 3 21314.0.png,40000.0,255.0,0.0,255.0,255.0,255.0,100.0,100.0,100.0,100.0,800.0,0.0,0.0,200.0,200.0,225.67583340707242,225.67583340707242,0.0,0.7853981633974483,282.842712474619,10200000.0,255.0,,,100.0,10200000.0,1.0,0.0,0.0,135.0,200.0,1.0,1.000000000106614,1.0,./content/Images1/
314,noise 3 21315.0.png,40000.0,121.3035,127.35092792838655,0.0,0.0,255.0,100.0,100.0,101.11430523439142,100.29714105528694,800.0,0.0,0.0,200.0,200.0,225.67583340707242,225.67583340707242,0.0,0.7853981633974483,282.842712474619,4852140.0,0.0,0.09731499500634709,-1.9905297917469151,47.57,4852140.0,1.0,0.0,0.0,135.0,200.0,1.0,1.000000000106614,1.0,./content/Images1/
315,noise 3 21316.0.png,40000.0,255.0,0.0,255.0,255.0,255.0,100.0,100.0,100.0,100.0,800.0,0.0,0.0,200.0,200.0,225.67583340707242,225.67583340707242,0.0,0.7853981633974483,282.842712474619,10200000.0,255.0,,,100.0,10200000.0,1.0,0.0,0.0,135.0,200.0,1.0,1.000000000106614,1.0,./content/Images1/
316,noise 3 21317.0.png,40000.0,0.0,0.0,0.0,0.0,0.0,100.0,100.0,100.0,100.0,800.0,0.0,0.0,200.0,200.0,225.67583340707242,225.67583340707242,0.0,0.7853981633974483,282.842712474619,0.0,0.0,,,0.0,0.0,1.0,0.0,0.0,135.0,200.0,1.0,1.000000000106614,1.0,./content/Images1/
317,noise 3 21318.0.png,40000.0,0.0,0.0,0.0,0.0,0.0,100.0,100.0,100.0,100.0,800.0,0.0,0.0,200.0,200.0,225.67583340707242,225.67583340707242,0.0,0.7853981633974483,282.842712474619,0.0,0.0,,,0.0,0.0,1.0,0.0,0.0,135.0,200.0,1.0,1.000000000106614,1.0,./content/Images1/
318,noise 3 21319.0.png,40000.0,83.895,119.81324156920796,0.0,0.0,255.0,100.0,100.0,100.59794832826748,99.83290273556231,800.0,0.0,0.0,200.0,200.0,225.67583340707242,225.67583340707242,0.0,0.7853981633974483,282.842712474619,3355800.0,0.0,0.727891917481127,-1.4701733564656485,32.9,3355800.0,1.0,0.0,0.0,135.0,200.0,1.0,1.000000000106614,1.0,./content/Images1/
319,noise 3 21320.0.png,40000.0,255.0,0.0,255.0,255.0,255.0,100.0,100.0,100.0,100.0,800.0,0.0,0.0,200.0,200.0,225.67583340707242,225.67583340707242,0.0,0.7853981633974483,282.842712474619,10200000.0,255.0,,,100.0,10200000.0,1.0,0.0,0.0,135.0,200.0,1.0,1.000000000106614,1.0,./content/Images1/
320,noise 3 21321.0.png,40000.0,99.341625,124.3532971453598,0.0,0.0,255.0,100.0,100.0,100.23432586793301,99.88054289931335,800.0,0.0,0.0,200.0,200.0,225.67583340707242,225.67583340707242,0.0,0.7853981633974483,282.842712474619,3973664.9999999995,0.0,0.45288267593535203,-1.794897281837635,38.9575,3973664.9999999995,1.0,0.0,0.0,135.0,200.0,1.0,1.000000000106614,1.0,./content/Images1/
321,noise 3 21322.0.png,40000.0,0.0,0.0,0.0,0.0,0.0,100.0,100.0,100.0,100.0,800.0,0.0,0.0,200.0,200.0,225.67583340707242,225.67583340707242,0.0,0.7853981633974483,282.842712474619,0.0,0.0,,,0.0,0.0,1.0,0.0,0.0,135.0,200.0,1.0,1.000000000106614,1.0,./content/Images1/
322,noise 3 21323.0.png,40000.0,0.0,0.0,0.0,0.0,0.0,100.0,100.0,100.0,100.0,800.0,0.0,0.0,200.0,200.0,225.67583340707242,225.67583340707242,0.0,0.7853981633974483,282.842712474619,0.0,0.0,,,0.0,0.0,1.0,0.0,0.0,135.0,200.0,1.0,1.000000000106614,1.0,./content/Images1/
323,noise 3 21324.0.png,40000.0,26.01,77.17628395090108,0.0,0.0,255.0,100.0,100.0,100.32598039215686,99.7078431372549,800.0,0.0,0.0,200.0,200.0,225.67583340707242,225.67583340707242,0.0,0.7853981633974483,282.842712474619,1040400.0000000001,0.0,2.6301154565398646,4.9175073147299,10.2,1040400.0000000001,1.0,0.0,0.0,135.0,200.0,1.0,1.000000000106614,1.0,./content/Images1/
324,noise 3 21325.0.png,40000.0,101.419875,124.80571497991055,0.0,0.0,255.0,100.0,100.0,100.18495819976114,100.39050223144132,800.0,0.0,0.0,200.0,200.0,225.67583340707242,225.67583340707242,0.0,0.7853981633974483,282.842712474619,4056795.0,0.0,0.4179368070103714,-1.8253288253459747,39.7725,4056795.0,1.0,0.0,0.0,135.0,200.0,1.0,1.000000000106614,1.0,./content/Images1/
325,noise 3 21326.0.png,40000.0,0.0,0.0,0.0,0.0,0.0,100.0,100.0,100.0,100.0,800.0,0.0,0.0,200.0,200.0,225.67583340707242,225.67583340707242,0.0,0.7853981633974483,282.842712474619,0.0,0.0,,,0.0,0.0,1.0,0.0,0.0,135.0,200.0,1.0,1.000000000106614,1.0,./content/Images1/
326,noise 3 21327.0.png,40000.0,43.343625,95.78196020888751,0.0,0.0,255.0,100.0,100.0,98.66781879688189,102.32791586998088,800.0,0.0,0.0,200.0,200.0,225.67583340707242,225.67583340707242,0.0,0.7853981633974483,282.842712474619,1733745.0000000002,0.0,1.7572709264015078,1.0880011087760124,16.9975,1733745.0000000002,1.0,0.0,0.0,135.0,200.0,1.0,1.000000000106614,1.0,./content/Images1/
327,noise 3 21328.0.png,40000.0,255.0,0.0,255.0,255.0,255.0,100.0,100.0,100.0,100.0,800.0,0.0,0.0,200.0,200.0,225.67583340707242,225.67583340707242,0.0,0.7853981633974483,282.842712474619,10200000.0,255.0,,,100.0,10200000.0,1.0,0.0,0.0,135.0,200.0,1.0,1.000000000106614,1.0,./content/Images1/
328,noise 3 21329.0.png,40000.0,0.0,0.0,0.0,0.0,0.0,100.0,100.0,100.0,100.0,800.0,0.0,0.0,200.0,200.0,225.67583340707242,225.67583340707242,0.0,0.7853981633974483,282.842712474619,0.0,0.0,,,0.0,0.0,1.0,0.0,0.0,135.0,200.0,1.0,1.000000000106614,1.0,./content/Images1/
329,noise 3 21330.0.png,40000.0,31.345875,83.7305769460731,0.0,0.0,255.0,100.0,100.0,100.73347569656295,95.93420785031523,800.0,0.0,0.0,200.0,200.0,225.67583340707242,225.67583340707242,0.0,0.7853981633974483,282.842712474619,1253835.0,0.0,2.296779276011156,3.275195042714331,12.2925,1253835.0,1.0,0.0,0.0,135.0,200.0,1.0,1.000000000106614,1.0,./content/Images1/
330,noise 3 21331.0.png,40000.0,7.312125,42.55784278172392,0.0,0.0,255.0,100.0,100.0,100.2384481255449,100.56102877070619,800.0,0.0,0.0,200.0,200.0,225.67583340707242,225.67583340707242,0.0,0.7853981633974483,282.842712474619,292485.0,0.0,5.648283348996316,29.90310479054903,2.8675,292485.0,1.0,0.0,0.0,135.0,200.0,1.0,1.000000000106614,1.0,./content/Images1/
331,noise 3 21332.0.png,40000.0,255.0,0.0,255.0,255.0,255.0,100.0,100.0,100.0,100.0,800.0,0.0,0.0,200.0,200.0,225.67583340707242,225.67583340707242,0.0,0.7853981633974483,282.842712474619,10200000.0,255.0,,,100.0,10200000.0,1.0,0.0,0.0,135.0,200.0,1.0,1.000000000106614,1.0,./content/Images1/
332,noise 3 21333.0.png,40000.0,255.0,0.0,255.0,255.0,255.0,100.0,100.0,100.0,100.0,800.0,0.0,0.0,200.0,200.0,225.67583340707242,225.67583340707242,0.0,0.7853981633974483,282.842712474619,10200000.0,255.0,,,100.0,10200000.0,1.0,0.0,0.0,135.0,200.0,1.0,1.000000000106614,1.0,./content/Images1/
333,noise 3 21334.0.png,40000.0,20.661375,69.58361340927009,0.0,0.0,255.0,100.0,100.0,99.88414069731564,100.47562480715828,800.0,0.0,0.0,200.0,200.0,225.67583340707242,225.67583340707242,0.0,0.7853981633974483,282.842712474619,826455.0,0.0,3.0708368040461616,7.430038677084449,8.1025,826455.0,1.0,0.0,0.0,135.0,200.0,1.0,1.000000000106614,1.0,./content/Images1/
334,noise 3 21335.0.png,40000.0,0.0,0.0,0.0,0.0,0.0,100.0,100.0,100.0,100.0,800.0,0.0,0.0,200.0,200.0,225.67583340707242,225.67583340707242,0.0,0.7853981633974483,282.842712474619,0.0,0.0,,,0.0,0.0,1.0,0.0,0.0,135.0,200.0,1.0,1.000000000106614,1.0,./content/Images1/
335,noise 3 21336.0.png,40000.0,255.0,0.0,255.0,255.0,255.0,100.0,100.0,100.0,100.0,800.0,0.0,0.0,200.0,200.0,225.67583340707242,225.67583340707242,0.0,0.7853981633974483,282.842712474619,10200000.0,255.0,,,100.0,10200000.0,1.0,0.0,0.0,135.0,200.0,1.0,1.000000000106614,1.0,./content/Images1/
336,noise 3 21337.0.png,40000.0,0.0,0.0,0.0,0.0,0.0,100.0,100.0,100.0,100.0,800.0,0.0,0.0,200.0,200.0,225.67583340707242,225.67583340707242,0.0,0.7853981633974483,282.842712474619,0.0,0.0,,,0.0,0.0,1.0,0.0,0.0,135.0,200.0,1.0,1.000000000106614,1.0,./content/Images1/
337,noise 3 21338.0.png,40000.0,0.0,0.0,0.0,0.0,0.0,100.0,100.0,100.0,100.0,800.0,0.0,0.0,200.0,200.0,225.67583340707242,225.67583340707242,0.0,0.7853981633974483,282.842712474619,0.0,0.0,,,0.0,0.0,1.0,0.0,0.0,135.0,200.0,1.0,1.000000000106614,1.0,./content/Images1/
338,noise 3 21339.0.png,40000.0,74.173125,115.81377173496018,0.0,0.0,255.0,100.0,100.0,98.71890846583584,99.59437043403524,800.0,0.0,0.0,200.0,200.0,225.67583340707242,225.67583340707242,0.0,0.7853981633974483,282.842712474619,2966925.0,0.0,0.9209188302834368,-1.1519085080293858,29.0875,2966925.0,1.0,0.0,0.0,135.0,200.0,1.0,1.000000000106614,1.0,./content/Images1/
339,noise 3 21340.0.png,40000.0,255.0,0.0,255.0,255.0,255.0,100.0,100.0,100.0,100.0,800.0,0.0,0.0,200.0,200.0,225.67583340707242,225.67583340707242,0.0,0.7853981633974483,282.842712474619,10200000.0,255.0,,,100.0,10200000.0,1.0,0.0,0.0,135.0,200.0,1.0,1.000000000106614,1.0,./content/Images1/
340,noise 3 21341.0.png,40000.0,43.611375,96.01655625508681,0.0,0.0,255.0,100.0,100.0,100.31800906300249,99.68988451980705,800.0,0.0,0.0,200.0,200.0,225.67583340707242,225.67583340707242,0.0,0.7853981633974483,282.842712474619,1744455.0,0.0,1.7474001755406627,1.0534073734795397,17.1025,1744455.0,1.0,0.0,0.0,135.0,200.0,1.0,1.000000000106614,1.0,./content/Images1/
341,noise 3 21342.0.png,40000.0,4.5645,33.8103744180016,0.0,0.0,255.0,100.0,100.0,100.68156424581005,102.52653631284916,800.0,0.0,0.0,200.0,200.0,225.67583340707242,225.67583340707242,0.0,0.7853981633974483,282.842712474619,182580.0,0.0,7.272148790940836,50.88414803758223,1.79,182580.0,1.0,0.0,0.0,135.0,200.0,1.0,1.000000000106614,1.0,./content/Images1/
342,noise 3 21343.0.png,40000.0,0.0,0.0,0.0,0.0,0.0,100.0,100.0,100.0,100.0,800.0,0.0,0.0,200.0,200.0,225.67583340707242,225.67583340707242,0.0,0.7853981633974483,282.842712474619,0.0,0.0,,,0.0,0.0,1.0,0.0,0.0,135.0,200.0,1.0,1.000000000106614,1.0,./content/Images1/
343,noise 3 21344.0.png,40000.0,113.417625,126.7214984634166,0.0,0.0,255.0,100.0,100.0,100.72539486257097,99.64507335169468,800.0,0.0,0.0,200.0,200.0,225.67583340707242,225.67583340707242,0.0,0.7853981633974483,282.842712474619,4536705.0,0.0,0.22225985651603722,-1.9506005561814703,44.4775,4536705.0,1.0,0.0,0.0,135.0,200.0,1.0,1.000000000106614,1.0,./content/Images1/
344,noise 3 21345.0.png,40000.0,26.86425,78.28696598517264,0.0,0.0,255.0,100.0,100.0,97.53013763644992,98.67892738490745,800.0,0.0,0.0,200.0,200.0,225.67583340707242,225.67583340707242,0.0,0.7853981633974483,282.842712474619,1074570.0,0.0,2.570977344798939,4.609924507469399,10.535,1074570.0,1.0,0.0,0.0,135.0,200.0,1.0,1.000000000106614,1.0,./content/Images1/
345,noise 3 21346.0.png,40000.0,255.0,0.0,255.0,255.0,255.0,100.0,100.0,100.0,100.0,800.0,0.0,0.0,200.0,200.0,225.67583340707242,225.67583340707242,0.0,0.7853981633974483,282.842712474619,10200000.0,255.0,,,100.0,10200000.0,1.0,0.0,0.0,135.0,200.0,1.0,1.000000000106614,1.0,./content/Images1/
346,noise 3 21347.0.png,40000.0,27.7695,79.43698839727084,0.0,0.0,255.0,100.0,100.0,100.46349862258953,99.82644628099173,800.0,0.0,0.0,200.0,200.0,225.67583340707242,225.67583340707242,0.0,0.7853981633974483,282.842712474619,1110780.0,0.0,2.5109649463511445,4.304944961804206,10.89,1110780.0,1.0,0.0,0.0,135.0,200.0,1.0,1.000000000106614,1.0,./content/Images1/
347,noise 3 21348.0.png,40000.0,255.0,0.0,255.0,255.0,255.0,100.0,100.0,100.0,100.0,800.0,0.0,0.0,200.0,200.0,225.67583340707242,225.67583340707242,0.0,0.7853981633974483,282.842712474619,10200000.0,255.0,,,100.0,10200000.0,1.0,0.0,0.0,135.0,200.0,1.0,1.000000000106614,1.0,./content/Images1/
348,noise 3 21349.0.png,40000.0,0.0,0.0,0.0,0.0,0.0,100.0,100.0,100.0,100.0,800.0,0.0,0.0,200.0,200.0,225.67583340707242,225.67583340707242,0.0,0.7853981633974483,282.842712474619,0.0,0.0,,,0.0,0.0,1.0,0.0,0.0,135.0,200.0,1.0,1.000000000106614,1.0,./content/Images1/
349,noise 3 21350.0.png,40000.0,255.0,0.0,255.0,255.0,255.0,100.0,100.0,100.0,100.0,800.0,0.0,0.0,200.0,200.0,225.67583340707242,225.67583340707242,0.0,0.7853981633974483,282.842712474619,10200000.0,255.0,,,100.0,10200000.0,1.0,0.0,0.0,135.0,200.0,1.0,1.000000000106614,1.0,./content/Images1/
350,noise 3 21351.0.png,40000.0,255.0,0.0,255.0,255.0,255.0,100.0,100.0,100.0,100.0,800.0,0.0,0.0,200.0,200.0,225.67583340707242,225.67583340707242,0.0,0.7853981633974483,282.842712474619,10200000.0,255.0,,,100.0,10200000.0,1.0,0.0,0.0,135.0,200.0,1.0,1.000000000106614,1.0,./content/Images1/
351,noise 3 21352.0.png,40000.0,0.0,0.0,0.0,0.0,0.0,100.0,100.0,100.0,100.0,800.0,0.0,0.0,200.0,200.0,225.67583340707242,225.67583340707242,0.0,0.7853981633974483,282.842712474619,0.0,0.0,,,0.0,0.0,1.0,0.0,0.0,135.0,200.0,1.0,1.000000000106614,1.0,./content/Images1/
352,noise 3 21353.0.png,40000.0,255.0,0.0,255.0,255.0,255.0,100.0,100.0,100.0,100.0,800.0,0.0,0.0,200.0,200.0,225.67583340707242,225.67583340707242,0.0,0.7853981633974483,282.842712474619,10200000.0,255.0,,,100.0,10200000.0,1.0,0.0,0.0,135.0,200.0,1.0,1.000000000106614,1.0,./content/Images1/
353,noise 3 21354.0.png,40000.0,4.32225,32.91684968085984,0.0,0.0,255.0,100.0,100.0,100.00294985250737,98.55309734513274,800.0,0.0,0.0,200.0,200.0,225.67583340707242,225.67583340707242,0.0,0.7853981633974483,282.842712474619,172890.00000000003,0.0,7.484269664017725,54.01429240373598,1.695,172890.00000000003,1.0,0.0,0.0,135.0,200.0,1.0,1.000000000106614,1.0,./content/Images1/
354,noise 3 21355.0.png,40000.0,0.0,0.0,0.0,0.0,0.0,100.0,100.0,100.0,100.0,800.0,0.0,0.0,200.0,200.0,225.67583340707242,225.67583340707242,0.0,0.7853981633974483,282.842712474619,0.0,0.0,,,0.0,0.0,1.0,0.0,0.0,135.0,200.0,1.0,1.000000000106614,1.0,./content/Images1/
355,noise 3 21356.0.png,40000.0,0.0,0.0,0.0,0.0,0.0,100.0,100.0,100.0,100.0,800.0,0.0,0.0,200.0,200.0,225.67583340707242,225.67583340707242,0.0,0.7853981633974483,282.842712474619,0.0,0.0,,,0.0,0.0,1.0,0.0,0.0,135.0,200.0,1.0,1.000000000106614,1.0,./content/Images1/
356,noise 3 21357.0.png,40000.0,255.0,0.0,255.0,255.0,255.0,100.0,100.0,100.0,100.0,800.0,0.0,0.0,200.0,200.0,225.67583340707242,225.67583340707242,0.0,0.7853981633974483,282.842712474619,10200000.0,255.0,,,100.0,10200000.0,1.0,0.0,0.0,135.0,200.0,1.0,1.000000000106614,1.0,./content/Images1/
357,noise 3 21358.0.png,40000.0,9.24375,47.66304784726583,0.0,0.0,255.0,100.0,100.0,99.3903448275862,96.77103448275862,800.0,0.0,0.0,200.0,200.0,225.67583340707242,225.67583340707242,0.0,0.7853981633974483,282.842712474619,369750.0,0.0,4.96223945265916,22.623820385527086,3.625,369750.0,1.0,0.0,0.0,135.0,200.0,1.0,1.000000000106614,1.0,./content/Images1/
358,noise 3 21359.0.png,40000.0,255.0,0.0,255.0,255.0,255.0,100.0,100.0,100.0,100.0,800.0,0.0,0.0,200.0,200.0,225.67583340707242,225.67583340707242,0.0,0.7853981633974483,282.842712474619,10200000.0,255.0,,,100.0,10200000.0,1.0,0.0,0.0,135.0,200.0,1.0,1.000000000106614,1.0,./content/Images1/
359,noise 3 21360.0.png,40000.0,116.005875,126.98243265877164,0.0,0.0,255.0,100.0,100.0,100.50939715337692,99.18967412210804,800.0,0.0,0.0,200.0,200.0,225.67583340707242,225.67583340707242,0.0,0.7853981633974483,282.842712474619,4640235.0,0.0,0.18103714724294134,-1.9672255513181383,45.4925,4640235.0,1.0,0.0,0.0,135.0,200.0,1.0,1.000000000106614,1.0,./content/Images1/
360,noise 3 21361.0.png,40000.0,255.0,0.0,255.0,255.0,255.0,100.0,100.0,100.0,100.0,800.0,0.0,0.0,200.0,200.0,225.67583340707242,225.67583340707242,0.0,0.7853981633974483,282.842712474619,10200000.0,255.0,,,100.0,10200000.0,1.0,0.0,0.0,135.0,200.0,1.0,1.000000000106614,1.0,./content/Images1/
361,noise 3 21362.0.png,40000.0,255.0,0.0,255.0,255.0,255.0,100.0,100.0,100.0,100.0,800.0,0.0,0.0,200.0,200.0,225.67583340707242,225.67583340707242,0.0,0.7853981633974483,282.842712474619,10200000.0,255.0,,,100.0,10200000.0,1.0,0.0,0.0,135.0,200.0,1.0,1.000000000106614,1.0,./content/Images1/
362,noise 3 21363.0.png,40000.0,255.0,0.0,255.0,255.0,255.0,100.0,100.0,100.0,100.0,800.0,0.0,0.0,200.0,200.0,225.67583340707242,225.67583340707242,0.0,0.7853981633974483,282.842712474619,10200000.0,255.0,,,100.0,10200000.0,1.0,0.0,0.0,135.0,200.0,1.0,1.000000000106614,1.0,./content/Images1/
363,noise 3 21364.0.png,40000.0,255.0,0.0,255.0,255.0,255.0,100.0,100.0,100.0,100.0,800.0,0.0,0.0,200.0,200.0,225.67583340707242,225.67583340707242,0.0,0.7853981633974483,282.842712474619,10200000.0,255.0,,,100.0,10200000.0,1.0,0.0,0.0,135.0,200.0,1.0,1.000000000106614,1.0,./content/Images1/
364,noise 3 21365.0.png,40000.0,0.0,0.0,0.0,0.0,0.0,100.0,100.0,100.0,100.0,800.0,0.0,0.0,200.0,200.0,225.67583340707242,225.67583340707242,0.0,0.7853981633974483,282.842712474619,0.0,0.0,,,0.0,0.0,1.0,0.0,0.0,135.0,200.0,1.0,1.000000000106614,1.0,./content/Images1/
365,noise 3 21366.0.png,40000.0,255.0,0.0,255.0,255.0,255.0,100.0,100.0,100.0,100.0,800.0,0.0,0.0,200.0,200.0,225.67583340707242,225.67583340707242,0.0,0.7853981633974483,282.842712474619,10200000.0,255.0,,,100.0,10200000.0,1.0,0.0,0.0,135.0,200.0,1.0,1.000000000106614,1.0,./content/Images1/
366,noise 3 21367.0.png,40000.0,0.0,0.0,0.0,0.0,0.0,100.0,100.0,100.0,100.0,800.0,0.0,0.0,200.0,200.0,225.67583340707242,225.67583340707242,0.0,0.7853981633974483,282.842712474619,0.0,0.0,,,0.0,0.0,1.0,0.0,0.0,135.0,200.0,1.0,1.000000000106614,1.0,./content/Images1/
367,noise 3 21368.0.png,40000.0,255.0,0.0,255.0,255.0,255.0,100.0,100.0,100.0,100.0,800.0,0.0,0.0,200.0,200.0,225.67583340707242,225.67583340707242,0.0,0.7853981633974483,282.842712474619,10200000.0,255.0,,,100.0,10200000.0,1.0,0.0,0.0,135.0,200.0,1.0,1.000000000106614,1.0,./content/Images1/
368,noise 3 21369.0.png,40000.0,0.0,0.0,0.0,0.0,0.0,100.0,100.0,100.0,100.0,800.0,0.0,0.0,200.0,200.0,225.67583340707242,225.67583340707242,0.0,0.7853981633974483,282.842712474619,0.0,0.0,,,0.0,0.0,1.0,0.0,0.0,135.0,200.0,1.0,1.000000000106614,1.0,./content/Images1/
369,noise 3 21370.0.png,40000.0,255.0,0.0,255.0,255.0,255.0,100.0,100.0,100.0,100.0,800.0,0.0,0.0,200.0,200.0,225.67583340707242,225.67583340707242,0.0,0.7853981633974483,282.842712474619,10200000.0,255.0,,,100.0,10200000.0,1.0,0.0,0.0,135.0,200.0,1.0,1.000000000106614,1.0,./content/Images1/
370,noise 3 21371.0.png,40000.0,7.171875,42.15965808570585,0.0,0.0,255.0,100.0,100.0,101.7568888888889,101.43688888888889,800.0,0.0,0.0,200.0,200.0,225.67583340707242,225.67583340707242,0.0,0.7853981633974483,282.842712474619,286875.0,0.0,5.708282969712343,30.584494462307966,2.8125,286875.0,1.0,0.0,0.0,135.0,200.0,1.0,1.000000000106614,1.0,./content/Images1/
371,noise 3 21372.0.png,40000.0,0.0,0.0,0.0,0.0,0.0,100.0,100.0,100.0,100.0,800.0,0.0,0.0,200.0,200.0,225.67583340707242,225.67583340707242,0.0,0.7853981633974483,282.842712474619,0.0,0.0,,,0.0,0.0,1.0,0.0,0.0,135.0,200.0,1.0,1.000000000106614,1.0,./content/Images1/
372,noise 3 21373.0.png,40000.0,49.833375,101.11578003028832,0.0,0.0,255.0,100.0,100.0,99.89478060637073,100.13630548803889,800.0,0.0,0.0,200.0,200.0,225.67583340707242,225.67583340707242,0.0,0.7853981633974483,282.842712474619,1993334.9999999998,0.0,1.536211179456883,0.35994478788830797,19.5425,1993334.9999999998,1.0,0.0,0.0,135.0,200.0,1.0,1.000000000106614,1.0,./content/Images1/
373,noise 3 21374.0.png,40000.0,33.9915,86.67524584739328,0.0,0.0,255.0,100.0,100.0,100.12396849212303,100.3381470367592,800.0,0.0,0.0,200.0,200.0,225.67583340707242,225.67583340707242,0.0,0.7853981633974483,282.842712474619,1359660.0,0.0,2.1577018435645723,2.6556772457219537,13.33,1359660.0,1.0,0.0,0.0,135.0,200.0,1.0,1.000000000106614,1.0,./content/Images1/
374,noise 3 21375.0.png,40000.0,255.0,0.0,255.0,255.0,255.0,100.0,100.0,100.0,100.0,800.0,0.0,0.0,200.0,200.0,225.67583340707242,225.67583340707242,0.0,0.7853981633974483,282.842712474619,10200000.0,255.0,,,100.0,10200000.0,1.0,0.0,0.0,135.0,200.0,1.0,1.000000000106614,1.0,./content/Images1/
375,noise 3 21376.0.png,40000.0,0.0,0.0,0.0,0.0,0.0,100.0,100.0,100.0,100.0,800.0,0.0,0.0,200.0,200.0,225.67583340707242,225.67583340707242,0.0,0.7853981633974483,282.842712474619,0.0,0.0,,,0.0,0.0,1.0,0.0,0.0,135.0,200.0,1.0,1.000000000106614,1.0,./content/Images1/
376,noise 3 21377.0.png,40000.0,124.91175,127.47532000692436,0.0,0.0,255.0,100.0,100.0,100.12187404307441,100.36174339083392,800.0,0.0,0.0,200.0,200.0,225.67583340707242,225.67583340707242,0.0,0.7853981633974483,282.842712474619,4996470.0,0.0,0.040608368013369464,-1.998350960447292,48.985,4996470.0,1.0,0.0,0.0,135.0,200.0,1.0,1.000000000106614,1.0,./content/Images1/
377,noise 3 21378.0.png,40000.0,0.0,0.0,0.0,0.0,0.0,100.0,100.0,100.0,100.0,800.0,0.0,0.0,200.0,200.0,225.67583340707242,225.67583340707242,0.0,0.7853981633974483,282.842712474619,0.0,0.0,,,0.0,0.0,1.0,0.0,0.0,135.0,200.0,1.0,1.000000000106614,1.0,./content/Images1/
378,noise 3 21379.0.png,40000.0,255.0,0.0,255.0,255.0,255.0,100.0,100.0,100.0,100.0,800.0,0.0,0.0,200.0,200.0,225.67583340707242,225.67583340707242,0.0,0.7853981633974483,282.842712474619,10200000.0,255.0,,,100.0,10200000.0,1.0,0.0,0.0,135.0,200.0,1.0,1.000000000106614,1.0,./content/Images1/
379,noise 3 21380.0.png,40000.0,0.0,0.0,0.0,0.0,0.0,100.0,100.0,100.0,100.0,800.0,0.0,0.0,200.0,200.0,225.67583340707242,225.67583340707242,0.0,0.7853981633974483,282.842712474619,0.0,0.0,,,0.0,0.0,1.0,0.0,0.0,135.0,200.0,1.0,1.000000000106614,1.0,./content/Images1/
380,noise 3 21381.0.png,40000.0,255.0,0.0,255.0,255.0,255.0,100.0,100.0,100.0,100.0,800.0,0.0,0.0,200.0,200.0,225.67583340707242,225.67583340707242,0.0,0.7853981633974483,282.842712474619,10200000.0,255.0,,,100.0,10200000.0,1.0,0.0,0.0,135.0,200.0,1.0,1.000000000106614,1.0,./content/Images1/
381,noise 3 21382.0.png,40000.0,79.630125,118.17391503347612,0.0,0.0,255.0,100.0,100.0,100.71175246177248,100.6530702105516,800.0,0.0,0.0,200.0,200.0,225.67583340707242,225.67583340707242,0.0,0.7853981633974483,282.842712474619,3185205.0000000005,0.0,0.8101698817559965,-1.3436247626954758,31.2275,3185205.0000000005,1.0,0.0,0.0,135.0,200.0,1.0,1.000000000106614,1.0,./content/Images1/
382,noise 3 21383.0.png,40000.0,0.0,0.0,0.0,0.0,0.0,100.0,100.0,100.0,100.0,800.0,0.0,0.0,200.0,200.0,225.67583340707242,225.67583340707242,0.0,0.7853981633974483,282.842712474619,0.0,0.0,,,0.0,0.0,1.0,0.0,0.0,135.0,200.0,1.0,1.000000000106614,1.0,./content/Images1/
383,noise 3 21384.0.png,40000.0,17.07225,63.73432027979147,0.0,0.0,255.0,100.0,100.0,99.70724421209859,99.61202389843166,800.0,0.0,0.0,200.0,200.0,225.67583340707242,225.67583340707242,0.0,0.7853981633974483,282.842712474619,682890.0,0.0,3.465295617431141,10.008273716187475,6.695,682890.0,1.0,0.0,0.0,135.0,200.0,1.0,1.000000000106614,1.0,./content/Images1/
384,noise 3 21385.0.png,40000.0,53.244,103.64634594680945,0.0,0.0,255.0,100.0,100.0,99.97737068965517,100.36590038314176,800.0,0.0,0.0,200.0,200.0,225.67583340707242,225.67583340707242,0.0,0.7853981633974483,282.842712474619,2129760.0,0.0,1.4328904225048558,0.053174962906143985,20.88,2129760.0,1.0,0.0,0.0,135.0,200.0,1.0,1.000000000106614,1.0,./content/Images1/
385,noise 3 21386.0.png,40000.0,255.0,0.0,255.0,255.0,255.0,100.0,100.0,100.0,100.0,800.0,0.0,0.0,200.0,200.0,225.67583340707242,225.67583340707242,0.0,0.7853981633974483,282.842712474619,10200000.0,255.0,,,100.0,10200000.0,1.0,0.0,0.0,135.0,200.0,1.0,1.000000000106614,1.0,./content/Images1/
386,noise 3 21387.0.png,40000.0,255.0,0.0,255.0,255.0,255.0,100.0,100.0,100.0,100.0,800.0,0.0,0.0,200.0,200.0,225.67583340707242,225.67583340707242,0.0,0.7853981633974483,282.842712474619,10200000.0,255.0,,,100.0,10200000.0,1.0,0.0,0.0,135.0,200.0,1.0,1.000000000106614,1.0,./content/Images1/
387,noise 3 21388.0.png,40000.0,255.0,0.0,255.0,255.0,255.0,100.0,100.0,100.0,100.0,800.0,0.0,0.0,200.0,200.0,225.67583340707242,225.67583340707242,0.0,0.7853981633974483,282.842712474619,10200000.0,255.0,,,100.0,10200000.0,1.0,0.0,0.0,135.0,200.0,1.0,1.000000000106614,1.0,./content/Images1/
388,noise 3 21389.0.png,40000.0,0.0,0.0,0.0,0.0,0.0,100.0,100.0,100.0,100.0,800.0,0.0,0.0,200.0,200.0,225.67583340707242,225.67583340707242,0.0,0.7853981633974483,282.842712474619,0.0,0.0,,,0.0,0.0,1.0,0.0,0.0,135.0,200.0,1.0,1.000000000106614,1.0,./content/Images1/
389,noise 3 21390.0.png,40000.0,198.664125,105.79318086678518,255.0,0.0,255.0,100.0,100.0,100.04936944453358,99.94767833648878,800.0,0.0,0.0,200.0,200.0,225.67583340707242,225.67583340707242,0.0,0.7853981633974483,282.842712474619,7946565.000000001,255.0,-1.345361090103775,-0.19000353723478236,77.9075,7946565.000000001,1.0,0.0,0.0,135.0,200.0,1.0,1.000000000106614,1.0,./content/Images1/
390,noise 3 21391.0.png,40000.0,0.0,0.0,0.0,0.0,0.0,100.0,100.0,100.0,100.0,800.0,0.0,0.0,200.0,200.0,225.67583340707242,225.67583340707242,0.0,0.7853981633974483,282.842712474619,0.0,0.0,,,0.0,0.0,1.0,0.0,0.0,135.0,200.0,1.0,1.000000000106614,1.0,./content/Images1/
391,noise 3 21392.0.png,40000.0,0.0,0.0,0.0,0.0,0.0,100.0,100.0,100.0,100.0,800.0,0.0,0.0,200.0,200.0,225.67583340707242,225.67583340707242,0.0,0.7853981633974483,282.842712474619,0.0,0.0,,,0.0,0.0,1.0,0.0,0.0,135.0,200.0,1.0,1.000000000106614,1.0,./content/Images1/
392,noise 3 21393.0.png,40000.0,120.60225,127.31487058409279,0.0,0.0,255.0,100.0,100.0,100.32973887303098,100.05243683264615,800.0,0.0,0.0,200.0,200.0,225.67583340707242,225.67583340707242,0.0,0.7853981633974483,282.842712474619,4824090.0,0.0,0.10835868884515905,-1.9882583945517585,47.295,4824090.0,1.0,0.0,0.0,135.0,200.0,1.0,1.000000000106614,1.0,./content/Images1/
393,noise 3 21394.0.png,40000.0,0.0,0.0,0.0,0.0,0.0,100.0,100.0,100.0,100.0,800.0,0.0,0.0,200.0,200.0,225.67583340707242,225.67583340707242,0.0,0.7853981633974483,282.842712474619,0.0,0.0,,,0.0,0.0,1.0,0.0,0.0,135.0,200.0,1.0,1.000000000106614,1.0,./content/Images1/
394,noise 3 21395.0.png,40000.0,255.0,0.0,255.0,255.0,255.0,100.0,100.0,100.0,100.0,800.0,0.0,0.0,200.0,200.0,225.67583340707242,225.67583340707242,0.0,0.7853981633974483,282.842712474619,10200000.0,255.0,,,100.0,10200000.0,1.0,0.0,0.0,135.0,200.0,1.0,1.000000000106614,1.0,./content/Images1/
395,noise 3 21396.0.png,40000.0,0.0,0.0,0.0,0.0,0.0,100.0,100.0,100.0,100.0,800.0,0.0,0.0,200.0,200.0,225.67583340707242,225.67583340707242,0.0,0.7853981633974483,282.842712474619,0.0,0.0,,,0.0,0.0,1.0,0.0,0.0,135.0,200.0,1.0,1.000000000106614,1.0,./content/Images1/
396,noise 3 21397.0.png,40000.0,255.0,0.0,255.0,255.0,255.0,100.0,100.0,100.0,100.0,800.0,0.0,0.0,200.0,200.0,225.67583340707242,225.67583340707242,0.0,0.7853981633974483,282.842712474619,10200000.0,255.0,,,100.0,10200000.0,1.0,0.0,0.0,135.0,200.0,1.0,1.000000000106614,1.0,./content/Images1/
397,noise 3 21398.0.png,40000.0,150.246,125.45621931803198,255.0,0.0,255.0,100.0,100.0,101.53538696537679,100.07208927359132,800.0,0.0,0.0,200.0,200.0,225.67583340707242,225.67583340707242,0.0,0.7853981633974483,282.842712474619,6009840.0,255.0,-0.36261708592810843,-1.8685088489930046,58.92,6009840.0,1.0,0.0,0.0,135.0,200.0,1.0,1.000000000106614,1.0,./content/Images1/
398,noise 3 21399.0.png,40000.0,255.0,0.0,255.0,255.0,255.0,100.0,100.0,100.0,100.0,800.0,0.0,0.0,200.0,200.0,225.67583340707242,225.67583340707242,0.0,0.7853981633974483,282.842712474619,10200000.0,255.0,,,100.0,10200000.0,1.0,0.0,0.0,135.0,200.0,1.0,1.000000000106614,1.0,./content/Images1/
399,noise 3 21400.0.png,40000.0,255.0,0.0,255.0,255.0,255.0,100.0,100.0,100.0,100.0,800.0,0.0,0.0,200.0,200.0,225.67583340707242,225.67583340707242,0.0,0.7853981633974483,282.842712474619,10200000.0,255.0,,,100.0,10200000.0,1.0,0.0,0.0,135.0,200.0,1.0,1.000000000106614,1.0,./content/Images1/
400,noise 3 21401.0.png,40000.0,108.394125,126.06194045311672,0.0,0.0,255.0,100.0,100.0,99.9546256542963,99.86346527083455,800.0,0.0,0.0,200.0,200.0,225.67583340707242,225.67583340707242,0.0,0.7853981633974483,282.842712474619,4335765.0,0.0,0.30312263573352266,-1.9081166677059613,42.5075,4335765.0,1.0,0.0,0.0,135.0,200.0,1.0,1.000000000106614,1.0,./content/Images1/
401,noise 3 21402.0.png,40000.0,14.426625,58.91305996827228,0.0,0.0,255.0,100.0,100.0,101.6064958020327,100.08020326999558,800.0,0.0,0.0,200.0,200.0,225.67583340707242,225.67583340707242,0.0,0.7853981633974483,282.842712474619,577065.0,0.0,3.8387002306309075,12.73561946064578,5.6575,577065.0,1.0,0.0,0.0,135.0,200.0,1.0,1.000000000106614,1.0,./content/Images1/
402,noise 3 21403.0.png,40000.0,0.0,0.0,0.0,0.0,0.0,100.0,100.0,100.0,100.0,800.0,0.0,0.0,200.0,200.0,225.67583340707242,225.67583340707242,0.0,0.7853981633974483,282.842712474619,0.0,0.0,,,0.0,0.0,1.0,0.0,0.0,135.0,200.0,1.0,1.000000000106614,1.0,./content/Images1/
403,noise 3 21404.0.png,40000.0,0.0,0.0,0.0,0.0,0.0,100.0,100.0,100.0,100.0,800.0,0.0,0.0,200.0,200.0,225.67583340707242,225.67583340707242,0.0,0.7853981633974483,282.842712474619,0.0,0.0,,,0.0,0.0,1.0,0.0,0.0,135.0,200.0,1.0,1.000000000106614,1.0,./content/Images1/
404,noise 3 21405.0.png,40000.0,59.905875,108.10909515344093,0.0,0.0,255.0,100.0,100.0,100.29802064488666,100.18298393104182,800.0,0.0,0.0,200.0,200.0,225.67583340707242,225.67583340707242,0.0,0.7853981633974483,282.842712474619,2396235.0,0.0,1.2504955266985924,-0.4362609377068094,23.4925,2396235.0,1.0,0.0,0.0,135.0,200.0,1.0,1.000000000106614,1.0,./content/Images1/
405,noise 3 21406.0.png,40000.0,255.0,0.0,255.0,255.0,255.0,100.0,100.0,100.0,100.0,800.0,0.0,0.0,200.0,200.0,225.67583340707242,225.67583340707242,0.0,0.7853981633974483,282.842712474619,10200000.0,255.0,,,100.0,10200000.0,1.0,0.0,0.0,135.0,200.0,1.0,1.000000000106614,1.0,./content/Images1/
406,noise 3 21407.0.png,40000.0,255.0,0.0,255.0,255.0,255.0,100.0,100.0,100.0,100.0,800.0,0.0,0.0,200.0,200.0,225.67583340707242,225.67583340707242,0.0,0.7853981633974483,282.842712474619,10200000.0,255.0,,,100.0,10200000.0,1.0,0.0,0.0,135.0,200.0,1.0,1.000000000106614,1.0,./content/Images1/
407,noise 3 21408.0.png,40000.0,57.483375,106.55611704055916,0.0,0.0,255.0,100.0,100.0,100.3352001774426,100.52983253853832,800.0,0.0,0.0,200.0,200.0,225.67583340707242,225.67583340707242,0.0,0.7853981633974483,282.842712474619,2299335.0,0.0,1.3141901594926126,-0.2729042246927813,22.5425,2299335.0,1.0,0.0,0.0,135.0,200.0,1.0,1.000000000106614,1.0,./content/Images1/
408,noise 3 21409.0.png,40000.0,0.0,0.0,0.0,0.0,0.0,100.0,100.0,100.0,100.0,800.0,0.0,0.0,200.0,200.0,225.67583340707242,225.67583340707242,0.0,0.7853981633974483,282.842712474619,0.0,0.0,,,0.0,0.0,1.0,0.0,0.0,135.0,200.0,1.0,1.000000000106614,1.0,./content/Images1/
409,noise 3 21410.0.png,40000.0,60.594375,108.53654613956338,0.0,0.0,255.0,100.0,100.0,100.28137822198843,100.40142030510258,800.0,0.0,0.0,200.0,200.0,225.67583340707242,225.67583340707242,0.0,0.7853981633974483,282.842712474619,2423775.0,0.0,1.2328835533417684,-0.4799981438993761,23.7625,2423775.0,1.0,0.0,0.0,135.0,200.0,1.0,1.000000000106614,1.0,./content/Images1/
410,noise 3 21411.0.png,40000.0,49.106625,100.55337652534419,0.0,0.0,255.0,100.0,100.0,99.99500194729326,99.96150850318058,800.0,0.0,0.0,200.0,200.0,225.67583340707242,225.67583340707242,0.0,0.7853981633974483,282.842712474619,1964265.0,0.0,1.559258528047584,0.4312871572891184,19.2575,1964265.0,1.0,0.0,0.0,135.0,200.0,1.0,1.000000000106614,1.0,./content/Images1/
411,noise 3 21412.0.png,40000.0,255.0,0.0,255.0,255.0,255.0,100.0,100.0,100.0,100.0,800.0,0.0,0.0,200.0,200.0,225.67583340707242,225.67583340707242,0.0,0.7853981633974483,282.842712474619,10200000.0,255.0,,,100.0,10200000.0,1.0,0.0,0.0,135.0,200.0,1.0,1.000000000106614,1.0,./content/Images1/
412,noise 3 21413.0.png,40000.0,255.0,0.0,255.0,255.0,255.0,100.0,100.0,100.0,100.0,800.0,0.0,0.0,200.0,200.0,225.67583340707242,225.67583340707242,0.0,0.7853981633974483,282.842712474619,10200000.0,255.0,,,100.0,10200000.0,1.0,0.0,0.0,135.0,200.0,1.0,1.000000000106614,1.0,./content/Images1/
413,noise 3 21414.0.png,40000.0,0.0,0.0,0.0,0.0,0.0,100.0,100.0,100.0,100.0,800.0,0.0,0.0,200.0,200.0,225.67583340707242,225.67583340707242,0.0,0.7853981633974483,282.842712474619,0.0,0.0,,,0.0,0.0,1.0,0.0,0.0,135.0,200.0,1.0,1.000000000106614,1.0,./content/Images1/
414,noise 3 21415.0.png,40000.0,24.837,75.60887083228867,0.0,0.0,255.0,100.0,100.0,100.79748459958932,101.49101642710473,800.0,0.0,0.0,200.0,200.0,225.67583340707242,225.67583340707242,0.0,0.7853981633974483,282.842712474619,993480.0,0.0,2.7156676771244546,5.374850932578527,9.74,993480.0,1.0,0.0,0.0,135.0,200.0,1.0,1.000000000106614,1.0,./content/Images1/
415,noise 3 21416.0.png,40000.0,110.6955,126.38931179575039,0.0,0.0,255.0,100.0,100.0,99.13343699608386,102.41568762957844,800.0,0.0,0.0,200.0,200.0,225.67583340707242,225.67583340707242,0.0,0.7853981633974483,282.842712474619,4427820.0,0.0,0.2659197968787995,-1.9292866616279392,43.41,4427820.0,1.0,0.0,0.0,135.0,200.0,1.0,1.000000000106614,1.0,./content/Images1/
416,noise 3 21417.0.png,40000.0,0.0,0.0,0.0,0.0,0.0,100.0,100.0,100.0,100.0,800.0,0.0,0.0,200.0,200.0,225.67583340707242,225.67583340707242,0.0,0.7853981633974483,282.842712474619,0.0,0.0,,,0.0,0.0,1.0,0.0,0.0,135.0,200.0,1.0,1.000000000106614,1.0,./content/Images1/
417,noise 3 21418.0.png,40000.0,35.7,88.48279906367821,0.0,0.0,255.0,100.0,100.0,99.51660714285714,100.69142857142857,800.0,0.0,0.0,200.0,200.0,225.67583340707242,225.67583340707242,0.0,0.7853981633974483,282.842712474619,1428000.0,0.0,2.075005503735246,2.3056478405315604,14.0,1428000.0,1.0,0.0,0.0,135.0,200.0,1.0,1.000000000106614,1.0,./content/Images1/
418,noise 3 21419.0.png,40000.0,255.0,0.0,255.0,255.0,255.0,100.0,100.0,100.0,100.0,800.0,0.0,0.0,200.0,200.0,225.67583340707242,225.67583340707242,0.0,0.7853981633974483,282.842712474619,10200000.0,255.0,,,100.0,10200000.0,1.0,0.0,0.0,135.0,200.0,1.0,1.000000000106614,1.0,./content/Images1/
419,noise 3 21420.0.png,40000.0,18.37275,65.93634807515076,0.0,0.0,255.0,100.0,100.0,100.98334489937544,99.5825815405968,800.0,0.0,0.0,200.0,200.0,225.67583340707242,225.67583340707242,0.0,0.7853981633974483,282.842712474619,734910.0,0.0,3.3101200567499798,8.956894790098488,7.205,734910.0,1.0,0.0,0.0,135.0,200.0,1.0,1.000000000106614,1.0,./content/Images1/
420,noise 3 21421.0.png,40000.0,0.0,0.0,0.0,0.0,0.0,100.0,100.0,100.0,100.0,800.0,0.0,0.0,200.0,200.0,225.67583340707242,225.67583340707242,0.0,0.7853981633974483,282.842712474619,0.0,0.0,,,0.0,0.0,1.0,0.0,0.0,135.0,200.0,1.0,1.000000000106614,1.0,./content/Images1/
421,noise 3 21422.0.png,40000.0,98.7615,124.22050710776242,0.0,0.0,255.0,100.0,100.0,99.96682158533437,99.7581977794991,800.0,0.0,0.0,200.0,200.0,225.67583340707242,225.67583340707242,0.0,0.7853981633974483,282.842712474619,3950460.0,0.0,0.46270716336803425,-1.7859020809679083,38.73,3950460.0,1.0,0.0,0.0,135.0,200.0,1.0,1.000000000106614,1.0,./content/Images1/
422,noise 3 21423.0.png,40000.0,45.166875,97.35370291530343,0.0,0.0,255.0,100.0,100.0,100.42858151023289,100.19414255469302,800.0,0.0,0.0,200.0,200.0,225.67583340707242,225.67583340707242,0.0,0.7853981633974483,282.842712474619,1806675.0,0.0,1.691443709233936,0.8609818215070555,17.7125,1806675.0,1.0,0.0,0.0,135.0,200.0,1.0,1.000000000106614,1.0,./content/Images1/
423,noise 3 21424.0.png,40000.0,255.0,0.0,255.0,255.0,255.0,100.0,100.0,100.0,100.0,800.0,0.0,0.0,200.0,200.0,225.67583340707242,225.67583340707242,0.0,0.7853981633974483,282.842712474619,10200000.0,255.0,,,100.0,10200000.0,1.0,0.0,0.0,135.0,200.0,1.0,1.000000000106614,1.0,./content/Images1/
424,noise 3 21425.0.png,40000.0,25.959,77.10916913441044,0.0,0.0,255.0,100.0,100.0,100.07858546168958,99.7070235756385,800.0,0.0,0.0,200.0,200.0,225.67583340707242,225.67583340707242,0.0,0.7853981633974483,282.842712474619,1038360.0,0.0,2.633727491196253,4.93652049788291,10.18,1038360.0,1.0,0.0,0.0,135.0,200.0,1.0,1.000000000106614,1.0,./content/Images1/
425,noise 3 21426.0.png,40000.0,23.810625,74.19502095584137,0.0,0.0,255.0,100.0,100.0,99.26305220883535,100.66412315930388,800.0,0.0,0.0,200.0,200.0,225.67583340707242,225.67583340707242,0.0,0.7853981633974483,282.842712474619,952425.0000000001,0.0,2.795084354870759,5.812496550843292,9.3375,952425.0000000001,1.0,0.0,0.0,135.0,200.0,1.0,1.000000000106614,1.0,./content/Images1/
426,noise 3 21427.0.png,40000.0,134.684625,127.29900348988052,255.0,0.0,255.0,100.0,100.0,100.43098878212713,99.62065129928527,800.0,0.0,0.0,200.0,200.0,225.67583340707242,225.67583340707242,0.0,0.7853981633974483,282.842712474619,5387385.0,255.0,-0.11287935667253834,-1.9872582508371939,52.8175,5387385.0,1.0,0.0,0.0,135.0,200.0,1.0,1.000000000106614,1.0,./content/Images1/
427,noise 3 21428.0.png,40000.0,15.905625,61.66879716982474,0.0,0.0,255.0,100.0,100.0,99.96693386773548,101.63186372745491,800.0,0.0,0.0,200.0,200.0,225.67583340707242,225.67583340707242,0.0,0.7853981633974483,282.842712474619,636225.0,0.0,3.619197230279305,11.098588591661393,6.2375,636225.0,1.0,0.0,0.0,135.0,200.0,1.0,1.000000000106614,1.0,./content/Images1/
428,noise 3 21429.0.png,40000.0,255.0,0.0,255.0,255.0,255.0,100.0,100.0,100.0,100.0,800.0,0.0,0.0,200.0,200.0,225.67583340707242,225.67583340707242,0.0,0.7853981633974483,282.842712474619,10200000.0,255.0,,,100.0,10200000.0,1.0,0.0,0.0,135.0,200.0,1.0,1.000000000106614,1.0,./content/Images1/
429,noise 3 21430.0.png,40000.0,255.0,0.0,255.0,255.0,255.0,100.0,100.0,100.0,100.0,800.0,0.0,0.0,200.0,200.0,225.67583340707242,225.67583340707242,0.0,0.7853981633974483,282.842712474619,10200000.0,255.0,,,100.0,10200000.0,1.0,0.0,0.0,135.0,200.0,1.0,1.000000000106614,1.0,./content/Images1/
430,noise 3 21431.0.png,40000.0,0.0,0.0,0.0,0.0,0.0,100.0,100.0,100.0,100.0,800.0,0.0,0.0,200.0,200.0,225.67583340707242,225.67583340707242,0.0,0.7853981633974483,282.842712474619,0.0,0.0,,,0.0,0.0,1.0,0.0,0.0,135.0,200.0,1.0,1.000000000106614,1.0,./content/Images1/
431,noise 3 21432.0.png,40000.0,255.0,0.0,255.0,255.0,255.0,100.0,100.0,100.0,100.0,800.0,0.0,0.0,200.0,200.0,225.67583340707242,225.67583340707242,0.0,0.7853981633974483,282.842712474619,10200000.0,255.0,,,100.0,10200000.0,1.0,0.0,0.0,135.0,200.0,1.0,1.000000000106614,1.0,./content/Images1/
432,noise 3 21433.0.png,40000.0,64.923,111.08860242139919,0.0,0.0,255.0,100.0,100.0,100.55999607227022,100.57138648860959,800.0,0.0,0.0,200.0,200.0,225.67583340707242,225.67583340707242,0.0,0.7853981633974483,282.842712474619,2596920.0,0.0,1.1266283104325439,-0.7307086501319118,25.46,2596920.0,1.0,0.0,0.0,135.0,200.0,1.0,1.000000000106614,1.0,./content/Images1/
433,noise 3 21434.0.png,40000.0,0.0,0.0,0.0,0.0,0.0,100.0,100.0,100.0,100.0,800.0,0.0,0.0,200.0,200.0,225.67583340707242,225.67583340707242,0.0,0.7853981633974483,282.842712474619,0.0,0.0,,,0.0,0.0,1.0,0.0,0.0,135.0,200.0,1.0,1.000000000106614,1.0,./content/Images1/
434,noise 3 21435.0.png,40000.0,255.0,0.0,255.0,255.0,255.0,100.0,100.0,100.0,100.0,800.0,0.0,0.0,200.0,200.0,225.67583340707242,225.67583340707242,0.0,0.7853981633974483,282.842712474619,10200000.0,255.0,,,100.0,10200000.0,1.0,0.0,0.0,135.0,200.0,1.0,1.000000000106614,1.0,./content/Images1/
435,noise 3 21436.0.png,40000.0,255.0,0.0,255.0,255.0,255.0,100.0,100.0,100.0,100.0,800.0,0.0,0.0,200.0,200.0,225.67583340707242,225.67583340707242,0.0,0.7853981633974483,282.842712474619,10200000.0,255.0,,,100.0,10200000.0,1.0,0.0,0.0,135.0,200.0,1.0,1.000000000106614,1.0,./content/Images1/
436,noise 3 21437.0.png,40000.0,255.0,0.0,255.0,255.0,255.0,100.0,100.0,100.0,100.0,800.0,0.0,0.0,200.0,200.0,225.67583340707242,225.67583340707242,0.0,0.7853981633974483,282.842712474619,10200000.0,255.0,,,100.0,10200000.0,1.0,0.0,0.0,135.0,200.0,1.0,1.000000000106614,1.0,./content/Images1/
437,noise 3 21438.0.png,40000.0,109.299375,126.19582157997142,0.0,0.0,255.0,100.0,100.0,99.1180227471566,101.16030912802566,800.0,0.0,0.0,200.0,200.0,225.67583340707242,225.67583340707242,0.0,0.7853981633974483,282.842712474619,4371975.0,0.0,0.2884541228735425,-1.9167942189972556,42.8625,4371975.0,1.0,0.0,0.0,135.0,200.0,1.0,1.000000000106614,1.0,./content/Images1/
438,noise 3 21439.0.png,40000.0,46.70325,98.63254229156557,0.0,0.0,255.0,100.0,100.0,99.62585312585313,101.05350805350805,800.0,0.0,0.0,200.0,200.0,225.67583340707242,225.67583340707242,0.0,0.7853981633974483,282.842712474619,1868129.9999999998,0.0,1.6383590669186563,0.6842204321545688,18.315,1868129.9999999998,1.0,0.0,0.0,135.0,200.0,1.0,1.000000000106614,1.0,./content/Images1/
439,noise 3 21440.0.png,40000.0,0.0,0.0,0.0,0.0,0.0,100.0,100.0,100.0,100.0,800.0,0.0,0.0,200.0,200.0,225.67583340707242,225.67583340707242,0.0,0.7853981633974483,282.842712474619,0.0,0.0,,,0.0,0.0,1.0,0.0,0.0,135.0,200.0,1.0,1.000000000106614,1.0,./content/Images1/
440,noise 3 21441.0.png,40000.0,0.0,0.0,0.0,0.0,0.0,100.0,100.0,100.0,100.0,800.0,0.0,0.0,200.0,200.0,225.67583340707242,225.67583340707242,0.0,0.7853981633974483,282.842712474619,0.0,0.0,,,0.0,0.0,1.0,0.0,0.0,135.0,200.0,1.0,1.000000000106614,1.0,./content/Images1/
441,noise 3 21442.0.png,40000.0,89.4285,121.68476103143188,0.0,0.0,255.0,100.0,100.0,100.18733960650128,100.0918876532649,800.0,0.0,0.0,200.0,200.0,225.67583340707242,225.67583340707242,0.0,0.7853981633974483,282.842712474619,3577140.0,0.0,0.6257476380767016,-1.6084398934414295,35.07,3577140.0,1.0,0.0,0.0,135.0,200.0,1.0,1.000000000106614,1.0,./content/Images1/
442,noise 3 21443.0.png,40000.0,255.0,0.0,255.0,255.0,255.0,100.0,100.0,100.0,100.0,800.0,0.0,0.0,200.0,200.0,225.67583340707242,225.67583340707242,0.0,0.7853981633974483,282.842712474619,10200000.0,255.0,,,100.0,10200000.0,1.0,0.0,0.0,135.0,200.0,1.0,1.000000000106614,1.0,./content/Images1/
443,noise 3 21444.0.png,40000.0,255.0,0.0,255.0,255.0,255.0,100.0,100.0,100.0,100.0,800.0,0.0,0.0,200.0,200.0,225.67583340707242,225.67583340707242,0.0,0.7853981633974483,282.842712474619,10200000.0,255.0,,,100.0,10200000.0,1.0,0.0,0.0,135.0,200.0,1.0,1.000000000106614,1.0,./content/Images1/
444,noise 3 21445.0.png,40000.0,0.0,0.0,0.0,0.0,0.0,100.0,100.0,100.0,100.0,800.0,0.0,0.0,200.0,200.0,225.67583340707242,225.67583340707242,0.0,0.7853981633974483,282.842712474619,0.0,0.0,,,0.0,0.0,1.0,0.0,0.0,135.0,200.0,1.0,1.000000000106614,1.0,./content/Images1/
445,noise 3 21446.0.png,40000.0,0.0,0.0,0.0,0.0,0.0,100.0,100.0,100.0,100.0,800.0,0.0,0.0,200.0,200.0,225.67583340707242,225.67583340707242,0.0,0.7853981633974483,282.842712474619,0.0,0.0,,,0.0,0.0,1.0,0.0,0.0,135.0,200.0,1.0,1.000000000106614,1.0,./content/Images1/
446,noise 3 21447.0.png,40000.0,0.0,0.0,0.0,0.0,0.0,100.0,100.0,100.0,100.0,800.0,0.0,0.0,200.0,200.0,225.67583340707242,225.67583340707242,0.0,0.7853981633974483,282.842712474619,0.0,0.0,,,0.0,0.0,1.0,0.0,0.0,135.0,200.0,1.0,1.000000000106614,1.0,./content/Images1/
447,noise 3 21448.0.png,40000.0,193.17525,109.28545246367653,255.0,0.0,255.0,100.0,100.0,100.02930499636987,99.88947924229424,800.0,0.0,0.0,200.0,200.0,225.67583340707242,225.67583340707242,0.0,0.7853981633974483,282.842712474619,7727010.0,255.0,-1.2019179035351828,-0.555393353161592,75.755,7727010.0,1.0,0.0,0.0,135.0,200.0,1.0,1.000000000106614,1.0,./content/Images1/
448,noise 3 21449.0.png,40000.0,32.506125,85.04466195680689,0.0,0.0,255.0,100.0,100.0,99.28309472445578,99.00911943518336,800.0,0.0,0.0,200.0,200.0,225.67583340707242,225.67583340707242,0.0,0.7853981633974483,282.842712474619,1300245.0,0.0,2.23400411642412,2.990774392199911,12.7475,1300245.0,1.0,0.0,0.0,135.0,200.0,1.0,1.000000000106614,1.0,./content/Images1/
449,noise 3 21450.0.png,40000.0,255.0,0.0,255.0,255.0,255.0,100.0,100.0,100.0,100.0,800.0,0.0,0.0,200.0,200.0,225.67583340707242,225.67583340707242,0.0,0.7853981633974483,282.842712474619,10200000.0,255.0,,,100.0,10200000.0,1.0,0.0,0.0,135.0,200.0,1.0,1.000000000106614,1.0,./content/Images1/
450,noise 3 21451.0.png,40000.0,0.0,0.0,0.0,0.0,0.0,100.0,100.0,100.0,100.0,800.0,0.0,0.0,200.0,200.0,225.67583340707242,225.67583340707242,0.0,0.7853981633974483,282.842712474619,0.0,0.0,,,0.0,0.0,1.0,0.0,0.0,135.0,200.0,1.0,1.000000000106614,1.0,./content/Images1/
451,noise 3 21452.0.png,40000.0,1.275,17.986313204394257,0.0,0.0,255.0,100.0,100.0,100.45,98.55,800.0,0.0,0.0,200.0,200.0,225.67583340707242,225.67583340707242,0.0,0.7853981633974483,282.842712474619,51000.0,0.0,14.035847859165054,195.00502512562815,0.5,51000.0,1.0,0.0,0.0,135.0,200.0,1.0,1.000000000106614,1.0,./content/Images1/
452,noise 3 21453.0.png,40000.0,68.07225,112.80474570116195,0.0,0.0,255.0,100.0,100.0,101.32431166885185,100.6360741711931,800.0,0.0,0.0,200.0,200.0,225.67583340707242,225.67583340707242,0.0,0.7853981633974483,282.842712474619,2722890.0,0.0,1.0536523528582626,-0.8898167193162472,26.695,2722890.0,1.0,0.0,0.0,135.0,200.0,1.0,1.000000000106614,1.0,./content/Images1/
453,noise 3 21454.0.png,40000.0,0.0,0.0,0.0,0.0,0.0,100.0,100.0,100.0,100.0,800.0,0.0,0.0,200.0,200.0,225.67583340707242,225.67583340707242,0.0,0.7853981633974483,282.842712474619,0.0,0.0,,,0.0,0.0,1.0,0.0,0.0,135.0,200.0,1.0,1.000000000106614,1.0,./content/Images1/
454,noise 3 21455.0.png,40000.0,255.0,0.0,255.0,255.0,255.0,100.0,100.0,100.0,100.0,800.0,0.0,0.0,200.0,200.0,225.67583340707242,225.67583340707242,0.0,0.7853981633974483,282.842712474619,10200000.0,255.0,,,100.0,10200000.0,1.0,0.0,0.0,135.0,200.0,1.0,1.000000000106614,1.0,./content/Images1/
455,noise 3 21456.0.png,40000.0,255.0,0.0,255.0,255.0,255.0,100.0,100.0,100.0,100.0,800.0,0.0,0.0,200.0,200.0,225.67583340707242,225.67583340707242,0.0,0.7853981633974483,282.842712474619,10200000.0,255.0,,,100.0,10200000.0,1.0,0.0,0.0,135.0,200.0,1.0,1.000000000106614,1.0,./content/Images1/
456,noise 3 21457.0.png,40000.0,255.0,0.0,255.0,255.0,255.0,100.0,100.0,100.0,100.0,800.0,0.0,0.0,200.0,200.0,225.67583340707242,225.67583340707242,0.0,0.7853981633974483,282.842712474619,10200000.0,255.0,,,100.0,10200000.0,1.0,0.0,0.0,135.0,200.0,1.0,1.000000000106614,1.0,./content/Images1/
457,noise 3 21458.0.png,40000.0,0.0,0.0,0.0,0.0,0.0,100.0,100.0,100.0,100.0,800.0,0.0,0.0,200.0,200.0,225.67583340707242,225.67583340707242,0.0,0.7853981633974483,282.842712474619,0.0,0.0,,,0.0,0.0,1.0,0.0,0.0,135.0,200.0,1.0,1.000000000106614,1.0,./content/Images1/
458,noise 3 21459.0.png,40000.0,255.0,0.0,255.0,255.0,255.0,100.0,100.0,100.0,100.0,800.0,0.0,0.0,200.0,200.0,225.67583340707242,225.67583340707242,0.0,0.7853981633974483,282.842712474619,10200000.0,255.0,,,100.0,10200000.0,1.0,0.0,0.0,135.0,200.0,1.0,1.000000000106614,1.0,./content/Images1/
459,noise 3 21460.0.png,40000.0,0.0,0.0,0.0,0.0,0.0,100.0,100.0,100.0,100.0,800.0,0.0,0.0,200.0,200.0,225.67583340707242,225.67583340707242,0.0,0.7853981633974483,282.842712474619,0.0,0.0,,,0.0,0.0,1.0,0.0,0.0,135.0,200.0,1.0,1.000000000106614,1.0,./content/Images1/
460,noise 3 21461.0.png,40000.0,255.0,0.0,255.0,255.0,255.0,100.0,100.0,100.0,100.0,800.0,0.0,0.0,200.0,200.0,225.67583340707242,225.67583340707242,0.0,0.7853981633974483,282.842712474619,10200000.0,255.0,,,100.0,10200000.0,1.0,0.0,0.0,135.0,200.0,1.0,1.000000000106614,1.0,./content/Images1/
461,noise 3 21462.0.png,40000.0,68.70975,113.13830700452564,0.0,0.0,255.0,100.0,100.0,100.22972722211914,100.01781406568936,800.0,0.0,0.0,200.0,200.0,225.67583340707242,225.67583340707242,0.0,0.7853981633974483,282.842712474619,2748390.0,0.0,1.03927637682527,-0.9199046125729389,26.945,2748390.0,1.0,0.0,0.0,135.0,200.0,1.0,1.000000000106614,1.0,./content/Images1/
462,noise 3 21463.0.png,40000.0,255.0,0.0,255.0,255.0,255.0,100.0,100.0,100.0,100.0,800.0,0.0,0.0,200.0,200.0,225.67583340707242,225.67583340707242,0.0,0.7853981633974483,282.842712474619,10200000.0,255.0,,,100.0,10200000.0,1.0,0.0,0.0,135.0,200.0,1.0,1.000000000106614,1.0,./content/Images1/
463,noise 3 21464.0.png,40000.0,255.0,0.0,255.0,255.0,255.0,100.0,100.0,100.0,100.0,800.0,0.0,0.0,200.0,200.0,225.67583340707242,225.67583340707242,0.0,0.7853981633974483,282.842712474619,10200000.0,255.0,,,100.0,10200000.0,1.0,0.0,0.0,135.0,200.0,1.0,1.000000000106614,1.0,./content/Images1/
464,noise 3 21465.0.png,40000.0,0.0,0.0,0.0,0.0,0.0,100.0,100.0,100.0,100.0,800.0,0.0,0.0,200.0,200.0,225.67583340707242,225.67583340707242,0.0,0.7853981633974483,282.842712474619,0.0,0.0,,,0.0,0.0,1.0,0.0,0.0,135.0,200.0,1.0,1.000000000106614,1.0,./content/Images1/
465,noise 3 21466.0.png,40000.0,114.342,126.82081502646993,0.0,0.0,255.0,100.0,100.0,100.90839652096342,99.68526984834969,800.0,0.0,0.0,200.0,200.0,225.67583340707242,225.67583340707242,0.0,0.7853981633974483,282.842712474619,4573680.0,0.0,0.20750796271633462,-1.9569404454093158,44.84,4573680.0,1.0,0.0,0.0,135.0,200.0,1.0,1.000000000106614,1.0,./content/Images1/
466,noise 3 21467.0.png,40000.0,0.0,0.0,0.0,0.0,0.0,100.0,100.0,100.0,100.0,800.0,0.0,0.0,200.0,200.0,225.67583340707242,225.67583340707242,0.0,0.7853981633974483,282.842712474619,0.0,0.0,,,0.0,0.0,1.0,0.0,0.0,135.0,200.0,1.0,1.000000000106614,1.0,./content/Images1/
467,noise 3 21468.0.png,40000.0,255.0,0.0,255.0,255.0,255.0,100.0,100.0,100.0,100.0,800.0,0.0,0.0,200.0,200.0,225.67583340707242,225.67583340707242,0.0,0.7853981633974483,282.842712474619,10200000.0,255.0,,,100.0,10200000.0,1.0,0.0,0.0,135.0,200.0,1.0,1.000000000106614,1.0,./content/Images1/
468,noise 3 21469.0.png,40000.0,255.0,0.0,255.0,255.0,255.0,100.0,100.0,100.0,100.0,800.0,0.0,0.0,200.0,200.0,225.67583340707242,225.67583340707242,0.0,0.7853981633974483,282.842712474619,10200000.0,255.0,,,100.0,10200000.0,1.0,0.0,0.0,135.0,200.0,1.0,1.000000000106614,1.0,./content/Images1/
469,noise 3 21470.0.png,40000.0,255.0,0.0,255.0,255.0,255.0,100.0,100.0,100.0,100.0,800.0,0.0,0.0,200.0,200.0,225.67583340707242,225.67583340707242,0.0,0.7853981633974483,282.842712474619,10200000.0,255.0,,,100.0,10200000.0,1.0,0.0,0.0,135.0,200.0,1.0,1.000000000106614,1.0,./content/Images1/
470,noise 3 21471.0.png,40000.0,0.0,0.0,0.0,0.0,0.0,100.0,100.0,100.0,100.0,800.0,0.0,0.0,200.0,200.0,225.67583340707242,225.67583340707242,0.0,0.7853981633974483,282.842712474619,0.0,0.0,,,0.0,0.0,1.0,0.0,0.0,135.0,200.0,1.0,1.000000000106614,1.0,./content/Images1/
471,noise 3 21472.0.png,40000.0,255.0,0.0,255.0,255.0,255.0,100.0,100.0,100.0,100.0,800.0,0.0,0.0,200.0,200.0,225.67583340707242,225.67583340707242,0.0,0.7853981633974483,282.842712474619,10200000.0,255.0,,,100.0,10200000.0,1.0,0.0,0.0,135.0,200.0,1.0,1.000000000106614,1.0,./content/Images1/
472,noise 3 21473.0.png,40000.0,0.0,0.0,0.0,0.0,0.0,100.0,100.0,100.0,100.0,800.0,0.0,0.0,200.0,200.0,225.67583340707242,225.67583340707242,0.0,0.7853981633974483,282.842712474619,0.0,0.0,,,0.0,0.0,1.0,0.0,0.0,135.0,200.0,1.0,1.000000000106614,1.0,./content/Images1/
473,noise 3 21474.0.png,40000.0,0.0,0.0,0.0,0.0,0.0,100.0,100.0,100.0,100.0,800.0,0.0,0.0,200.0,200.0,225.67583340707242,225.67583340707242,0.0,0.7853981633974483,282.842712474619,0.0,0.0,,,0.0,0.0,1.0,0.0,0.0,135.0,200.0,1.0,1.000000000106614,1.0,./content/Images1/
474,noise 3 21475.0.png,40000.0,175.956375,117.93463204799208,255.0,0.0,255.0,100.0,100.0,99.81140176080577,99.65716821854281,800.0,0.0,0.0,200.0,200.0,225.67583340707242,225.67583340707242,0.0,0.7853981633974483,282.842712474619,7038255.0,255.0,-0.8217599847401195,-1.3247105274799225,69.0025,7038255.0,1.0,0.0,0.0,135.0,200.0,1.0,1.000000000106614,1.0,./content/Images1/
475,noise 3 21476.0.png,40000.0,255.0,0.0,255.0,255.0,255.0,100.0,100.0,100.0,100.0,800.0,0.0,0.0,200.0,200.0,225.67583340707242,225.67583340707242,0.0,0.7853981633974483,282.842712474619,10200000.0,255.0,,,100.0,10200000.0,1.0,0.0,0.0,135.0,200.0,1.0,1.000000000106614,1.0,./content/Images1/
476,noise 3 21477.0.png,40000.0,162.785625,122.52163056827273,255.0,0.0,255.0,100.0,100.0,100.13971020168397,99.47329156060309,800.0,0.0,0.0,200.0,200.0,225.67583340707242,225.67583340707242,0.0,0.7853981633974483,282.842712474619,6511425.0,255.0,-0.5759973306741181,-1.6682270750562915,63.8375,6511425.0,1.0,0.0,0.0,135.0,200.0,1.0,1.000000000106614,1.0,./content/Images1/
477,noise 3 21478.0.png,40000.0,27.081,78.564806050284,0.0,0.0,255.0,100.0,100.0,101.76012241054615,98.57721280602637,800.0,0.0,0.0,200.0,200.0,225.67583340707242,225.67583340707242,0.0,0.7853981633974483,282.842712474619,1083240.0,0.0,2.556367419700979,4.5350143845086395,10.62,1083240.0,1.0,0.0,0.0,135.0,200.0,1.0,1.000000000106614,1.0,./content/Images1/
478,noise 3 21479.0.png,40000.0,87.382125,121.02550262151979,0.0,0.0,255.0,100.0,100.0,100.20657328372364,99.7947399139126,800.0,0.0,0.0,200.0,200.0,225.67583340707242,225.67583340707242,0.0,0.7853981633974483,282.842712474619,3495285.0,0.0,0.6629739288635975,-1.5604655696471648,34.2675,3495285.0,1.0,0.0,0.0,135.0,200.0,1.0,1.000000000106614,1.0,./content/Images1/
479,noise 3 21480.0.png,40000.0,0.0,0.0,0.0,0.0,0.0,100.0,100.0,100.0,100.0,800.0,0.0,0.0,200.0,200.0,225.67583340707242,225.67583340707242,0.0,0.7853981633974483,282.842712474619,0.0,0.0,,,0.0,0.0,1.0,0.0,0.0,135.0,200.0,1.0,1.000000000106614,1.0,./content/Images1/
480,noise 3 21481.0.png,40000.0,255.0,0.0,255.0,255.0,255.0,100.0,100.0,100.0,100.0,800.0,0.0,0.0,200.0,200.0,225.67583340707242,225.67583340707242,0.0,0.7853981633974483,282.842712474619,10200000.0,255.0,,,100.0,10200000.0,1.0,0.0,0.0,135.0,200.0,1.0,1.000000000106614,1.0,./content/Images1/
481,noise 3 21482.0.png,40000.0,8.536125,45.86827926203943,0.0,0.0,255.0,100.0,100.0,105.91224794622853,101.11762509335325,800.0,0.0,0.0,200.0,200.0,225.67583340707242,225.67583340707242,0.0,0.7853981633974483,282.842712474619,341445.0,0.0,5.187260738371579,24.907673967851267,3.3475,341445.0,1.0,0.0,0.0,135.0,200.0,1.0,1.000000000106614,1.0,./content/Images1/
482,noise 3 21483.0.png,40000.0,52.906125,103.40343862397592,0.0,0.0,255.0,100.0,100.0,99.94258344378841,99.9933124472828,800.0,0.0,0.0,200.0,200.0,225.67583340707242,225.67583340707242,0.0,0.7853981633974483,282.842712474619,2116245.0,0.0,1.4427916215085068,0.08164766309514748,20.7475,2116245.0,1.0,0.0,0.0,135.0,200.0,1.0,1.000000000106614,1.0,./content/Images1/
483,noise 3 21484.0.png,40000.0,255.0,0.0,255.0,255.0,255.0,100.0,100.0,100.0,100.0,800.0,0.0,0.0,200.0,200.0,225.67583340707242,225.67583340707242,0.0,0.7853981633974483,282.842712474619,10200000.0,255.0,,,100.0,10200000.0,1.0,0.0,0.0,135.0,200.0,1.0,1.000000000106614,1.0,./content/Images1/
484,noise 3 21485.0.png,40000.0,0.0,0.0,0.0,0.0,0.0,100.0,100.0,100.0,100.0,800.0,0.0,0.0,200.0,200.0,225.67583340707242,225.67583340707242,0.0,0.7853981633974483,282.842712474619,0.0,0.0,,,0.0,0.0,1.0,0.0,0.0,135.0,200.0,1.0,1.000000000106614,1.0,./content/Images1/
485,noise 3 21486.0.png,40000.0,15.038625,60.07311672115232,0.0,0.0,255.0,100.0,100.0,99.38384908859686,98.473293768546,800.0,0.0,0.0,200.0,200.0,225.67583340707242,225.67583340707242,0.0,0.7853981633974483,282.842712474619,601545.0,0.0,3.7441966367610475,12.019008454732745,5.8975,601545.0,1.0,0.0,0.0,135.0,200.0,1.0,1.000000000106614,1.0,./content/Images1/
486,noise 3 21487.0.png,40000.0,255.0,0.0,255.0,255.0,255.0,100.0,100.0,100.0,100.0,800.0,0.0,0.0,200.0,200.0,225.67583340707242,225.67583340707242,0.0,0.7853981633974483,282.842712474619,10200000.0,255.0,,,100.0,10200000.0,1.0,0.0,0.0,135.0,200.0,1.0,1.000000000106614,1.0,./content/Images1/
487,noise 3 21488.0.png,40000.0,76.672125,116.93211257374146,0.0,0.0,255.0,100.0,100.0,100.26877026689948,100.08925750394944,800.0,0.0,0.0,200.0,200.0,225.67583340707242,225.67583340707242,0.0,0.7853981633974483,282.842712474619,3066884.9999999995,0.0,0.8693678621139475,-1.2441995203234242,30.0675,3066884.9999999995,1.0,0.0,0.0,135.0,200.0,1.0,1.000000000106614,1.0,./content/Images1/
488,noise 3 21489.0.png,40000.0,51.0765,102.05860594151856,0.0,0.0,255.0,100.0,100.0,99.95282076884673,100.48664503245132,800.0,0.0,0.0,200.0,200.0,225.67583340707242,225.67583340707242,0.0,0.7853981633974483,282.842712474619,2043060.0,0.0,1.497658225029151,0.24298015899746783,20.03,2043060.0,1.0,0.0,0.0,135.0,200.0,1.0,1.000000000106614,1.0,./content/Images1/
489,noise 3 21490.0.png,40000.0,255.0,0.0,255.0,255.0,255.0,100.0,100.0,100.0,100.0,800.0,0.0,0.0,200.0,200.0,225.67583340707242,225.67583340707242,0.0,0.7853981633974483,282.842712474619,10200000.0,255.0,,,100.0,10200000.0,1.0,0.0,0.0,135.0,200.0,1.0,1.000000000106614,1.0,./content/Images1/
490,noise 3 21491.0.png,40000.0,0.0,0.0,0.0,0.0,0.0,100.0,100.0,100.0,100.0,800.0,0.0,0.0,200.0,200.0,225.67583340707242,225.67583340707242,0.0,0.7853981633974483,282.842712474619,0.0,0.0,,,0.0,0.0,1.0,0.0,0.0,135.0,200.0,1.0,1.000000000106614,1.0,./content/Images1/
491,noise 3 21492.0.png,40000.0,255.0,0.0,255.0,255.0,255.0,100.0,100.0,100.0,100.0,800.0,0.0,0.0,200.0,200.0,225.67583340707242,225.67583340707242,0.0,0.7853981633974483,282.842712474619,10200000.0,255.0,,,100.0,10200000.0,1.0,0.0,0.0,135.0,200.0,1.0,1.000000000106614,1.0,./content/Images1/
492,noise 3 21493.0.png,40000.0,255.0,0.0,255.0,255.0,255.0,100.0,100.0,100.0,100.0,800.0,0.0,0.0,200.0,200.0,225.67583340707242,225.67583340707242,0.0,0.7853981633974483,282.842712474619,10200000.0,255.0,,,100.0,10200000.0,1.0,0.0,0.0,135.0,200.0,1.0,1.000000000106614,1.0,./content/Images1/
493,noise 3 21494.0.png,40000.0,0.0,0.0,0.0,0.0,0.0,100.0,100.0,100.0,100.0,800.0,0.0,0.0,200.0,200.0,225.67583340707242,225.67583340707242,0.0,0.7853981633974483,282.842712474619,0.0,0.0,,,0.0,0.0,1.0,0.0,0.0,135.0,200.0,1.0,1.000000000106614,1.0,./content/Images1/
494,noise 3 21495.0.png,40000.0,0.0,0.0,0.0,0.0,0.0,100.0,100.0,100.0,100.0,800.0,0.0,0.0,200.0,200.0,225.67583340707242,225.67583340707242,0.0,0.7853981633974483,282.842712474619,0.0,0.0,,,0.0,0.0,1.0,0.0,0.0,135.0,200.0,1.0,1.000000000106614,1.0,./content/Images1/
495,noise 3 21496.0.png,40000.0,255.0,0.0,255.0,255.0,255.0,100.0,100.0,100.0,100.0,800.0,0.0,0.0,200.0,200.0,225.67583340707242,225.67583340707242,0.0,0.7853981633974483,282.842712474619,10200000.0,255.0,,,100.0,10200000.0,1.0,0.0,0.0,135.0,200.0,1.0,1.000000000106614,1.0,./content/Images1/
496,noise 3 21497.0.png,40000.0,0.0,0.0,0.0,0.0,0.0,100.0,100.0,100.0,100.0,800.0,0.0,0.0,200.0,200.0,225.67583340707242,225.67583340707242,0.0,0.7853981633974483,282.842712474619,0.0,0.0,,,0.0,0.0,1.0,0.0,0.0,135.0,200.0,1.0,1.000000000106614,1.0,./content/Images1/
497,noise 3 21498.0.png,40000.0,42.31725,94.8703015268229,0.0,0.0,255.0,100.0,100.0,99.95977704127749,100.39891533594457,800.0,0.0,0.0,200.0,200.0,225.67583340707242,225.67583340707242,0.0,0.7853981633974483,282.842712474619,1692690.0,0.0,1.7957951736931268,1.224880305859526,16.595,1692690.0,1.0,0.0,0.0,135.0,200.0,1.0,1.000000000106614,1.0,./content/Images1/
498,noise 3 21499.0.png,40000.0,15.382875,60.71319818659882,0.0,0.0,255.0,100.0,100.0,99.69975134687111,99.47554910899295,800.0,0.0,0.0,200.0,200.0,225.67583340707242,225.67583340707242,0.0,0.7853981633974483,282.842712474619,615315.0,0.0,3.6933823234200287,11.641072986951528,6.0325,615315.0,1.0,0.0,0.0,135.0,200.0,1.0,1.000000000106614,1.0,./content/Images1/
499,noise 3 21500.0.png,40000.0,0.0,0.0,0.0,0.0,0.0,100.0,100.0,100.0,100.0,800.0,0.0,0.0,200.0,200.0,225.67583340707242,225.67583340707242,0.0,0.7853981633974483,282.842712474619,0.0,0.0,,,0.0,0.0,1.0,0.0,0.0,135.0,200.0,1.0,1.000000000106614,1.0,./content/Images1/
500,noise 3 21501.0.png,40000.0,0.0,0.0,0.0,0.0,0.0,100.0,100.0,100.0,100.0,800.0,0.0,0.0,200.0,200.0,225.67583340707242,225.67583340707242,0.0,0.7853981633974483,282.842712474619,0.0,0.0,,,0.0,0.0,1.0,0.0,0.0,135.0,200.0,1.0,1.000000000106614,1.0,./content/Images1/
501,noise 3 21502.0.png,40000.0,187.546125,112.47679382082814,255.0,0.0,255.0,100.0,100.0,99.873058227676,100.12996702811108,800.0,0.0,0.0,200.0,200.0,225.67583340707242,225.67583340707242,0.0,0.7853981633974483,282.842712474619,7501845.0,255.0,-1.0677202567898396,-0.8599734532406553,73.5475,7501845.0,1.0,0.0,0.0,135.0,200.0,1.0,1.000000000106614,1.0,./content/Images1/
502,noise 3 21503.0.png,40000.0,34.43775,87.154216888086,0.0,0.0,255.0,100.0,100.0,100.12162162162163,100.5653461680859,800.0,0.0,0.0,200.0,200.0,225.67583340707242,225.67583340707242,0.0,0.7853981633974483,282.842712474619,1377510.0,0.0,2.1356032243268017,2.5608011317550314,13.505,1377510.0,1.0,0.0,0.0,135.0,200.0,1.0,1.000000000106614,1.0,./content/Images1/
503,noise 3 21504.0.png,40000.0,255.0,0.0,255.0,255.0,255.0,100.0,100.0,100.0,100.0,800.0,0.0,0.0,200.0,200.0,225.67583340707242,225.67583340707242,0.0,0.7853981633974483,282.842712474619,10200000.0,255.0,,,100.0,10200000.0,1.0,0.0,0.0,135.0,200.0,1.0,1.000000000106614,1.0,./content/Images1/
504,noise 3 21505.0.png,40000.0,255.0,0.0,255.0,255.0,255.0,100.0,100.0,100.0,100.0,800.0,0.0,0.0,200.0,200.0,225.67583340707242,225.67583340707242,0.0,0.7853981633974483,282.842712474619,10200000.0,255.0,,,100.0,10200000.0,1.0,0.0,0.0,135.0,200.0,1.0,1.000000000106614,1.0,./content/Images1/
505,noise 3 21506.0.png,40000.0,255.0,0.0,255.0,255.0,255.0,100.0,100.0,100.0,100.0,800.0,0.0,0.0,200.0,200.0,225.67583340707242,225.67583340707242,0.0,0.7853981633974483,282.842712474619,10200000.0,255.0,,,100.0,10200000.0,1.0,0.0,0.0,135.0,200.0,1.0,1.000000000106614,1.0,./content/Images1/
506,noise 3 21507.0.png,40000.0,255.0,0.0,255.0,255.0,255.0,100.0,100.0,100.0,100.0,800.0,0.0,0.0,200.0,200.0,225.67583340707242,225.67583340707242,0.0,0.7853981633974483,282.842712474619,10200000.0,255.0,,,100.0,10200000.0,1.0,0.0,0.0,135.0,200.0,1.0,1.000000000106614,1.0,./content/Images1/
507,noise 3 21508.0.png,40000.0,0.0,0.0,0.0,0.0,0.0,100.0,100.0,100.0,100.0,800.0,0.0,0.0,200.0,200.0,225.67583340707242,225.67583340707242,0.0,0.7853981633974483,282.842712474619,0.0,0.0,,,0.0,0.0,1.0,0.0,0.0,135.0,200.0,1.0,1.000000000106614,1.0,./content/Images1/
508,noise 3 21509.0.png,40000.0,255.0,0.0,255.0,255.0,255.0,100.0,100.0,100.0,100.0,800.0,0.0,0.0,200.0,200.0,225.67583340707242,225.67583340707242,0.0,0.7853981633974483,282.842712474619,10200000.0,255.0,,,100.0,10200000.0,1.0,0.0,0.0,135.0,200.0,1.0,1.000000000106614,1.0,./content/Images1/
509,noise 3 21510.0.png,40000.0,255.0,0.0,255.0,255.0,255.0,100.0,100.0,100.0,100.0,800.0,0.0,0.0,200.0,200.0,225.67583340707242,225.67583340707242,0.0,0.7853981633974483,282.842712474619,10200000.0,255.0,,,100.0,10200000.0,1.0,0.0,0.0,135.0,200.0,1.0,1.000000000106614,1.0,./content/Images1/
510,noise 3 21511.0.png,40000.0,255.0,0.0,255.0,255.0,255.0,100.0,100.0,100.0,100.0,800.0,0.0,0.0,200.0,200.0,225.67583340707242,225.67583340707242,0.0,0.7853981633974483,282.842712474619,10200000.0,255.0,,,100.0,10200000.0,1.0,0.0,0.0,135.0,200.0,1.0,1.000000000106614,1.0,./content/Images1/
511,noise 3 21512.0.png,40000.0,87.8985,121.19545538595972,0.0,0.0,255.0,100.0,100.0,100.61640557006092,99.81389614157239,800.0,0.0,0.0,200.0,200.0,225.67583340707242,225.67583340707242,0.0,0.7853981633974483,282.842712474619,3515940.0,0.0,0.65352277281215,-1.5729079854159187,34.47,3515940.0,1.0,0.0,0.0,135.0,200.0,1.0,1.000000000106614,1.0,./content/Images1/
512,noise 3 21513.0.png,40000.0,255.0,0.0,255.0,255.0,255.0,100.0,100.0,100.0,100.0,800.0,0.0,0.0,200.0,200.0,225.67583340707242,225.67583340707242,0.0,0.7853981633974483,282.842712474619,10200000.0,255.0,,,100.0,10200000.0,1.0,0.0,0.0,135.0,200.0,1.0,1.000000000106614,1.0,./content/Images1/
513,noise 3 21514.0.png,40000.0,0.0,0.0,0.0,0.0,0.0,100.0,100.0,100.0,100.0,800.0,0.0,0.0,200.0,200.0,225.67583340707242,225.67583340707242,0.0,0.7853981633974483,282.842712474619,0.0,0.0,,,0.0,0.0,1.0,0.0,0.0,135.0,200.0,1.0,1.000000000106614,1.0,./content/Images1/
514,noise 3 21515.0.png,40000.0,10.0215,49.54910105728851,0.0,0.0,255.0,100.0,100.0,99.81743002544529,101.27226463104326,800.0,0.0,0.0,200.0,200.0,225.67583340707242,225.67583340707242,0.0,0.7853981633974483,282.842712474619,400860.0,0.0,4.741961650240824,20.486200292354674,3.93,400860.0,1.0,0.0,0.0,135.0,200.0,1.0,1.000000000106614,1.0,./content/Images1/
515,noise 3 21516.0.png,40000.0,255.0,0.0,255.0,255.0,255.0,100.0,100.0,100.0,100.0,800.0,0.0,0.0,200.0,200.0,225.67583340707242,225.67583340707242,0.0,0.7853981633974483,282.842712474619,10200000.0,255.0,,,100.0,10200000.0,1.0,0.0,0.0,135.0,200.0,1.0,1.000000000106614,1.0,./content/Images1/
516,noise 3 21517.0.png,40000.0,0.0,0.0,0.0,0.0,0.0,100.0,100.0,100.0,100.0,800.0,0.0,0.0,200.0,200.0,225.67583340707242,225.67583340707242,0.0,0.7853981633974483,282.842712474619,0.0,0.0,,,0.0,0.0,1.0,0.0,0.0,135.0,200.0,1.0,1.000000000106614,1.0,./content/Images1/
517,noise 3 21518.0.png,40000.0,0.388875,9.95059679586053,0.0,0.0,255.0,100.0,100.0,103.68032786885246,107.12295081967213,800.0,0.0,0.0,200.0,200.0,225.67583340707242,225.67583340707242,0.0,0.7853981633974483,282.842712474619,15555.000000000002,0.0,25.548761853506914,650.7392322472099,0.1525,15555.000000000002,1.0,0.0,0.0,135.0,200.0,1.0,1.000000000106614,1.0,./content/Images1/
518,noise 3 21519.0.png,40000.0,0.0,0.0,0.0,0.0,0.0,100.0,100.0,100.0,100.0,800.0,0.0,0.0,200.0,200.0,225.67583340707242,225.67583340707242,0.0,0.7853981633974483,282.842712474619,0.0,0.0,,,0.0,0.0,1.0,0.0,0.0,135.0,200.0,1.0,1.000000000106614,1.0,./content/Images1/
519,noise 3 21520.0.png,40000.0,0.0,0.0,0.0,0.0,0.0,100.0,100.0,100.0,100.0,800.0,0.0,0.0,200.0,200.0,225.67583340707242,225.67583340707242,0.0,0.7853981633974483,282.842712474619,0.0,0.0,,,0.0,0.0,1.0,0.0,0.0,135.0,200.0,1.0,1.000000000106614,1.0,./content/Images1/
520,noise 3 21521.0.png,40000.0,0.0,0.0,0.0,0.0,0.0,100.0,100.0,100.0,100.0,800.0,0.0,0.0,200.0,200.0,225.67583340707242,225.67583340707242,0.0,0.7853981633974483,282.842712474619,0.0,0.0,,,0.0,0.0,1.0,0.0,0.0,135.0,200.0,1.0,1.000000000106614,1.0,./content/Images1/
521,noise 3 21522.0.png,40000.0,255.0,0.0,255.0,255.0,255.0,100.0,100.0,100.0,100.0,800.0,0.0,0.0,200.0,200.0,225.67583340707242,225.67583340707242,0.0,0.7853981633974483,282.842712474619,10200000.0,255.0,,,100.0,10200000.0,1.0,0.0,0.0,135.0,200.0,1.0,1.000000000106614,1.0,./content/Images1/
522,noise 3 21523.0.png,40000.0,15.051375,60.096980180247364,0.0,0.0,255.0,100.0,100.0,100.40131300296484,101.40766624311732,800.0,0.0,0.0,200.0,200.0,225.67583340707242,225.67583340707242,0.0,0.7853981633974483,282.842712474619,602055.0,0.0,3.7422855623327367,12.00470123004405,5.9025,602055.0,1.0,0.0,0.0,135.0,200.0,1.0,1.000000000106614,1.0,./content/Images1/
523,noise 3 21524.0.png,40000.0,255.0,0.0,255.0,255.0,255.0,100.0,100.0,100.0,100.0,800.0,0.0,0.0,200.0,200.0,225.67583340707242,225.67583340707242,0.0,0.7853981633974483,282.842712474619,10200000.0,255.0,,,100.0,10200000.0,1.0,0.0,0.0,135.0,200.0,1.0,1.000000000106614,1.0,./content/Images1/
524,noise 3 21525.0.png,40000.0,90.86925,122.12620940941841,0.0,0.0,255.0,100.0,100.0,100.98126841588326,98.5119966325242,800.0,0.0,0.0,200.0,200.0,225.67583340707242,225.67583340707242,0.0,0.7853981633974483,282.842712474619,3634769.9999999995,0.0,0.5998910155338937,-1.6401307694817135,35.635,3634769.9999999995,1.0,0.0,0.0,135.0,200.0,1.0,1.000000000106614,1.0,./content/Images1/
525,noise 3 21526.0.png,40000.0,18.615,66.33563737102129,0.0,0.0,255.0,100.0,100.0,99.39486301369863,100.62328767123287,800.0,0.0,0.0,200.0,200.0,225.67583340707242,225.67583340707242,0.0,0.7853981633974483,282.842712474619,744599.9999999999,0.0,3.2828918332090207,8.77737878855049,7.3,744599.9999999999,1.0,0.0,0.0,135.0,200.0,1.0,1.000000000106614,1.0,./content/Images1/
526,noise 3 21527.0.png,40000.0,255.0,0.0,255.0,255.0,255.0,100.0,100.0,100.0,100.0,800.0,0.0,0.0,200.0,200.0,225.67583340707242,225.67583340707242,0.0,0.7853981633974483,282.842712474619,10200000.0,255.0,,,100.0,10200000.0,1.0,0.0,0.0,135.0,200.0,1.0,1.000000000106614,1.0,./content/Images1/
527,noise 3 21528.0.png,40000.0,35.272875,88.03749871085535,0.0,0.0,255.0,100.0,100.0,100.46439544550877,100.8070666907645,800.0,0.0,0.0,200.0,200.0,225.67583340707242,225.67583340707242,0.0,0.7853981633974483,282.842712474619,1410915.0,0.0,2.0952044120105517,2.389881528108482,13.8325,1410915.0,1.0,0.0,0.0,135.0,200.0,1.0,1.000000000106614,1.0,./content/Images1/
528,noise 3 21529.0.png,40000.0,197.465625,106.58961183902105,255.0,0.0,255.0,100.0,100.0,100.2111218724778,99.95733656174335,800.0,0.0,0.0,200.0,200.0,225.67583340707242,225.67583340707242,0.0,0.7853981633974483,282.842712474619,7898625.0,255.0,-1.312820234159011,-0.27650303278268007,77.4375,7898625.0,1.0,0.0,0.0,135.0,200.0,1.0,1.000000000106614,1.0,./content/Images1/
529,noise 3 21530.0.png,40000.0,255.0,0.0,255.0,255.0,255.0,100.0,100.0,100.0,100.0,800.0,0.0,0.0,200.0,200.0,225.67583340707242,225.67583340707242,0.0,0.7853981633974483,282.842712474619,10200000.0,255.0,,,100.0,10200000.0,1.0,0.0,0.0,135.0,200.0,1.0,1.000000000106614,1.0,./content/Images1/
530,noise 3 21531.0.png,40000.0,8.96325,46.96109062871439,0.0,0.0,255.0,100.0,100.0,99.67709815078236,99.53271692745378,800.0,0.0,0.0,200.0,200.0,225.67583340707242,225.67583340707242,0.0,0.7853981633974483,282.842712474619,358530.0,0.0,5.048359403504882,23.485932666956174,3.515,358530.0,1.0,0.0,0.0,135.0,200.0,1.0,1.000000000106614,1.0,./content/Images1/
531,noise 3 21532.0.png,40000.0,0.0,0.0,0.0,0.0,0.0,100.0,100.0,100.0,100.0,800.0,0.0,0.0,200.0,200.0,225.67583340707242,225.67583340707242,0.0,0.7853981633974483,282.842712474619,0.0,0.0,,,0.0,0.0,1.0,0.0,0.0,135.0,200.0,1.0,1.000000000106614,1.0,./content/Images1/
532,noise 3 21533.0.png,40000.0,255.0,0.0,255.0,255.0,255.0,100.0,100.0,100.0,100.0,800.0,0.0,0.0,200.0,200.0,225.67583340707242,225.67583340707242,0.0,0.7853981633974483,282.842712474619,10200000.0,255.0,,,100.0,10200000.0,1.0,0.0,0.0,135.0,200.0,1.0,1.000000000106614,1.0,./content/Images1/
533,noise 3 21534.0.png,40000.0,0.0,0.0,0.0,0.0,0.0,100.0,100.0,100.0,100.0,800.0,0.0,0.0,200.0,200.0,225.67583340707242,225.67583340707242,0.0,0.7853981633974483,282.842712474619,0.0,0.0,,,0.0,0.0,1.0,0.0,0.0,135.0,200.0,1.0,1.000000000106614,1.0,./content/Images1/
534,noise 3 21535.0.png,40000.0,113.51325,126.73208887253554,0.0,0.0,255.0,100.0,100.0,100.35729529372122,100.11844322138604,800.0,0.0,0.0,200.0,200.0,225.67583340707242,225.67583340707242,0.0,0.7853981633974483,282.842712474619,4540530.0,0.0,0.22073217544328422,-1.951277306724075,44.515,4540530.0,1.0,0.0,0.0,135.0,200.0,1.0,1.000000000106614,1.0,./content/Images1/
535,noise 3 21536.0.png,40000.0,135.730125,127.23568589620804,255.0,0.0,255.0,100.0,100.0,99.85761589403974,99.72953360574891,800.0,0.0,0.0,200.0,200.0,225.67583340707242,225.67583340707242,0.0,0.7853981633974483,282.842712474619,5429204.999999999,255.0,-0.1293698040847632,-1.9832634537910705,53.2275,5429204.999999999,1.0,0.0,0.0,135.0,200.0,1.0,1.000000000106614,1.0,./content/Images1/
536,noise 3 21537.0.png,40000.0,0.0,0.0,0.0,0.0,0.0,100.0,100.0,100.0,100.0,800.0,0.0,0.0,200.0,200.0,225.67583340707242,225.67583340707242,0.0,0.7853981633974483,282.842712474619,0.0,0.0,,,0.0,0.0,1.0,0.0,0.0,135.0,200.0,1.0,1.000000000106614,1.0,./content/Images1/
537,noise 3 21538.0.png,40000.0,216.5205,91.27874273329948,255.0,0.0,255.0,100.0,100.0,99.60879166175951,99.24549523024379,800.0,0.0,0.0,200.0,200.0,225.67583340707242,225.67583340707242,0.0,0.7853981633974483,282.842712474619,8660820.0,255.0,-1.9505442365090533,1.804622818578645,84.91,8660820.0,1.0,0.0,0.0,135.0,200.0,1.0,1.000000000106614,1.0,./content/Images1/
538,noise 3 21539.0.png,40000.0,49.521,100.87507102103491,0.0,0.0,255.0,100.0,100.0,100.42108650875386,100.10684860968074,800.0,0.0,0.0,200.0,200.0,225.67583340707242,225.67583340707242,0.0,0.7853981633974483,282.842712474619,1980840.0,0.0,1.5460702821119403,0.3903333172296928,19.42,1980840.0,1.0,0.0,0.0,135.0,200.0,1.0,1.000000000106614,1.0,./content/Images1/
539,noise 3 21540.0.png,40000.0,227.0775,79.62870093126159,255.0,0.0,255.0,100.0,100.0,100.09567658618754,100.00014037057832,800.0,0.0,0.0,200.0,200.0,225.67583340707242,225.67583340707242,0.0,0.7853981633974483,282.842712474619,9083100.0,255.0,-2.5010767117260633,4.255384717938519,89.05,9083100.0,1.0,0.0,0.0,135.0,200.0,1.0,1.000000000106614,1.0,./content/Images1/
540,noise 3 21541.0.png,40000.0,31.98975,84.46431495282498,0.0,0.0,255.0,100.0,100.0,100.33658828218414,100.45755280988442,800.0,0.0,0.0,200.0,200.0,225.67583340707242,225.67583340707242,0.0,0.7853981633974483,282.842712474619,1279590.0,0.0,2.261580975441658,3.114748508479644,12.545,1279590.0,1.0,0.0,0.0,135.0,200.0,1.0,1.000000000106614,1.0,./content/Images1/
541,noise 3 21542.0.png,40000.0,255.0,0.0,255.0,255.0,255.0,100.0,100.0,100.0,100.0,800.0,0.0,0.0,200.0,200.0,225.67583340707242,225.67583340707242,0.0,0.7853981633974483,282.842712474619,10200000.0,255.0,,,100.0,10200000.0,1.0,0.0,0.0,135.0,200.0,1.0,1.000000000106614,1.0,./content/Images1/
542,noise 3 21543.0.png,40000.0,255.0,0.0,255.0,255.0,255.0,100.0,100.0,100.0,100.0,800.0,0.0,0.0,200.0,200.0,225.67583340707242,225.67583340707242,0.0,0.7853981633974483,282.842712474619,10200000.0,255.0,,,100.0,10200000.0,1.0,0.0,0.0,135.0,200.0,1.0,1.000000000106614,1.0,./content/Images1/
543,noise 3 21544.0.png,40000.0,0.0,0.0,0.0,0.0,0.0,100.0,100.0,100.0,100.0,800.0,0.0,0.0,200.0,200.0,225.67583340707242,225.67583340707242,0.0,0.7853981633974483,282.842712474619,0.0,0.0,,,0.0,0.0,1.0,0.0,0.0,135.0,200.0,1.0,1.000000000106614,1.0,./content/Images1/
544,noise 3 21545.0.png,40000.0,0.172125,6.622940779441501,0.0,0.0,255.0,100.0,100.0,116.46296296296296,103.53703703703704,800.0,0.0,0.0,200.0,200.0,225.67583340707242,225.67583340707242,0.0,0.7853981633974483,282.842712474619,6885.0,0.0,38.45103583698903,1476.4821569374144,0.0675,6885.0,1.0,0.0,0.0,135.0,200.0,1.0,1.000000000106614,1.0,./content/Images1/
545,noise 3 21546.0.png,40000.0,0.0,0.0,0.0,0.0,0.0,100.0,100.0,100.0,100.0,800.0,0.0,0.0,200.0,200.0,225.67583340707242,225.67583340707242,0.0,0.7853981633974483,282.842712474619,0.0,0.0,,,0.0,0.0,1.0,0.0,0.0,135.0,200.0,1.0,1.000000000106614,1.0,./content/Images1/
546,noise 3 21547.0.png,40000.0,255.0,0.0,255.0,255.0,255.0,100.0,100.0,100.0,100.0,800.0,0.0,0.0,200.0,200.0,225.67583340707242,225.67583340707242,0.0,0.7853981633974483,282.842712474619,10200000.0,255.0,,,100.0,10200000.0,1.0,0.0,0.0,135.0,200.0,1.0,1.000000000106614,1.0,./content/Images1/
547,noise 3 21548.0.png,40000.0,105.7485,125.63246728322616,0.0,0.0,255.0,100.0,100.0,99.87478900409936,99.73577284784182,800.0,0.0,0.0,200.0,200.0,225.67583340707242,225.67583340707242,0.0,0.7853981633974483,282.842712474619,4229940.0,0.0,0.3462762830218226,-1.8800927358165904,41.47,4229940.0,1.0,0.0,0.0,135.0,200.0,1.0,1.000000000106614,1.0,./content/Images1/
548,noise 3 21549.0.png,40000.0,58.337625,107.11257027971634,0.0,0.0,255.0,100.0,100.0,99.50469894000656,99.34712053327505,800.0,0.0,0.0,200.0,200.0,225.67583340707242,225.67583340707242,0.0,0.7853981633974483,282.842712474619,2333505.0,0.0,1.2914121912168333,-0.33225455237653767,22.8775,2333505.0,1.0,0.0,0.0,135.0,200.0,1.0,1.000000000106614,1.0,./content/Images1/
549,noise 3 21550.0.png,40000.0,255.0,0.0,255.0,255.0,255.0,100.0,100.0,100.0,100.0,800.0,0.0,0.0,200.0,200.0,225.67583340707242,225.67583340707242,0.0,0.7853981633974483,282.842712474619,10200000.0,255.0,,,100.0,10200000.0,1.0,0.0,0.0,135.0,200.0,1.0,1.000000000106614,1.0,./content/Images1/
550,noise 3 21551.0.png,40000.0,7.031625,41.757205563408895,0.0,0.0,255.0,100.0,100.0,100.292384406165,100.40752493200362,800.0,0.0,0.0,200.0,200.0,225.67583340707242,225.67583340707242,0.0,0.7853981633974483,282.842712474619,281265.0,0.0,5.770016420279259,31.29308949029228,2.7575,281265.0,1.0,0.0,0.0,135.0,200.0,1.0,1.000000000106614,1.0,./content/Images1/
551,noise 3 21552.0.png,40000.0,0.0,0.0,0.0,0.0,0.0,100.0,100.0,100.0,100.0,800.0,0.0,0.0,200.0,200.0,225.67583340707242,225.67583340707242,0.0,0.7853981633974483,282.842712474619,0.0,0.0,,,0.0,0.0,1.0,0.0,0.0,135.0,200.0,1.0,1.000000000106614,1.0,./content/Images1/
552,noise 3 21553.0.png,40000.0,13.075125,56.24301790587836,0.0,0.0,255.0,100.0,100.0,99.59897610921502,99.89005363237445,800.0,0.0,0.0,200.0,200.0,225.67583340707242,225.67583340707242,0.0,0.7853981633974483,282.842712474619,523005.0,0.0,4.068995925120755,14.556727838649316,5.1275,523005.0,1.0,0.0,0.0,135.0,200.0,1.0,1.000000000106614,1.0,./content/Images1/
553,noise 3 21554.0.png,40000.0,0.0,0.0,0.0,0.0,0.0,100.0,100.0,100.0,100.0,800.0,0.0,0.0,200.0,200.0,225.67583340707242,225.67583340707242,0.0,0.7853981633974483,282.842712474619,0.0,0.0,,,0.0,0.0,1.0,0.0,0.0,135.0,200.0,1.0,1.000000000106614,1.0,./content/Images1/
554,noise 3 21555.0.png,40000.0,255.0,0.0,255.0,255.0,255.0,100.0,100.0,100.0,100.0,800.0,0.0,0.0,200.0,200.0,225.67583340707242,225.67583340707242,0.0,0.7853981633974483,282.842712474619,10200000.0,255.0,,,100.0,10200000.0,1.0,0.0,0.0,135.0,200.0,1.0,1.000000000106614,1.0,./content/Images1/
555,noise 3 21556.0.png,40000.0,0.0,0.0,0.0,0.0,0.0,100.0,100.0,100.0,100.0,800.0,0.0,0.0,200.0,200.0,225.67583340707242,225.67583340707242,0.0,0.7853981633974483,282.842712474619,0.0,0.0,,,0.0,0.0,1.0,0.0,0.0,135.0,200.0,1.0,1.000000000106614,1.0,./content/Images1/
556,noise 3 21557.0.png,40000.0,209.0235,98.03269458696012,255.0,0.0,255.0,100.0,100.0,99.86040624618764,100.2842503354886,800.0,0.0,0.0,200.0,200.0,225.67583340707242,225.67583340707242,0.0,0.7853981633974483,282.842712474619,8360940.000000001,255.0,-1.6632108177041085,0.7662702241279815,81.97,8360940.000000001,1.0,0.0,0.0,135.0,200.0,1.0,1.000000000106614,1.0,./content/Images1/
557,noise 3 21558.0.png,40000.0,255.0,0.0,255.0,255.0,255.0,100.0,100.0,100.0,100.0,800.0,0.0,0.0,200.0,200.0,225.67583340707242,225.67583340707242,0.0,0.7853981633974483,282.842712474619,10200000.0,255.0,,,100.0,10200000.0,1.0,0.0,0.0,135.0,200.0,1.0,1.000000000106614,1.0,./content/Images1/
558,noise 3 21559.0.png,40000.0,255.0,0.0,255.0,255.0,255.0,100.0,100.0,100.0,100.0,800.0,0.0,0.0,200.0,200.0,225.67583340707242,225.67583340707242,0.0,0.7853981633974483,282.842712474619,10200000.0,255.0,,,100.0,10200000.0,1.0,0.0,0.0,135.0,200.0,1.0,1.000000000106614,1.0,./content/Images1/
559,noise 3 21560.0.png,40000.0,0.0,0.0,0.0,0.0,0.0,100.0,100.0,100.0,100.0,800.0,0.0,0.0,200.0,200.0,225.67583340707242,225.67583340707242,0.0,0.7853981633974483,282.842712474619,0.0,0.0,,,0.0,0.0,1.0,0.0,0.0,135.0,200.0,1.0,1.000000000106614,1.0,./content/Images1/
560,noise 3 21561.0.png,40000.0,19.985625,68.53485678123377,0.0,0.0,255.0,100.0,100.0,99.72647527910686,99.53859649122808,800.0,0.0,0.0,200.0,200.0,225.67583340707242,225.67583340707242,0.0,0.7853981633974483,282.842712474619,799425.0,0.0,3.137548511936971,7.844210664757895,7.8375,799425.0,1.0,0.0,0.0,135.0,200.0,1.0,1.000000000106614,1.0,./content/Images1/
561,noise 3 21562.0.png,40000.0,0.0,0.0,0.0,0.0,0.0,100.0,100.0,100.0,100.0,800.0,0.0,0.0,200.0,200.0,225.67583340707242,225.67583340707242,0.0,0.7853981633974483,282.842712474619,0.0,0.0,,,0.0,0.0,1.0,0.0,0.0,135.0,200.0,1.0,1.000000000106614,1.0,./content/Images1/
562,noise 3 21563.0.png,40000.0,255.0,0.0,255.0,255.0,255.0,100.0,100.0,100.0,100.0,800.0,0.0,0.0,200.0,200.0,225.67583340707242,225.67583340707242,0.0,0.7853981633974483,282.842712474619,10200000.0,255.0,,,100.0,10200000.0,1.0,0.0,0.0,135.0,200.0,1.0,1.000000000106614,1.0,./content/Images1/
563,noise 3 21564.0.png,40000.0,255.0,0.0,255.0,255.0,255.0,100.0,100.0,100.0,100.0,800.0,0.0,0.0,200.0,200.0,225.67583340707242,225.67583340707242,0.0,0.7853981633974483,282.842712474619,10200000.0,255.0,,,100.0,10200000.0,1.0,0.0,0.0,135.0,200.0,1.0,1.000000000106614,1.0,./content/Images1/
564,noise 3 21565.0.png,40000.0,0.0,0.0,0.0,0.0,0.0,100.0,100.0,100.0,100.0,800.0,0.0,0.0,200.0,200.0,225.67583340707242,225.67583340707242,0.0,0.7853981633974483,282.842712474619,0.0,0.0,,,0.0,0.0,1.0,0.0,0.0,135.0,200.0,1.0,1.000000000106614,1.0,./content/Images1/
565,noise 3 21566.0.png,40000.0,255.0,0.0,255.0,255.0,255.0,100.0,100.0,100.0,100.0,800.0,0.0,0.0,200.0,200.0,225.67583340707242,225.67583340707242,0.0,0.7853981633974483,282.842712474619,10200000.0,255.0,,,100.0,10200000.0,1.0,0.0,0.0,135.0,200.0,1.0,1.000000000106614,1.0,./content/Images1/
566,noise 3 21567.0.png,40000.0,0.0,0.0,0.0,0.0,0.0,100.0,100.0,100.0,100.0,800.0,0.0,0.0,200.0,200.0,225.67583340707242,225.67583340707242,0.0,0.7853981633974483,282.842712474619,0.0,0.0,,,0.0,0.0,1.0,0.0,0.0,135.0,200.0,1.0,1.000000000106614,1.0,./content/Images1/
567,noise 3 21568.0.png,40000.0,25.33425,76.27945326765439,0.0,0.0,255.0,100.0,100.0,100.15928535480624,98.99698037242074,800.0,0.0,0.0,200.0,200.0,225.67583340707242,225.67583340707242,0.0,0.7853981633974483,282.842712474619,1013370.0,0.0,2.6787561451792303,5.175734485335493,9.935,1013370.0,1.0,0.0,0.0,135.0,200.0,1.0,1.000000000106614,1.0,./content/Images1/
568,noise 3 21569.0.png,40000.0,0.0,0.0,0.0,0.0,0.0,100.0,100.0,100.0,100.0,800.0,0.0,0.0,200.0,200.0,225.67583340707242,225.67583340707242,0.0,0.7853981633974483,282.842712474619,0.0,0.0,,,0.0,0.0,1.0,0.0,0.0,135.0,200.0,1.0,1.000000000106614,1.0,./content/Images1/
569,noise 3 21570.0.png,40000.0,255.0,0.0,255.0,255.0,255.0,100.0,100.0,100.0,100.0,800.0,0.0,0.0,200.0,200.0,225.67583340707242,225.67583340707242,0.0,0.7853981633974483,282.842712474619,10200000.0,255.0,,,100.0,10200000.0,1.0,0.0,0.0,135.0,200.0,1.0,1.000000000106614,1.0,./content/Images1/
570,noise 3 21571.0.png,40000.0,0.0,0.0,0.0,0.0,0.0,100.0,100.0,100.0,100.0,800.0,0.0,0.0,200.0,200.0,225.67583340707242,225.67583340707242,0.0,0.7853981633974483,282.842712474619,0.0,0.0,,,0.0,0.0,1.0,0.0,0.0,135.0,200.0,1.0,1.000000000106614,1.0,./content/Images1/
571,noise 3 21572.0.png,40000.0,255.0,0.0,255.0,255.0,255.0,100.0,100.0,100.0,100.0,800.0,0.0,0.0,200.0,200.0,225.67583340707242,225.67583340707242,0.0,0.7853981633974483,282.842712474619,10200000.0,255.0,,,100.0,10200000.0,1.0,0.0,0.0,135.0,200.0,1.0,1.000000000106614,1.0,./content/Images1/
572,noise 3 21573.0.png,40000.0,255.0,0.0,255.0,255.0,255.0,100.0,100.0,100.0,100.0,800.0,0.0,0.0,200.0,200.0,225.67583340707242,225.67583340707242,0.0,0.7853981633974483,282.842712474619,10200000.0,255.0,,,100.0,10200000.0,1.0,0.0,0.0,135.0,200.0,1.0,1.000000000106614,1.0,./content/Images1/
573,noise 3 21574.0.png,40000.0,0.0,0.0,0.0,0.0,0.0,100.0,100.0,100.0,100.0,800.0,0.0,0.0,200.0,200.0,225.67583340707242,225.67583340707242,0.0,0.7853981633974483,282.842712474619,0.0,0.0,,,0.0,0.0,1.0,0.0,0.0,135.0,200.0,1.0,1.000000000106614,1.0,./content/Images1/
574,noise 3 21575.0.png,40000.0,255.0,0.0,255.0,255.0,255.0,100.0,100.0,100.0,100.0,800.0,0.0,0.0,200.0,200.0,225.67583340707242,225.67583340707242,0.0,0.7853981633974483,282.842712474619,10200000.0,255.0,,,100.0,10200000.0,1.0,0.0,0.0,135.0,200.0,1.0,1.000000000106614,1.0,./content/Images1/
575,noise 3 21576.0.png,40000.0,0.0,0.0,0.0,0.0,0.0,100.0,100.0,100.0,100.0,800.0,0.0,0.0,200.0,200.0,225.67583340707242,225.67583340707242,0.0,0.7853981633974483,282.842712474619,0.0,0.0,,,0.0,0.0,1.0,0.0,0.0,135.0,200.0,1.0,1.000000000106614,1.0,./content/Images1/
576,noise 3 21577.0.png,40000.0,176.80425,117.58267973686368,255.0,0.0,255.0,100.0,100.0,100.64206389269489,99.37841638422154,800.0,0.0,0.0,200.0,200.0,225.67583340707242,225.67583340707242,0.0,0.7853981633974483,282.842712474619,7072170.0,255.0,-0.8386416507094318,-1.2966801816953577,69.335,7072170.0,1.0,0.0,0.0,135.0,200.0,1.0,1.000000000106614,1.0,./content/Images1/
577,noise 3 21578.0.png,40000.0,0.0,0.0,0.0,0.0,0.0,100.0,100.0,100.0,100.0,800.0,0.0,0.0,200.0,200.0,225.67583340707242,225.67583340707242,0.0,0.7853981633974483,282.842712474619,0.0,0.0,,,0.0,0.0,1.0,0.0,0.0,135.0,200.0,1.0,1.000000000106614,1.0,./content/Images1/
578,noise 3 21579.0.png,40000.0,0.0,0.0,0.0,0.0,0.0,100.0,100.0,100.0,100.0,800.0,0.0,0.0,200.0,200.0,225.67583340707242,225.67583340707242,0.0,0.7853981633974483,282.842712474619,0.0,0.0,,,0.0,0.0,1.0,0.0,0.0,135.0,200.0,1.0,1.000000000106614,1.0,./content/Images1/
579,noise 3 21580.0.png,40000.0,75.939,116.61069089209084,0.0,0.0,255.0,100.0,100.0,100.0967092008059,100.15648085963734,800.0,0.0,0.0,200.0,200.0,225.67583340707242,225.67583340707242,0.0,0.7853981633974483,282.842712474619,3037559.9999999995,0.0,0.8843382048443392,-1.2179459394526913,29.78,3037559.9999999995,1.0,0.0,0.0,135.0,200.0,1.0,1.000000000106614,1.0,./content/Images1/
580,noise 3 21581.0.png,40000.0,255.0,0.0,255.0,255.0,255.0,100.0,100.0,100.0,100.0,800.0,0.0,0.0,200.0,200.0,225.67583340707242,225.67583340707242,0.0,0.7853981633974483,282.842712474619,10200000.0,255.0,,,100.0,10200000.0,1.0,0.0,0.0,135.0,200.0,1.0,1.000000000106614,1.0,./content/Images1/
581,noise 3 21582.0.png,40000.0,0.0,0.0,0.0,0.0,0.0,100.0,100.0,100.0,100.0,800.0,0.0,0.0,200.0,200.0,225.67583340707242,225.67583340707242,0.0,0.7853981633974483,282.842712474619,0.0,0.0,,,0.0,0.0,1.0,0.0,0.0,135.0,200.0,1.0,1.000000000106614,1.0,./content/Images1/
582,noise 3 21583.0.png,40000.0,255.0,0.0,255.0,255.0,255.0,100.0,100.0,100.0,100.0,800.0,0.0,0.0,200.0,200.0,225.67583340707242,225.67583340707242,0.0,0.7853981633974483,282.842712474619,10200000.0,255.0,,,100.0,10200000.0,1.0,0.0,0.0,135.0,200.0,1.0,1.000000000106614,1.0,./content/Images1/
583,noise 3 21584.0.png,40000.0,254.55375,10.65821049115525,255.0,0.0,255.0,100.0,100.0,99.96000500876534,100.07908840470824,800.0,0.0,0.0,200.0,200.0,225.67583340707242,225.67583340707242,0.0,0.7853981633974483,282.842712474619,10182150.0,255.0,-23.841776873721813,566.4303244964142,99.825,10182150.0,1.0,0.0,0.0,135.0,200.0,1.0,1.000000000106614,1.0,./content/Images1/
584,noise 3 21585.0.png,40000.0,0.0,0.0,0.0,0.0,0.0,100.0,100.0,100.0,100.0,800.0,0.0,0.0,200.0,200.0,225.67583340707242,225.67583340707242,0.0,0.7853981633974483,282.842712474619,0.0,0.0,,,0.0,0.0,1.0,0.0,0.0,135.0,200.0,1.0,1.000000000106614,1.0,./content/Images1/
585,noise 3 21586.0.png,40000.0,255.0,0.0,255.0,255.0,255.0,100.0,100.0,100.0,100.0,800.0,0.0,0.0,200.0,200.0,225.67583340707242,225.67583340707242,0.0,0.7853981633974483,282.842712474619,10200000.0,255.0,,,100.0,10200000.0,1.0,0.0,0.0,135.0,200.0,1.0,1.000000000106614,1.0,./content/Images1/
586,noise 3 21587.0.png,40000.0,255.0,0.0,255.0,255.0,255.0,100.0,100.0,100.0,100.0,800.0,0.0,0.0,200.0,200.0,225.67583340707242,225.67583340707242,0.0,0.7853981633974483,282.842712474619,10200000.0,255.0,,,100.0,10200000.0,1.0,0.0,0.0,135.0,200.0,1.0,1.000000000106614,1.0,./content/Images1/
587,noise 3 21588.0.png,40000.0,255.0,0.0,255.0,255.0,255.0,100.0,100.0,100.0,100.0,800.0,0.0,0.0,200.0,200.0,225.67583340707242,225.67583340707242,0.0,0.7853981633974483,282.842712474619,10200000.0,255.0,,,100.0,10200000.0,1.0,0.0,0.0,135.0,200.0,1.0,1.000000000106614,1.0,./content/Images1/
588,noise 3 21589.0.png,40000.0,255.0,0.0,255.0,255.0,255.0,100.0,100.0,100.0,100.0,800.0,0.0,0.0,200.0,200.0,225.67583340707242,225.67583340707242,0.0,0.7853981633974483,282.842712474619,10200000.0,255.0,,,100.0,10200000.0,1.0,0.0,0.0,135.0,200.0,1.0,1.000000000106614,1.0,./content/Images1/
589,noise 3 21590.0.png,40000.0,1.9125,22.000953270224905,0.0,0.0,255.0,100.0,100.0,99.23333333333333,102.02666666666667,800.0,0.0,0.0,200.0,200.0,225.67583340707242,225.67583340707242,0.0,0.7853981633974483,282.842712474619,76500.0,0.0,11.41669347965497,128.34089000839631,0.75,76500.0,1.0,0.0,0.0,135.0,200.0,1.0,1.000000000106614,1.0,./content/Images1/
590,noise 3 21591.0.png,40000.0,57.0435,106.26577020893394,0.0,0.0,255.0,100.0,100.0,100.08795261510951,100.28844434510505,800.0,0.0,0.0,200.0,200.0,225.67583340707242,225.67583340707242,0.0,0.7853981633974483,282.842712474619,2281740.0,0.0,1.326059757233851,-0.24156552024489963,22.37,2281740.0,1.0,0.0,0.0,135.0,200.0,1.0,1.000000000106614,1.0,./content/Images1/
591,noise 3 21592.0.png,40000.0,255.0,0.0,255.0,255.0,255.0,100.0,100.0,100.0,100.0,800.0,0.0,0.0,200.0,200.0,225.67583340707242,225.67583340707242,0.0,0.7853981633974483,282.842712474619,10200000.0,255.0,,,100.0,10200000.0,1.0,0.0,0.0,135.0,200.0,1.0,1.000000000106614,1.0,./content/Images1/
592,noise 3 21593.0.png,40000.0,0.0,0.0,0.0,0.0,0.0,100.0,100.0,100.0,100.0,800.0,0.0,0.0,200.0,200.0,225.67583340707242,225.67583340707242,0.0,0.7853981633974483,282.842712474619,0.0,0.0,,,0.0,0.0,1.0,0.0,0.0,135.0,200.0,1.0,1.000000000106614,1.0,./content/Images1/
593,noise 3 21594.0.png,40000.0,8.242875,45.100321370352425,0.0,0.0,255.0,100.0,100.0,100.25715390564578,101.77919566898686,800.0,0.0,0.0,200.0,200.0,225.67583340707242,225.67583340707242,0.0,0.7853981633974483,282.842712474619,329715.0,0.0,5.288592724769847,25.969213008488563,3.2325,329715.0,1.0,0.0,0.0,135.0,200.0,1.0,1.000000000106614,1.0,./content/Images1/
594,noise 3 21595.0.png,40000.0,255.0,0.0,255.0,255.0,255.0,100.0,100.0,100.0,100.0,800.0,0.0,0.0,200.0,200.0,225.67583340707242,225.67583340707242,0.0,0.7853981633974483,282.842712474619,10200000.0,255.0,,,100.0,10200000.0,1.0,0.0,0.0,135.0,200.0,1.0,1.000000000106614,1.0,./content/Images1/
595,noise 3 21596.0.png,40000.0,244.283625,51.16542171592901,255.0,0.0,255.0,100.0,100.0,99.33812208043007,99.08279182650904,800.0,0.0,0.0,200.0,200.0,225.67583340707242,225.67583340707242,0.0,0.7853981633974483,282.842712474619,9771345.0,255.0,-4.565000381354284,18.83922848176474,95.7975,9771345.0,1.0,0.0,0.0,135.0,200.0,1.0,1.000000000106614,1.0,./content/Images1/
596,noise 3 21597.0.png,40000.0,0.0,0.0,0.0,0.0,0.0,100.0,100.0,100.0,100.0,800.0,0.0,0.0,200.0,200.0,225.67583340707242,225.67583340707242,0.0,0.7853981633974483,282.842712474619,0.0,0.0,,,0.0,0.0,1.0,0.0,0.0,135.0,200.0,1.0,1.000000000106614,1.0,./content/Images1/
597,noise 3 21598.0.png,40000.0,0.0,0.0,0.0,0.0,0.0,100.0,100.0,100.0,100.0,800.0,0.0,0.0,200.0,200.0,225.67583340707242,225.67583340707242,0.0,0.7853981633974483,282.842712474619,0.0,0.0,,,0.0,0.0,1.0,0.0,0.0,135.0,200.0,1.0,1.000000000106614,1.0,./content/Images1/
598,noise 3 21599.0.png,40000.0,54.81225,104.75216143507795,0.0,0.0,255.0,100.0,100.0,101.07373807862294,99.72947197022563,800.0,0.0,0.0,200.0,200.0,225.67583340707242,225.67583340707242,0.0,0.7853981633974483,282.842712474619,2192490.0,0.0,1.387821647173584,-0.07395107563640035,21.495,2192490.0,1.0,0.0,0.0,135.0,200.0,1.0,1.000000000106614,1.0,./content/Images1/
599,noise 3 21600.0.png,40000.0,232.254,72.68412177731092,255.0,0.0,255.0,100.0,100.0,100.082647123408,99.76701800614845,800.0,0.0,0.0,200.0,200.0,225.67583340707242,225.67583340707242,0.0,0.7853981633974483,282.842712474619,9290160.0,255.0,-2.882481259675964,6.308698212383076,91.08,9290160.0,1.0,0.0,0.0,135.0,200.0,1.0,1.000000000106614,1.0,./content/Images1/
600,noise 3 21601.0.png,40000.0,152.73225,124.97989462025075,255.0,0.0,255.0,100.0,100.0,100.79843893480258,100.4757909675265,800.0,0.0,0.0,200.0,200.0,225.67583340707242,225.67583340707242,0.0,0.7853981633974483,282.842712474619,6109290.0,255.0,-0.4037859927103903,-1.8369568720908842,59.895,6109290.0,1.0,0.0,0.0,135.0,200.0,1.0,1.000000000106614,1.0,./content/Images1/
601,noise 3 21602.0.png,40000.0,0.0,0.0,0.0,0.0,0.0,100.0,100.0,100.0,100.0,800.0,0.0,0.0,200.0,200.0,225.67583340707242,225.67583340707242,0.0,0.7853981633974483,282.842712474619,0.0,0.0,,,0.0,0.0,1.0,0.0,0.0,135.0,200.0,1.0,1.000000000106614,1.0,./content/Images1/
602,noise 3 21603.0.png,40000.0,255.0,0.0,255.0,255.0,255.0,100.0,100.0,100.0,100.0,800.0,0.0,0.0,200.0,200.0,225.67583340707242,225.67583340707242,0.0,0.7853981633974483,282.842712474619,10200000.0,255.0,,,100.0,10200000.0,1.0,0.0,0.0,135.0,200.0,1.0,1.000000000106614,1.0,./content/Images1/
603,noise 3 21604.0.png,40000.0,24.320625,74.90264905048582,0.0,0.0,255.0,100.0,100.0,101.87640891218872,101.40799475753604,800.0,0.0,0.0,200.0,200.0,225.67583340707242,225.67583340707242,0.0,0.7853981633974483,282.842712474619,972825.0,0.0,2.7550604971748043,5.590358343093079,9.5375,972825.0,1.0,0.0,0.0,135.0,200.0,1.0,1.000000000106614,1.0,./content/Images1/
604,noise 3 21605.0.png,40000.0,0.0,0.0,0.0,0.0,0.0,100.0,100.0,100.0,100.0,800.0,0.0,0.0,200.0,200.0,225.67583340707242,225.67583340707242,0.0,0.7853981633974483,282.842712474619,0.0,0.0,,,0.0,0.0,1.0,0.0,0.0,135.0,200.0,1.0,1.000000000106614,1.0,./content/Images1/
605,noise 3 21606.0.png,40000.0,255.0,0.0,255.0,255.0,255.0,100.0,100.0,100.0,100.0,800.0,0.0,0.0,200.0,200.0,225.67583340707242,225.67583340707242,0.0,0.7853981633974483,282.842712474619,10200000.0,255.0,,,100.0,10200000.0,1.0,0.0,0.0,135.0,200.0,1.0,1.000000000106614,1.0,./content/Images1/
606,noise 3 21607.0.png,40000.0,255.0,0.0,255.0,255.0,255.0,100.0,100.0,100.0,100.0,800.0,0.0,0.0,200.0,200.0,225.67583340707242,225.67583340707242,0.0,0.7853981633974483,282.842712474619,10200000.0,255.0,,,100.0,10200000.0,1.0,0.0,0.0,135.0,200.0,1.0,1.000000000106614,1.0,./content/Images1/
607,noise 3 21608.0.png,40000.0,255.0,0.0,255.0,255.0,255.0,100.0,100.0,100.0,100.0,800.0,0.0,0.0,200.0,200.0,225.67583340707242,225.67583340707242,0.0,0.7853981633974483,282.842712474619,10200000.0,255.0,,,100.0,10200000.0,1.0,0.0,0.0,135.0,200.0,1.0,1.000000000106614,1.0,./content/Images1/
608,noise 3 21609.0.png,40000.0,78.763125,117.81898848693947,0.0,0.0,255.0,100.0,100.0,100.46770538243626,101.00975313638203,800.0,0.0,0.0,200.0,200.0,225.67583340707242,225.67583340707242,0.0,0.7853981633974483,282.842712474619,3150525.0,0.0,0.827328172619019,-1.3155280947908743,30.8875,3150525.0,1.0,0.0,0.0,135.0,200.0,1.0,1.000000000106614,1.0,./content/Images1/
609,noise 3 21610.0.png,40000.0,0.0,0.0,0.0,0.0,0.0,100.0,100.0,100.0,100.0,800.0,0.0,0.0,200.0,200.0,225.67583340707242,225.67583340707242,0.0,0.7853981633974483,282.842712474619,0.0,0.0,,,0.0,0.0,1.0,0.0,0.0,135.0,200.0,1.0,1.000000000106614,1.0,./content/Images1/
610,noise 3 21611.0.png,40000.0,255.0,0.0,255.0,255.0,255.0,100.0,100.0,100.0,100.0,800.0,0.0,0.0,200.0,200.0,225.67583340707242,225.67583340707242,0.0,0.7853981633974483,282.842712474619,10200000.0,255.0,,,100.0,10200000.0,1.0,0.0,0.0,135.0,200.0,1.0,1.000000000106614,1.0,./content/Images1/
611,noise 3 21612.0.png,40000.0,255.0,0.0,255.0,255.0,255.0,100.0,100.0,100.0,100.0,800.0,0.0,0.0,200.0,200.0,225.67583340707242,225.67583340707242,0.0,0.7853981633974483,282.842712474619,10200000.0,255.0,,,100.0,10200000.0,1.0,0.0,0.0,135.0,200.0,1.0,1.000000000106614,1.0,./content/Images1/
612,noise 3 21613.0.png,40000.0,195.451125,107.88505731042713,255.0,0.0,255.0,100.0,100.0,100.46555660654295,101.5832055840047,800.0,0.0,0.0,200.0,200.0,225.67583340707242,225.67583340707242,0.0,0.7853981633974483,282.842712474619,7818045.0,255.0,-1.2597105864154041,-0.41312923847296146,76.6475,7818045.0,1.0,0.0,0.0,135.0,200.0,1.0,1.000000000106614,1.0,./content/Images1/
613,noise 3 21614.0.png,40000.0,52.982625,103.45858309038333,0.0,0.0,255.0,100.0,100.0,100.38918301046806,100.57580315244856,800.0,0.0,0.0,200.0,200.0,225.67583340707242,225.67583340707242,0.0,0.7853981633974483,282.842712474619,2119305.0,0.0,1.4405437279099853,0.07516623202079753,20.7775,2119305.0,1.0,0.0,0.0,135.0,200.0,1.0,1.000000000106614,1.0,./content/Images1/
614,noise 3 21615.0.png,40000.0,20.64225,69.55423933695734,0.0,0.0,255.0,100.0,100.0,99.56392835083385,100.22946263125387,800.0,0.0,0.0,200.0,200.0,225.67583340707242,225.67583340707242,0.0,0.7853981633974483,282.842712474619,825690.0,0.0,3.0726836139847253,7.441384591650229,8.095,825690.0,1.0,0.0,0.0,135.0,200.0,1.0,1.000000000106614,1.0,./content/Images1/
615,noise 3 21616.0.png,40000.0,0.0,0.0,0.0,0.0,0.0,100.0,100.0,100.0,100.0,800.0,0.0,0.0,200.0,200.0,225.67583340707242,225.67583340707242,0.0,0.7853981633974483,282.842712474619,0.0,0.0,,,0.0,0.0,1.0,0.0,0.0,135.0,200.0,1.0,1.000000000106614,1.0,./content/Images1/
616,noise 3 21617.0.png,40000.0,109.63725,126.24409135362549,0.0,0.0,255.0,100.0,100.0,101.1650773345738,100.89487149668567,800.0,0.0,0.0,200.0,200.0,225.67583340707242,225.67583340707242,0.0,0.7853981633974483,282.842712474619,4385490.0,0.0,0.28299103897900835,-1.9199160718575823,42.995,4385490.0,1.0,0.0,0.0,135.0,200.0,1.0,1.000000000106614,1.0,./content/Images1/
617,noise 3 21618.0.png,40000.0,0.0,0.0,0.0,0.0,0.0,100.0,100.0,100.0,100.0,800.0,0.0,0.0,200.0,200.0,225.67583340707242,225.67583340707242,0.0,0.7853981633974483,282.842712474619,0.0,0.0,,,0.0,0.0,1.0,0.0,0.0,135.0,200.0,1.0,1.000000000106614,1.0,./content/Images1/
618,noise 3 21619.0.png,40000.0,0.0,0.0,0.0,0.0,0.0,100.0,100.0,100.0,100.0,800.0,0.0,0.0,200.0,200.0,225.67583340707242,225.67583340707242,0.0,0.7853981633974483,282.842712474619,0.0,0.0,,,0.0,0.0,1.0,0.0,0.0,135.0,200.0,1.0,1.000000000106614,1.0,./content/Images1/
619,noise 3 21620.0.png,40000.0,255.0,0.0,255.0,255.0,255.0,100.0,100.0,100.0,100.0,800.0,0.0,0.0,200.0,200.0,225.67583340707242,225.67583340707242,0.0,0.7853981633974483,282.842712474619,10200000.0,255.0,,,100.0,10200000.0,1.0,0.0,0.0,135.0,200.0,1.0,1.000000000106614,1.0,./content/Images1/
620,noise 3 21621.0.png,40000.0,11.69175,53.33638862161817,0.0,0.0,255.0,100.0,100.0,99.5381679389313,100.78407851690294,800.0,0.0,0.0,200.0,200.0,225.67583340707242,225.67583340707242,0.0,0.7853981633974483,282.842712474619,467670.00000000006,0.0,4.34261488725273,16.858304058989056,4.585,467670.00000000006,1.0,0.0,0.0,135.0,200.0,1.0,1.000000000106614,1.0,./content/Images1/
621,noise 3 21622.0.png,40000.0,0.0,0.0,0.0,0.0,0.0,100.0,100.0,100.0,100.0,800.0,0.0,0.0,200.0,200.0,225.67583340707242,225.67583340707242,0.0,0.7853981633974483,282.842712474619,0.0,0.0,,,0.0,0.0,1.0,0.0,0.0,135.0,200.0,1.0,1.000000000106614,1.0,./content/Images1/
622,noise 3 21623.0.png,40000.0,255.0,0.0,255.0,255.0,255.0,100.0,100.0,100.0,100.0,800.0,0.0,0.0,200.0,200.0,225.67583340707242,225.67583340707242,0.0,0.7853981633974483,282.842712474619,10200000.0,255.0,,,100.0,10200000.0,1.0,0.0,0.0,135.0,200.0,1.0,1.000000000106614,1.0,./content/Images1/
623,noise 3 21624.0.png,40000.0,72.3945,114.97810386703732,0.0,0.0,255.0,100.0,100.0,101.04816836914407,99.88869320183163,800.0,0.0,0.0,200.0,200.0,225.67583340707242,225.67583340707242,0.0,0.7853981633974483,282.842712474619,2895779.9999999995,0.0,0.9585510106409719,-1.081179959999171,28.39,2895779.9999999995,1.0,0.0,0.0,135.0,200.0,1.0,1.000000000106614,1.0,./content/Images1/
624,noise 3 21625.0.png,40000.0,0.0,0.0,0.0,0.0,0.0,100.0,100.0,100.0,100.0,800.0,0.0,0.0,200.0,200.0,225.67583340707242,225.67583340707242,0.0,0.7853981633974483,282.842712474619,0.0,0.0,,,0.0,0.0,1.0,0.0,0.0,135.0,200.0,1.0,1.000000000106614,1.0,./content/Images1/
625,noise 3 21626.0.png,40000.0,255.0,0.0,255.0,255.0,255.0,100.0,100.0,100.0,100.0,800.0,0.0,0.0,200.0,200.0,225.67583340707242,225.67583340707242,0.0,0.7853981633974483,282.842712474619,10200000.0,255.0,,,100.0,10200000.0,1.0,0.0,0.0,135.0,200.0,1.0,1.000000000106614,1.0,./content/Images1/
626,noise 3 21627.0.png,40000.0,22.548375,72.39846302440117,0.0,0.0,255.0,100.0,100.0,100.13782866836301,100.14631043256998,800.0,0.0,0.0,200.0,200.0,225.67583340707242,225.67583340707242,0.0,0.7853981633974483,282.842712474619,901935.0,0.0,2.8993139504781404,6.406021383437162,8.8425,901935.0,1.0,0.0,0.0,135.0,200.0,1.0,1.000000000106614,1.0,./content/Images1/
627,noise 3 21628.0.png,40000.0,17.983875,65.28839812215956,0.0,0.0,255.0,100.0,100.0,101.65739099610067,98.86263736263736,800.0,0.0,0.0,200.0,200.0,225.67583340707242,225.67583340707242,0.0,0.7853981633974483,282.842712474619,719355.0,0.0,3.354883781106569,9.255245184731912,7.0525,719355.0,1.0,0.0,0.0,135.0,200.0,1.0,1.000000000106614,1.0,./content/Images1/
628,noise 3 21629.0.png,40000.0,255.0,0.0,255.0,255.0,255.0,100.0,100.0,100.0,100.0,800.0,0.0,0.0,200.0,200.0,225.67583340707242,225.67583340707242,0.0,0.7853981633974483,282.842712474619,10200000.0,255.0,,,100.0,10200000.0,1.0,0.0,0.0,135.0,200.0,1.0,1.000000000106614,1.0,./content/Images1/
629,noise 3 21630.0.png,40000.0,0.0,0.0,0.0,0.0,0.0,100.0,100.0,100.0,100.0,800.0,0.0,0.0,200.0,200.0,225.67583340707242,225.67583340707242,0.0,0.7853981633974483,282.842712474619,0.0,0.0,,,0.0,0.0,1.0,0.0,0.0,135.0,200.0,1.0,1.000000000106614,1.0,./content/Images1/
630,noise 3 21631.0.png,40000.0,0.0,0.0,0.0,0.0,0.0,100.0,100.0,100.0,100.0,800.0,0.0,0.0,200.0,200.0,225.67583340707242,225.67583340707242,0.0,0.7853981633974483,282.842712474619,0.0,0.0,,,0.0,0.0,1.0,0.0,0.0,135.0,200.0,1.0,1.000000000106614,1.0,./content/Images1/
631,noise 3 21632.0.png,40000.0,255.0,0.0,255.0,255.0,255.0,100.0,100.0,100.0,100.0,800.0,0.0,0.0,200.0,200.0,225.67583340707242,225.67583340707242,0.0,0.7853981633974483,282.842712474619,10200000.0,255.0,,,100.0,10200000.0,1.0,0.0,0.0,135.0,200.0,1.0,1.000000000106614,1.0,./content/Images1/
632,noise 3 21633.0.png,40000.0,123.298875,127.43236058355615,0.0,0.0,255.0,100.0,100.0,100.84165761853058,99.14236595832688,800.0,0.0,0.0,200.0,200.0,225.67583340707242,225.67583340707242,0.0,0.7853981633974483,282.842712474619,4931955.0,0.0,0.0659358030536131,-1.9956524698756744,48.3525,4931955.0,1.0,0.0,0.0,135.0,200.0,1.0,1.000000000106614,1.0,./content/Images1/
633,noise 3 21634.0.png,40000.0,0.0,0.0,0.0,0.0,0.0,100.0,100.0,100.0,100.0,800.0,0.0,0.0,200.0,200.0,225.67583340707242,225.67583340707242,0.0,0.7853981633974483,282.842712474619,0.0,0.0,,,0.0,0.0,1.0,0.0,0.0,135.0,200.0,1.0,1.000000000106614,1.0,./content/Images1/
634,noise 3 21635.0.png,40000.0,31.824,84.27651266672513,0.0,0.0,255.0,100.0,100.0,99.85196314102564,102.07311698717949,800.0,0.0,0.0,200.0,200.0,225.67583340707242,225.67583340707242,0.0,0.7853981633974483,282.842712474619,1272960.0,0.0,2.2705542254882767,3.155416490882671,12.48,1272960.0,1.0,0.0,0.0,135.0,200.0,1.0,1.000000000106614,1.0,./content/Images1/
635,noise 3 21636.0.png,40000.0,255.0,0.0,255.0,255.0,255.0,100.0,100.0,100.0,100.0,800.0,0.0,0.0,200.0,200.0,225.67583340707242,225.67583340707242,0.0,0.7853981633974483,282.842712474619,10200000.0,255.0,,,100.0,10200000.0,1.0,0.0,0.0,135.0,200.0,1.0,1.000000000106614,1.0,./content/Images1/
636,noise 3 21637.0.png,40000.0,255.0,0.0,255.0,255.0,255.0,100.0,100.0,100.0,100.0,800.0,0.0,0.0,200.0,200.0,225.67583340707242,225.67583340707242,0.0,0.7853981633974483,282.842712474619,10200000.0,255.0,,,100.0,10200000.0,1.0,0.0,0.0,135.0,200.0,1.0,1.000000000106614,1.0,./content/Images1/
637,noise 3 21638.0.png,40000.0,255.0,0.0,255.0,255.0,255.0,100.0,100.0,100.0,100.0,800.0,0.0,0.0,200.0,200.0,225.67583340707242,225.67583340707242,0.0,0.7853981633974483,282.842712474619,10200000.0,255.0,,,100.0,10200000.0,1.0,0.0,0.0,135.0,200.0,1.0,1.000000000106614,1.0,./content/Images1/
638,noise 3 21639.0.png,40000.0,0.0,0.0,0.0,0.0,0.0,100.0,100.0,100.0,100.0,800.0,0.0,0.0,200.0,200.0,225.67583340707242,225.67583340707242,0.0,0.7853981633974483,282.842712474619,0.0,0.0,,,0.0,0.0,1.0,0.0,0.0,135.0,200.0,1.0,1.000000000106614,1.0,./content/Images1/
639,noise 3 21640.0.png,40000.0,255.0,0.0,255.0,255.0,255.0,100.0,100.0,100.0,100.0,800.0,0.0,0.0,200.0,200.0,225.67583340707242,225.67583340707242,0.0,0.7853981633974483,282.842712474619,10200000.0,255.0,,,100.0,10200000.0,1.0,0.0,0.0,135.0,200.0,1.0,1.000000000106614,1.0,./content/Images1/
640,noise 3 21641.0.png,40000.0,0.0,0.0,0.0,0.0,0.0,100.0,100.0,100.0,100.0,800.0,0.0,0.0,200.0,200.0,225.67583340707242,225.67583340707242,0.0,0.7853981633974483,282.842712474619,0.0,0.0,,,0.0,0.0,1.0,0.0,0.0,135.0,200.0,1.0,1.000000000106614,1.0,./content/Images1/
641,noise 3 21642.0.png,40000.0,16.173375,62.150857872902556,0.0,0.0,255.0,100.0,100.0,100.41998423334647,102.07430035474971,800.0,0.0,0.0,200.0,200.0,225.67583340707242,225.67583340707242,0.0,0.7853981633974483,282.842712474619,646935.0,0.0,3.582509410781397,10.83437367833727,6.3425,646935.0,1.0,0.0,0.0,135.0,200.0,1.0,1.000000000106614,1.0,./content/Images1/
642,noise 3 21643.0.png,40000.0,0.0,0.0,0.0,0.0,0.0,100.0,100.0,100.0,100.0,800.0,0.0,0.0,200.0,200.0,225.67583340707242,225.67583340707242,0.0,0.7853981633974483,282.842712474619,0.0,0.0,,,0.0,0.0,1.0,0.0,0.0,135.0,200.0,1.0,1.000000000106614,1.0,./content/Images1/
643,noise 3 21644.0.png,40000.0,255.0,0.0,255.0,255.0,255.0,100.0,100.0,100.0,100.0,800.0,0.0,0.0,200.0,200.0,225.67583340707242,225.67583340707242,0.0,0.7853981633974483,282.842712474619,10200000.0,255.0,,,100.0,10200000.0,1.0,0.0,0.0,135.0,200.0,1.0,1.000000000106614,1.0,./content/Images1/
644,noise 3 21645.0.png,40000.0,0.0,0.0,0.0,0.0,0.0,100.0,100.0,100.0,100.0,800.0,0.0,0.0,200.0,200.0,225.67583340707242,225.67583340707242,0.0,0.7853981633974483,282.842712474619,0.0,0.0,,,0.0,0.0,1.0,0.0,0.0,135.0,200.0,1.0,1.000000000106614,1.0,./content/Images1/
645,noise 3 21646.0.png,40000.0,0.0,0.0,0.0,0.0,0.0,100.0,100.0,100.0,100.0,800.0,0.0,0.0,200.0,200.0,225.67583340707242,225.67583340707242,0.0,0.7853981633974483,282.842712474619,0.0,0.0,,,0.0,0.0,1.0,0.0,0.0,135.0,200.0,1.0,1.000000000106614,1.0,./content/Images1/
646,noise 3 21647.0.png,40000.0,0.0,0.0,0.0,0.0,0.0,100.0,100.0,100.0,100.0,800.0,0.0,0.0,200.0,200.0,225.67583340707242,225.67583340707242,0.0,0.7853981633974483,282.842712474619,0.0,0.0,,,0.0,0.0,1.0,0.0,0.0,135.0,200.0,1.0,1.000000000106614,1.0,./content/Images1/
647,noise 3 21648.0.png,40000.0,0.0,0.0,0.0,0.0,0.0,100.0,100.0,100.0,100.0,800.0,0.0,0.0,200.0,200.0,225.67583340707242,225.67583340707242,0.0,0.7853981633974483,282.842712474619,0.0,0.0,,,0.0,0.0,1.0,0.0,0.0,135.0,200.0,1.0,1.000000000106614,1.0,./content/Images1/
648,noise 3 21649.0.png,40000.0,254.572875,10.42771104621319,255.0,0.0,255.0,100.0,100.0,99.97734956051386,99.83458543059625,800.0,0.0,0.0,200.0,200.0,225.67583340707242,225.67583340707242,0.0,0.7853981633974483,282.842712474619,10182915.0,255.0,-24.372455829958664,592.016603183259,99.8325,10182915.0,1.0,0.0,0.0,135.0,200.0,1.0,1.000000000106614,1.0,./content/Images1/
649,noise 3 21650.0.png,40000.0,30.427875,82.66452312551597,0.0,0.0,255.0,100.0,100.0,100.10067043787974,100.42352817934213,800.0,0.0,0.0,200.0,200.0,225.67583340707242,225.67583340707242,0.0,0.7853981633974483,282.842712474619,1217115.0,0.0,2.3486094095509453,3.5159661586312403,11.9325,1217115.0,1.0,0.0,0.0,135.0,200.0,1.0,1.000000000106614,1.0,./content/Images1/
650,noise 3 21651.0.png,40000.0,0.0,0.0,0.0,0.0,0.0,100.0,100.0,100.0,100.0,800.0,0.0,0.0,200.0,200.0,225.67583340707242,225.67583340707242,0.0,0.7853981633974483,282.842712474619,0.0,0.0,,,0.0,0.0,1.0,0.0,0.0,135.0,200.0,1.0,1.000000000106614,1.0,./content/Images1/
651,noise 3 21652.0.png,40000.0,0.0,0.0,0.0,0.0,0.0,100.0,100.0,100.0,100.0,800.0,0.0,0.0,200.0,200.0,225.67583340707242,225.67583340707242,0.0,0.7853981633974483,282.842712474619,0.0,0.0,,,0.0,0.0,1.0,0.0,0.0,135.0,200.0,1.0,1.000000000106614,1.0,./content/Images1/
652,noise 3 21653.0.png,40000.0,11.46225,52.83521897320573,0.0,0.0,255.0,100.0,100.0,99.9293659621802,100.22636262513905,800.0,0.0,0.0,200.0,200.0,225.67583340707242,225.67583340707242,0.0,0.7853981633974483,282.842712474619,458489.99999999994,0.0,4.392494353356186,17.29400664426598,4.495,458489.99999999994,1.0,0.0,0.0,135.0,200.0,1.0,1.000000000106614,1.0,./content/Images1/
653,noise 3 21654.0.png,40000.0,34.6545,87.38509045369719,0.0,0.0,255.0,100.0,100.0,100.11497424576895,99.68009565857248,800.0,0.0,0.0,200.0,200.0,225.67583340707242,225.67583340707242,0.0,0.7853981633974483,282.842712474619,1386180.0,0.0,2.125000045395796,2.5156251929321343,13.59,1386180.0,1.0,0.0,0.0,135.0,200.0,1.0,1.000000000106614,1.0,./content/Images1/
654,noise 3 21655.0.png,40000.0,255.0,0.0,255.0,255.0,255.0,100.0,100.0,100.0,100.0,800.0,0.0,0.0,200.0,200.0,225.67583340707242,225.67583340707242,0.0,0.7853981633974483,282.842712474619,10200000.0,255.0,,,100.0,10200000.0,1.0,0.0,0.0,135.0,200.0,1.0,1.000000000106614,1.0,./content/Images1/
655,noise 3 21656.0.png,40000.0,255.0,0.0,255.0,255.0,255.0,100.0,100.0,100.0,100.0,800.0,0.0,0.0,200.0,200.0,225.67583340707242,225.67583340707242,0.0,0.7853981633974483,282.842712474619,10200000.0,255.0,,,100.0,10200000.0,1.0,0.0,0.0,135.0,200.0,1.0,1.000000000106614,1.0,./content/Images1/
656,noise 3 21657.0.png,40000.0,255.0,0.0,255.0,255.0,255.0,100.0,100.0,100.0,100.0,800.0,0.0,0.0,200.0,200.0,225.67583340707242,225.67583340707242,0.0,0.7853981633974483,282.842712474619,10200000.0,255.0,,,100.0,10200000.0,1.0,0.0,0.0,135.0,200.0,1.0,1.000000000106614,1.0,./content/Images1/
657,noise 3 21658.0.png,40000.0,255.0,0.0,255.0,255.0,255.0,100.0,100.0,100.0,100.0,800.0,0.0,0.0,200.0,200.0,225.67583340707242,225.67583340707242,0.0,0.7853981633974483,282.842712474619,10200000.0,255.0,,,100.0,10200000.0,1.0,0.0,0.0,135.0,200.0,1.0,1.000000000106614,1.0,./content/Images1/
658,noise 3 21659.0.png,40000.0,0.0,0.0,0.0,0.0,0.0,100.0,100.0,100.0,100.0,800.0,0.0,0.0,200.0,200.0,225.67583340707242,225.67583340707242,0.0,0.7853981633974483,282.842712474619,0.0,0.0,,,0.0,0.0,1.0,0.0,0.0,135.0,200.0,1.0,1.000000000106614,1.0,./content/Images1/
659,noise 3 21660.0.png,40000.0,255.0,0.0,255.0,255.0,255.0,100.0,100.0,100.0,100.0,800.0,0.0,0.0,200.0,200.0,225.67583340707242,225.67583340707242,0.0,0.7853981633974483,282.842712474619,10200000.0,255.0,,,100.0,10200000.0,1.0,0.0,0.0,135.0,200.0,1.0,1.000000000106614,1.0,./content/Images1/
660,noise 3 21661.0.png,40000.0,14.911125,59.83380924153654,0.0,0.0,255.0,100.0,100.0,101.4328772979906,101.62056434373665,800.0,0.0,0.0,200.0,200.0,225.67583340707242,225.67583340707242,0.0,0.7853981633974483,282.842712474619,596445.0,0.0,3.7634335441630564,12.163432041331708,5.8475,596445.0,1.0,0.0,0.0,135.0,200.0,1.0,1.000000000106614,1.0,./content/Images1/
661,noise 3 21662.0.png,40000.0,255.0,0.0,255.0,255.0,255.0,100.0,100.0,100.0,100.0,800.0,0.0,0.0,200.0,200.0,225.67583340707242,225.67583340707242,0.0,0.7853981633974483,282.842712474619,10200000.0,255.0,,,100.0,10200000.0,1.0,0.0,0.0,135.0,200.0,1.0,1.000000000106614,1.0,./content/Images1/
662,noise 3 21663.0.png,40000.0,184.651875,113.97472500485743,255.0,0.0,255.0,100.0,100.0,100.07117210426377,100.092301052995,800.0,0.0,0.0,200.0,200.0,225.67583340707242,225.67583340707242,0.0,0.7853981633974483,282.842712474619,7386075.0,255.0,-1.0028993605274672,-0.9941928726536022,72.4125,7386075.0,1.0,0.0,0.0,135.0,200.0,1.0,1.000000000106614,1.0,./content/Images1/
663,noise 3 21664.0.png,40000.0,140.983125,126.78666022758335,255.0,0.0,255.0,100.0,100.0,100.27983269274249,99.97022382997964,800.0,0.0,0.0,200.0,200.0,225.67583340707242,225.67583340707242,0.0,0.7853981633974483,282.842712474619,5639325.0,255.0,-0.2126926211009902,-1.9547618489291914,55.2875,5639325.0,1.0,0.0,0.0,135.0,200.0,1.0,1.000000000106614,1.0,./content/Images1/
664,noise 3 21665.0.png,40000.0,0.0,0.0,0.0,0.0,0.0,100.0,100.0,100.0,100.0,800.0,0.0,0.0,200.0,200.0,225.67583340707242,225.67583340707242,0.0,0.7853981633974483,282.842712474619,0.0,0.0,,,0.0,0.0,1.0,0.0,0.0,135.0,200.0,1.0,1.000000000106614,1.0,./content/Images1/
665,noise 3 21666.0.png,40000.0,182.114625,115.21208522426767,255.0,0.0,255.0,100.0,100.0,100.60456120698709,100.52849441663457,800.0,0.0,0.0,200.0,200.0,225.67583340707242,225.67583340707242,0.0,0.7853981633974483,282.842712474619,7284585.0,255.0,-0.9480829652427692,-1.1011386910164853,71.4175,7284585.0,1.0,0.0,0.0,135.0,200.0,1.0,1.000000000106614,1.0,./content/Images1/
666,noise 3 21667.0.png,40000.0,11.97225,53.941280309986496,0.0,0.0,255.0,100.0,100.0,101.4307774227902,102.40521831735889,800.0,0.0,0.0,200.0,200.0,225.67583340707242,225.67583340707242,0.0,0.7853981633974483,282.842712474619,478890.0,0.0,4.283516945094228,16.348517418909385,4.695,478890.0,1.0,0.0,0.0,135.0,200.0,1.0,1.000000000106614,1.0,./content/Images1/
667,noise 3 21668.0.png,40000.0,0.0,0.0,0.0,0.0,0.0,100.0,100.0,100.0,100.0,800.0,0.0,0.0,200.0,200.0,225.67583340707242,225.67583340707242,0.0,0.7853981633974483,282.842712474619,0.0,0.0,,,0.0,0.0,1.0,0.0,0.0,135.0,200.0,1.0,1.000000000106614,1.0,./content/Images1/
668,noise 3 21669.0.png,40000.0,255.0,0.0,255.0,255.0,255.0,100.0,100.0,100.0,100.0,800.0,0.0,0.0,200.0,200.0,225.67583340707242,225.67583340707242,0.0,0.7853981633974483,282.842712474619,10200000.0,255.0,,,100.0,10200000.0,1.0,0.0,0.0,135.0,200.0,1.0,1.000000000106614,1.0,./content/Images1/
669,noise 3 21670.0.png,40000.0,255.0,0.0,255.0,255.0,255.0,100.0,100.0,100.0,100.0,800.0,0.0,0.0,200.0,200.0,225.67583340707242,225.67583340707242,0.0,0.7853981633974483,282.842712474619,10200000.0,255.0,,,100.0,10200000.0,1.0,0.0,0.0,135.0,200.0,1.0,1.000000000106614,1.0,./content/Images1/
670,noise 3 21671.0.png,40000.0,6.292125,39.55932458331932,0.0,0.0,255.0,100.0,100.0,105.99442755825734,103.35106382978724,800.0,0.0,0.0,200.0,200.0,225.67583340707242,225.67583340707242,0.0,0.7853981633974483,282.842712474619,251685.00000000003,0.0,6.127980768304404,35.55214829670863,2.4675,251685.00000000003,1.0,0.0,0.0,135.0,200.0,1.0,1.000000000106614,1.0,./content/Images1/
671,noise 3 21672.0.png,40000.0,0.0,0.0,0.0,0.0,0.0,100.0,100.0,100.0,100.0,800.0,0.0,0.0,200.0,200.0,225.67583340707242,225.67583340707242,0.0,0.7853981633974483,282.842712474619,0.0,0.0,,,0.0,0.0,1.0,0.0,0.0,135.0,200.0,1.0,1.000000000106614,1.0,./content/Images1/
672,noise 3 21673.0.png,40000.0,61.44225,109.05466972102661,0.0,0.0,255.0,100.0,100.0,100.75119319360863,100.9142975721104,800.0,0.0,0.0,200.0,200.0,225.67583340707242,225.67583340707242,0.0,0.7853981633974483,282.842712474619,2457690.0,0.0,1.2114763339587828,-0.5323250922577869,24.095,2457690.0,1.0,0.0,0.0,135.0,200.0,1.0,1.000000000106614,1.0,./content/Images1/
673,noise 3 21674.0.png,40000.0,0.0,0.0,0.0,0.0,0.0,100.0,100.0,100.0,100.0,800.0,0.0,0.0,200.0,200.0,225.67583340707242,225.67583340707242,0.0,0.7853981633974483,282.842712474619,0.0,0.0,,,0.0,0.0,1.0,0.0,0.0,135.0,200.0,1.0,1.000000000106614,1.0,./content/Images1/
674,noise 3 21675.0.png,40000.0,67.84275,112.68353900165076,0.0,0.0,255.0,100.0,100.0,98.97049426799474,99.28378124412704,800.0,0.0,0.0,200.0,200.0,225.67583340707242,225.67583340707242,0.0,0.7853981633974483,282.842712474619,2713710.0,0.0,1.058859106807668,-0.8788173919304683,26.605,2713710.0,1.0,0.0,0.0,135.0,200.0,1.0,1.000000000106614,1.0,./content/Images1/
675,noise 3 21676.0.png,40000.0,10.767375,51.28167319676223,0.0,0.0,255.0,100.0,100.0,100.73564239194789,100.97010065127294,800.0,0.0,0.0,200.0,200.0,225.67583340707242,225.67583340707242,0.0,0.7853981633974483,282.842712474619,430695.0,0.0,4.552662848471275,18.726739011850583,4.2225,430695.0,1.0,0.0,0.0,135.0,200.0,1.0,1.000000000106614,1.0,./content/Images1/
676,noise 3 21677.0.png,40000.0,36.802875,89.61295820801445,0.0,0.0,255.0,100.0,100.0,100.50710202667591,100.30391477567989,800.0,0.0,0.0,200.0,200.0,225.67583340707242,225.67583340707242,0.0,0.7853981633974483,282.842712474619,1472115.0,0.0,2.0242219551504226,2.097474523713,14.4325,1472115.0,1.0,0.0,0.0,135.0,200.0,1.0,1.000000000106614,1.0,./content/Images1/
677,noise 3 21678.0.png,40000.0,255.0,0.0,255.0,255.0,255.0,100.0,100.0,100.0,100.0,800.0,0.0,0.0,200.0,200.0,225.67583340707242,225.67583340707242,0.0,0.7853981633974483,282.842712474619,10200000.0,255.0,,,100.0,10200000.0,1.0,0.0,0.0,135.0,200.0,1.0,1.000000000106614,1.0,./content/Images1/
678,noise 3 21679.0.png,40000.0,28.254,80.04149954892931,0.0,0.0,255.0,100.0,100.0,100.9884927797834,101.03564981949458,800.0,0.0,0.0,200.0,200.0,225.67583340707242,225.67583340707242,0.0,0.7853981633974483,282.842712474619,1130160.0,0.0,2.479894583623874,4.149877145887028,11.08,1130160.0,1.0,0.0,0.0,135.0,200.0,1.0,1.000000000106614,1.0,./content/Images1/
679,noise 3 21680.0.png,40000.0,0.0,0.0,0.0,0.0,0.0,100.0,100.0,100.0,100.0,800.0,0.0,0.0,200.0,200.0,225.67583340707242,225.67583340707242,0.0,0.7853981633974483,282.842712474619,0.0,0.0,,,0.0,0.0,1.0,0.0,0.0,135.0,200.0,1.0,1.000000000106614,1.0,./content/Images1/
680,noise 3 21681.0.png,40000.0,255.0,0.0,255.0,255.0,255.0,100.0,100.0,100.0,100.0,800.0,0.0,0.0,200.0,200.0,225.67583340707242,225.67583340707242,0.0,0.7853981633974483,282.842712474619,10200000.0,255.0,,,100.0,10200000.0,1.0,0.0,0.0,135.0,200.0,1.0,1.000000000106614,1.0,./content/Images1/
681,noise 3 21682.0.png,40000.0,255.0,0.0,255.0,255.0,255.0,100.0,100.0,100.0,100.0,800.0,0.0,0.0,200.0,200.0,225.67583340707242,225.67583340707242,0.0,0.7853981633974483,282.842712474619,10200000.0,255.0,,,100.0,10200000.0,1.0,0.0,0.0,135.0,200.0,1.0,1.000000000106614,1.0,./content/Images1/
682,noise 3 21683.0.png,40000.0,185.174625,113.71108515171919,255.0,0.0,255.0,100.0,100.0,99.75679071849072,99.85986504630426,800.0,0.0,0.0,200.0,200.0,225.67583340707242,225.67583340707242,0.0,0.7853981633974483,282.842712474619,7406985.0,255.0,-1.0144190580782328,-0.9709539746076721,72.6175,7406985.0,1.0,0.0,0.0,135.0,200.0,1.0,1.000000000106614,1.0,./content/Images1/
683,noise 3 21684.0.png,40000.0,0.0,0.0,0.0,0.0,0.0,100.0,100.0,100.0,100.0,800.0,0.0,0.0,200.0,200.0,225.67583340707242,225.67583340707242,0.0,0.7853981633974483,282.842712474619,0.0,0.0,,,0.0,0.0,1.0,0.0,0.0,135.0,200.0,1.0,1.000000000106614,1.0,./content/Images1/
684,noise 3 21685.0.png,40000.0,235.60725,67.5957596828801,255.0,0.0,255.0,100.0,100.0,99.12508793765896,99.5876129660696,800.0,0.0,0.0,200.0,200.0,225.67583340707242,225.67583340707242,0.0,0.7853981633974483,282.842712474619,9424290.0,255.0,-3.1986799726238893,8.231553567265223,92.395,9424290.0,1.0,0.0,0.0,135.0,200.0,1.0,1.000000000106614,1.0,./content/Images1/
685,noise 3 21686.0.png,40000.0,154.74675,124.55622212779765,255.0,0.0,255.0,100.0,100.0,99.48434539012936,100.82190821455055,800.0,0.0,0.0,200.0,200.0,225.67583340707242,225.67583340707242,0.0,0.7853981633974483,282.842712474619,6189870.0,255.0,-0.437506695776384,-1.8085878911508333,60.685,6189870.0,1.0,0.0,0.0,135.0,200.0,1.0,1.000000000106614,1.0,./content/Images1/
686,noise 3 21687.0.png,40000.0,18.819,66.66934347234849,0.0,0.0,255.0,100.0,100.0,100.32791327913279,100.11924119241192,800.0,0.0,0.0,200.0,200.0,225.67583340707242,225.67583340707242,0.0,0.7853981633974483,282.842712474619,752760.0,0.0,3.2603398466957842,8.629815915952289,7.38,752760.0,1.0,0.0,0.0,135.0,200.0,1.0,1.000000000106614,1.0,./content/Images1/
687,noise 3 21688.0.png,40000.0,0.0,0.0,0.0,0.0,0.0,100.0,100.0,100.0,100.0,800.0,0.0,0.0,200.0,200.0,225.67583340707242,225.67583340707242,0.0,0.7853981633974483,282.842712474619,0.0,0.0,,,0.0,0.0,1.0,0.0,0.0,135.0,200.0,1.0,1.000000000106614,1.0,./content/Images1/
688,noise 3 21689.0.png,40000.0,255.0,0.0,255.0,255.0,255.0,100.0,100.0,100.0,100.0,800.0,0.0,0.0,200.0,200.0,225.67583340707242,225.67583340707242,0.0,0.7853981633974483,282.842712474619,10200000.0,255.0,,,100.0,10200000.0,1.0,0.0,0.0,135.0,200.0,1.0,1.000000000106614,1.0,./content/Images1/
689,noise 3 21690.0.png,40000.0,0.0,0.0,0.0,0.0,0.0,100.0,100.0,100.0,100.0,800.0,0.0,0.0,200.0,200.0,225.67583340707242,225.67583340707242,0.0,0.7853981633974483,282.842712474619,0.0,0.0,,,0.0,0.0,1.0,0.0,0.0,135.0,200.0,1.0,1.000000000106614,1.0,./content/Images1/
690,noise 3 21691.0.png,40000.0,47.359875,99.1668100545227,0.0,0.0,255.0,100.0,100.0,100.21772782339481,99.97812626194643,800.0,0.0,0.0,200.0,200.0,225.67583340707242,225.67583340707242,0.0,0.7853981633974483,282.842712474619,1894395.0,0.0,1.616289295305223,0.6123910861182562,18.5725,1894395.0,1.0,0.0,0.0,135.0,200.0,1.0,1.000000000106614,1.0,./content/Images1/
691,noise 3 21692.0.png,40000.0,255.0,0.0,255.0,255.0,255.0,100.0,100.0,100.0,100.0,800.0,0.0,0.0,200.0,200.0,225.67583340707242,225.67583340707242,0.0,0.7853981633974483,282.842712474619,10200000.0,255.0,,,100.0,10200000.0,1.0,0.0,0.0,135.0,200.0,1.0,1.000000000106614,1.0,./content/Images1/
692,noise 3 21693.0.png,40000.0,255.0,0.0,255.0,255.0,255.0,100.0,100.0,100.0,100.0,800.0,0.0,0.0,200.0,200.0,225.67583340707242,225.67583340707242,0.0,0.7853981633974483,282.842712474619,10200000.0,255.0,,,100.0,10200000.0,1.0,0.0,0.0,135.0,200.0,1.0,1.000000000106614,1.0,./content/Images1/
693,noise 3 21694.0.png,40000.0,36.72,89.52900081007076,0.0,0.0,255.0,100.0,100.0,100.790625,100.27569444444444,800.0,0.0,0.0,200.0,200.0,225.67583340707242,225.67583340707242,0.0,0.7853981633974483,282.842712474619,1468800.0,0.0,2.0279715835065004,2.1126687435098646,14.4,1468800.0,1.0,0.0,0.0,135.0,200.0,1.0,1.000000000106614,1.0,./content/Images1/
694,noise 3 21695.0.png,40000.0,105.88875,125.65666959378972,0.0,0.0,255.0,100.0,100.0,99.34057796508128,100.13413606261288,800.0,0.0,0.0,200.0,200.0,225.67583340707242,225.67583340707242,0.0,0.7853981633974483,282.842712474619,4235550.0,0.0,0.3439772869288007,-1.8816796260771,41.525,4235550.0,1.0,0.0,0.0,135.0,200.0,1.0,1.000000000106614,1.0,./content/Images1/
695,noise 3 21696.0.png,40000.0,112.77375,126.64828682477861,0.0,0.0,255.0,100.0,100.0,100.12170717919729,100.21085358959864,800.0,0.0,0.0,200.0,200.0,225.67583340707242,225.67583340707242,0.0,0.7853981633974483,282.842712474619,4510950.0,0.0,0.2325563882589424,-1.9459175262799562,44.225,4510950.0,1.0,0.0,0.0,135.0,200.0,1.0,1.000000000106614,1.0,./content/Images1/
696,noise 3 21697.0.png,40000.0,187.711875,112.38814833594125,255.0,0.0,255.0,100.0,100.0,99.91782985226693,100.01210731872983,800.0,0.0,0.0,200.0,200.0,225.67583340707242,225.67583340707242,0.0,0.7853981633974483,282.842712474619,7508475.0,255.0,-1.0715120509427298,-0.8518619246845174,73.6125,7508475.0,1.0,0.0,0.0,135.0,200.0,1.0,1.000000000106614,1.0,./content/Images1/
697,noise 3 21698.0.png,40000.0,255.0,0.0,255.0,255.0,255.0,100.0,100.0,100.0,100.0,800.0,0.0,0.0,200.0,200.0,225.67583340707242,225.67583340707242,0.0,0.7853981633974483,282.842712474619,10200000.0,255.0,,,100.0,10200000.0,1.0,0.0,0.0,135.0,200.0,1.0,1.000000000106614,1.0,./content/Images1/
698,noise 3 21699.0.png,40000.0,255.0,0.0,255.0,255.0,255.0,100.0,100.0,100.0,100.0,800.0,0.0,0.0,200.0,200.0,225.67583340707242,225.67583340707242,0.0,0.7853981633974483,282.842712474619,10200000.0,255.0,,,100.0,10200000.0,1.0,0.0,0.0,135.0,200.0,1.0,1.000000000106614,1.0,./content/Images1/
699,noise 3 21700.0.png,40000.0,255.0,0.0,255.0,255.0,255.0,100.0,100.0,100.0,100.0,800.0,0.0,0.0,200.0,200.0,225.67583340707242,225.67583340707242,0.0,0.7853981633974483,282.842712474619,10200000.0,255.0,,,100.0,10200000.0,1.0,0.0,0.0,135.0,200.0,1.0,1.000000000106614,1.0,./content/Images1/
700,noise 3 21701.0.png,40000.0,0.0,0.0,0.0,0.0,0.0,100.0,100.0,100.0,100.0,800.0,0.0,0.0,200.0,200.0,225.67583340707242,225.67583340707242,0.0,0.7853981633974483,282.842712474619,0.0,0.0,,,0.0,0.0,1.0,0.0,0.0,135.0,200.0,1.0,1.000000000106614,1.0,./content/Images1/
701,noise 3 21702.0.png,40000.0,255.0,0.0,255.0,255.0,255.0,100.0,100.0,100.0,100.0,800.0,0.0,0.0,200.0,200.0,225.67583340707242,225.67583340707242,0.0,0.7853981633974483,282.842712474619,10200000.0,255.0,,,100.0,10200000.0,1.0,0.0,0.0,135.0,200.0,1.0,1.000000000106614,1.0,./content/Images1/
702,noise 3 21703.0.png,40000.0,255.0,0.0,255.0,255.0,255.0,100.0,100.0,100.0,100.0,800.0,0.0,0.0,200.0,200.0,225.67583340707242,225.67583340707242,0.0,0.7853981633974483,282.842712474619,10200000.0,255.0,,,100.0,10200000.0,1.0,0.0,0.0,135.0,200.0,1.0,1.000000000106614,1.0,./content/Images1/
703,noise 3 21704.0.png,40000.0,22.73325,72.66574228747722,0.0,0.0,255.0,100.0,100.0,100.01009534492428,100.79192372406057,800.0,0.0,0.0,200.0,200.0,225.67583340707242,225.67583340707242,0.0,0.7853981633974483,282.842712474619,909330.0000000001,0.0,2.8835612576405296,6.314925526565434,8.915,909330.0000000001,1.0,0.0,0.0,135.0,200.0,1.0,1.000000000106614,1.0,./content/Images1/
704,noise 3 21705.0.png,40000.0,43.012125,95.48966925750527,0.0,0.0,255.0,100.0,100.0,100.66733362976137,100.14354527938343,800.0,0.0,0.0,200.0,200.0,225.67583340707242,225.67583340707242,0.0,0.7853981633974483,282.842712474619,1720485.0,0.0,1.7695931251034072,1.1314598284132433,16.8675,1720485.0,1.0,0.0,0.0,135.0,200.0,1.0,1.000000000106614,1.0,./content/Images1/
705,noise 3 21706.0.png,40000.0,255.0,0.0,255.0,255.0,255.0,100.0,100.0,100.0,100.0,800.0,0.0,0.0,200.0,200.0,225.67583340707242,225.67583340707242,0.0,0.7853981633974483,282.842712474619,10200000.0,255.0,,,100.0,10200000.0,1.0,0.0,0.0,135.0,200.0,1.0,1.000000000106614,1.0,./content/Images1/
706,noise 3 21707.0.png,40000.0,0.0,0.0,0.0,0.0,0.0,100.0,100.0,100.0,100.0,800.0,0.0,0.0,200.0,200.0,225.67583340707242,225.67583340707242,0.0,0.7853981633974483,282.842712474619,0.0,0.0,,,0.0,0.0,1.0,0.0,0.0,135.0,200.0,1.0,1.000000000106614,1.0,./content/Images1/
707,noise 3 21708.0.png,40000.0,7.15275,42.10503222040042,0.0,0.0,255.0,100.0,100.0,98.98841354723707,98.85383244206774,800.0,0.0,0.0,200.0,200.0,225.67583340707242,225.67583340707242,0.0,0.7853981633974483,282.842712474619,286110.0,0.0,5.716597186714489,30.67948339515202,2.805,286110.0,1.0,0.0,0.0,135.0,200.0,1.0,1.000000000106614,1.0,./content/Images1/
708,noise 3 21709.0.png,40000.0,45.893625,97.9637151275737,0.0,0.0,255.0,100.0,100.0,99.95756355049312,100.27121822475344,800.0,0.0,0.0,200.0,200.0,225.67583340707242,225.67583340707242,0.0,0.7853981633974483,282.842712474619,1835745.0,0.0,1.666073913030774,0.7758022836816751,17.9975,1835745.0,1.0,0.0,0.0,135.0,200.0,1.0,1.000000000106614,1.0,./content/Images1/
709,noise 3 21710.0.png,40000.0,255.0,0.0,255.0,255.0,255.0,100.0,100.0,100.0,100.0,800.0,0.0,0.0,200.0,200.0,225.67583340707242,225.67583340707242,0.0,0.7853981633974483,282.842712474619,10200000.0,255.0,,,100.0,10200000.0,1.0,0.0,0.0,135.0,200.0,1.0,1.000000000106614,1.0,./content/Images1/
710,noise 3 21711.0.png,40000.0,255.0,0.0,255.0,255.0,255.0,100.0,100.0,100.0,100.0,800.0,0.0,0.0,200.0,200.0,225.67583340707242,225.67583340707242,0.0,0.7853981633974483,282.842712474619,10200000.0,255.0,,,100.0,10200000.0,1.0,0.0,0.0,135.0,200.0,1.0,1.000000000106614,1.0,./content/Images1/
711,noise 3 21712.0.png,40000.0,37.300125,90.1134593769066,0.0,0.0,255.0,100.0,100.0,100.14279610323021,100.47282515809263,800.0,0.0,0.0,200.0,200.0,225.67583340707242,225.67583340707242,0.0,0.7853981633974483,282.842712474619,1492005.0,0.0,2.0019429537668896,2.0077755901369,14.6275,1492005.0,1.0,0.0,0.0,135.0,200.0,1.0,1.000000000106614,1.0,./content/Images1/
712,noise 3 21713.0.png,40000.0,70.87725,114.2385243402968,0.0,0.0,255.0,100.0,100.0,99.70309408166936,99.72602986148588,800.0,0.0,0.0,200.0,200.0,225.67583340707242,225.67583340707242,0.0,0.7853981633974483,282.842712474619,2835090.0,0.0,0.9913198393385186,-1.0172849761338534,27.795,2835090.0,1.0,0.0,0.0,135.0,200.0,1.0,1.000000000106614,1.0,./content/Images1/
713,noise 3 21714.0.png,40000.0,16.07775,61.97925653509822,0.0,0.0,255.0,100.0,100.0,100.62807295796986,100.29976209357653,800.0,0.0,0.0,200.0,200.0,225.67583340707242,225.67583340707242,0.0,0.7853981633974483,282.842712474619,643110.0000000001,0.0,3.5955140165691417,10.927721043345164,6.305,643110.0000000001,1.0,0.0,0.0,135.0,200.0,1.0,1.000000000106614,1.0,./content/Images1/
714,noise 3 21715.0.png,40000.0,255.0,0.0,255.0,255.0,255.0,100.0,100.0,100.0,100.0,800.0,0.0,0.0,200.0,200.0,225.67583340707242,225.67583340707242,0.0,0.7853981633974483,282.842712474619,10200000.0,255.0,,,100.0,10200000.0,1.0,0.0,0.0,135.0,200.0,1.0,1.000000000106614,1.0,./content/Images1/
715,noise 3 21716.0.png,40000.0,255.0,0.0,255.0,255.0,255.0,100.0,100.0,100.0,100.0,800.0,0.0,0.0,200.0,200.0,225.67583340707242,225.67583340707242,0.0,0.7853981633974483,282.842712474619,10200000.0,255.0,,,100.0,10200000.0,1.0,0.0,0.0,135.0,200.0,1.0,1.000000000106614,1.0,./content/Images1/
716,noise 3 21717.0.png,40000.0,34.5525,87.2765872030801,0.0,0.0,255.0,100.0,100.0,100.82435424354243,99.91088560885609,800.0,0.0,0.0,200.0,200.0,225.67583340707242,225.67583340707242,0.0,0.7853981633974483,282.842712474619,1382100.0,0.0,2.129979295575727,2.536811799581269,13.55,1382100.0,1.0,0.0,0.0,135.0,200.0,1.0,1.000000000106614,1.0,./content/Images1/
717,noise 3 21718.0.png,40000.0,255.0,0.0,255.0,255.0,255.0,100.0,100.0,100.0,100.0,800.0,0.0,0.0,200.0,200.0,225.67583340707242,225.67583340707242,0.0,0.7853981633974483,282.842712474619,10200000.0,255.0,,,100.0,10200000.0,1.0,0.0,0.0,135.0,200.0,1.0,1.000000000106614,1.0,./content/Images1/
718,noise 3 21719.0.png,40000.0,255.0,0.0,255.0,255.0,255.0,100.0,100.0,100.0,100.0,800.0,0.0,0.0,200.0,200.0,225.67583340707242,225.67583340707242,0.0,0.7853981633974483,282.842712474619,10200000.0,255.0,,,100.0,10200000.0,1.0,0.0,0.0,135.0,200.0,1.0,1.000000000106614,1.0,./content/Images1/
719,noise 3 21720.0.png,40000.0,117.076875,127.07482900062669,0.0,0.0,255.0,100.0,100.0,101.13316090389327,99.36860876667575,800.0,0.0,0.0,200.0,200.0,225.67583340707242,225.67583340707242,0.0,0.7853981633974483,282.842712474619,4683075.0,0.0,0.1640490941200325,-1.9730878947183967,45.9125,4683075.0,1.0,0.0,0.0,135.0,200.0,1.0,1.000000000106614,1.0,./content/Images1/
720,noise 3 21721.0.png,40000.0,0.0,0.0,0.0,0.0,0.0,100.0,100.0,100.0,100.0,800.0,0.0,0.0,200.0,200.0,225.67583340707242,225.67583340707242,0.0,0.7853981633974483,282.842712474619,0.0,0.0,,,0.0,0.0,1.0,0.0,0.0,135.0,200.0,1.0,1.000000000106614,1.0,./content/Images1/
721,noise 3 21722.0.png,40000.0,242.065125,55.95677271559443,255.0,0.0,255.0,100.0,100.0,99.18236285586369,98.48904427062759,800.0,0.0,0.0,200.0,200.0,225.67583340707242,225.67583340707242,0.0,0.7853981633974483,282.842712474619,9682605.0,255.0,-4.094823612262654,14.767580415543389,94.9275,9682605.0,1.0,0.0,0.0,135.0,200.0,1.0,1.000000000106614,1.0,./content/Images1/
722,noise 3 21723.0.png,40000.0,0.0,0.0,0.0,0.0,0.0,100.0,100.0,100.0,100.0,800.0,0.0,0.0,200.0,200.0,225.67583340707242,225.67583340707242,0.0,0.7853981633974483,282.842712474619,0.0,0.0,,,0.0,0.0,1.0,0.0,0.0,135.0,200.0,1.0,1.000000000106614,1.0,./content/Images1/
723,noise 3 21724.0.png,40000.0,30.236625,82.43940677857965,0.0,0.0,255.0,100.0,100.0,100.71294539321104,100.08380771663504,800.0,0.0,0.0,200.0,200.0,225.67583340707242,225.67583340707242,0.0,0.7853981633974483,282.842712474619,1209465.0,0.0,2.359662559829493,3.568007396261077,11.8575,1209465.0,1.0,0.0,0.0,135.0,200.0,1.0,1.000000000106614,1.0,./content/Images1/
724,noise 3 21725.0.png,40000.0,0.0,0.0,0.0,0.0,0.0,100.0,100.0,100.0,100.0,800.0,0.0,0.0,200.0,200.0,225.67583340707242,225.67583340707242,0.0,0.7853981633974483,282.842712474619,0.0,0.0,,,0.0,0.0,1.0,0.0,0.0,135.0,200.0,1.0,1.000000000106614,1.0,./content/Images1/
725,noise 3 21726.0.png,40000.0,255.0,0.0,255.0,255.0,255.0,100.0,100.0,100.0,100.0,800.0,0.0,0.0,200.0,200.0,225.67583340707242,225.67583340707242,0.0,0.7853981633974483,282.842712474619,10200000.0,255.0,,,100.0,10200000.0,1.0,0.0,0.0,135.0,200.0,1.0,1.000000000106614,1.0,./content/Images1/
726,noise 3 21727.0.png,40000.0,0.0,0.0,0.0,0.0,0.0,100.0,100.0,100.0,100.0,800.0,0.0,0.0,200.0,200.0,225.67583340707242,225.67583340707242,0.0,0.7853981633974483,282.842712474619,0.0,0.0,,,0.0,0.0,1.0,0.0,0.0,135.0,200.0,1.0,1.000000000106614,1.0,./content/Images1/
727,noise 3 21728.0.png,40000.0,0.0,0.0,0.0,0.0,0.0,100.0,100.0,100.0,100.0,800.0,0.0,0.0,200.0,200.0,225.67583340707242,225.67583340707242,0.0,0.7853981633974483,282.842712474619,0.0,0.0,,,0.0,0.0,1.0,0.0,0.0,135.0,200.0,1.0,1.000000000106614,1.0,./content/Images1/
728,noise 3 21729.0.png,40000.0,255.0,0.0,255.0,255.0,255.0,100.0,100.0,100.0,100.0,800.0,0.0,0.0,200.0,200.0,225.67583340707242,225.67583340707242,0.0,0.7853981633974483,282.842712474619,10200000.0,255.0,,,100.0,10200000.0,1.0,0.0,0.0,135.0,200.0,1.0,1.000000000106614,1.0,./content/Images1/
729,noise 3 21730.0.png,40000.0,0.0,0.0,0.0,0.0,0.0,100.0,100.0,100.0,100.0,800.0,0.0,0.0,200.0,200.0,225.67583340707242,225.67583340707242,0.0,0.7853981633974483,282.842712474619,0.0,0.0,,,0.0,0.0,1.0,0.0,0.0,135.0,200.0,1.0,1.000000000106614,1.0,./content/Images1/
730,noise 3 21731.0.png,40000.0,255.0,0.0,255.0,255.0,255.0,100.0,100.0,100.0,100.0,800.0,0.0,0.0,200.0,200.0,225.67583340707242,225.67583340707242,0.0,0.7853981633974483,282.842712474619,10200000.0,255.0,,,100.0,10200000.0,1.0,0.0,0.0,135.0,200.0,1.0,1.000000000106614,1.0,./content/Images1/
731,noise 3 21732.0.png,40000.0,125.154,127.48000848295418,0.0,0.0,255.0,100.0,100.0,100.45110024449878,99.927108801956,800.0,0.0,0.0,200.0,200.0,225.67583340707242,225.67583340707242,0.0,0.7853981633974483,282.842712474619,5006160.0,0.0,0.03680623108624222,-1.998645301353226,49.08,5006160.0,1.0,0.0,0.0,135.0,200.0,1.0,1.000000000106614,1.0,./content/Images1/
732,noise 3 21733.0.png,40000.0,255.0,0.0,255.0,255.0,255.0,100.0,100.0,100.0,100.0,800.0,0.0,0.0,200.0,200.0,225.67583340707242,225.67583340707242,0.0,0.7853981633974483,282.842712474619,10200000.0,255.0,,,100.0,10200000.0,1.0,0.0,0.0,135.0,200.0,1.0,1.000000000106614,1.0,./content/Images1/
733,noise 3 21734.0.png,40000.0,255.0,0.0,255.0,255.0,255.0,100.0,100.0,100.0,100.0,800.0,0.0,0.0,200.0,200.0,225.67583340707242,225.67583340707242,0.0,0.7853981633974483,282.842712474619,10200000.0,255.0,,,100.0,10200000.0,1.0,0.0,0.0,135.0,200.0,1.0,1.000000000106614,1.0,./content/Images1/
734,noise 3 21735.0.png,40000.0,255.0,0.0,255.0,255.0,255.0,100.0,100.0,100.0,100.0,800.0,0.0,0.0,200.0,200.0,225.67583340707242,225.67583340707242,0.0,0.7853981633974483,282.842712474619,10200000.0,255.0,,,100.0,10200000.0,1.0,0.0,0.0,135.0,200.0,1.0,1.000000000106614,1.0,./content/Images1/
735,noise 3 21736.0.png,40000.0,13.8975,57.88614483530664,0.0,0.0,255.0,100.0,100.0,99.03165137614678,97.6559633027523,800.0,0.0,0.0,200.0,200.0,225.67583340707242,225.67583340707242,0.0,0.7853981633974483,282.842712474619,555900.0,0.0,3.925081567656425,13.406265312756219,5.45,555900.0,1.0,0.0,0.0,135.0,200.0,1.0,1.000000000106614,1.0,./content/Images1/
736,noise 3 21737.0.png,40000.0,255.0,0.0,255.0,255.0,255.0,100.0,100.0,100.0,100.0,800.0,0.0,0.0,200.0,200.0,225.67583340707242,225.67583340707242,0.0,0.7853981633974483,282.842712474619,10200000.0,255.0,,,100.0,10200000.0,1.0,0.0,0.0,135.0,200.0,1.0,1.000000000106614,1.0,./content/Images1/
737,noise 3 21738.0.png,40000.0,15.497625,60.92463204344459,0.0,0.0,255.0,100.0,100.0,98.48107774578362,98.4407651172357,800.0,0.0,0.0,200.0,200.0,225.67583340707242,225.67583340707242,0.0,0.7853981633974483,282.842712474619,619905.0,0.0,3.676797751558684,11.518841705866993,6.0775,619905.0,1.0,0.0,0.0,135.0,200.0,1.0,1.000000000106614,1.0,./content/Images1/
738,noise 3 21739.0.png,40000.0,255.0,0.0,255.0,255.0,255.0,100.0,100.0,100.0,100.0,800.0,0.0,0.0,200.0,200.0,225.67583340707242,225.67583340707242,0.0,0.7853981633974483,282.842712474619,10200000.0,255.0,,,100.0,10200000.0,1.0,0.0,0.0,135.0,200.0,1.0,1.000000000106614,1.0,./content/Images1/
739,noise 3 21740.0.png,40000.0,255.0,0.0,255.0,255.0,255.0,100.0,100.0,100.0,100.0,800.0,0.0,0.0,200.0,200.0,225.67583340707242,225.67583340707242,0.0,0.7853981633974483,282.842712474619,10200000.0,255.0,,,100.0,10200000.0,1.0,0.0,0.0,135.0,200.0,1.0,1.000000000106614,1.0,./content/Images1/
740,noise 3 21741.0.png,40000.0,157.44975,123.934040788232,255.0,0.0,255.0,100.0,100.0,100.7094096687991,97.72868248441169,800.0,0.0,0.0,200.0,200.0,225.67583340707242,225.67583340707242,0.0,0.7853981633974483,282.842712474619,6297990.0,255.0,-0.4833236161495108,-1.766398282072162,61.745,6297990.0,1.0,0.0,0.0,135.0,200.0,1.0,1.000000000106614,1.0,./content/Images1/
741,noise 3 21742.0.png,40000.0,118.810875,127.20516355704773,0.0,0.0,255.0,100.0,100.0,100.78926329344851,103.04075226699577,800.0,0.0,0.0,200.0,200.0,225.67583340707242,225.67583340707242,0.0,0.7853981633974483,282.842712474619,4752435.0,0.0,0.13661762420834758,-1.9813356247556688,46.5925,4752435.0,1.0,0.0,0.0,135.0,200.0,1.0,1.000000000106614,1.0,./content/Images1/
742,noise 3 21743.0.png,40000.0,0.0,0.0,0.0,0.0,0.0,100.0,100.0,100.0,100.0,800.0,0.0,0.0,200.0,200.0,225.67583340707242,225.67583340707242,0.0,0.7853981633974483,282.842712474619,0.0,0.0,,,0.0,0.0,1.0,0.0,0.0,135.0,200.0,1.0,1.000000000106614,1.0,./content/Images1/
743,noise 3 21744.0.png,40000.0,20.903625,69.95416482589717,0.0,0.0,255.0,100.0,100.0,99.918725221104,99.2541933516316,800.0,0.0,0.0,200.0,200.0,225.67583340707242,225.67583340707242,0.0,0.7853981633974483,282.842712474619,836145.0000000001,0.0,3.0476443466939616,7.288136063935667,8.1975,836145.0000000001,1.0,0.0,0.0,135.0,200.0,1.0,1.000000000106614,1.0,./content/Images1/
744,noise 3 21745.0.png,40000.0,13.419375,56.93805448169597,0.0,0.0,255.0,100.0,100.0,97.3104513064133,96.78836104513064,800.0,0.0,0.0,200.0,200.0,225.67583340707242,225.67583340707242,0.0,0.7853981633974483,282.842712474619,536775.0,0.0,4.0072338991218945,14.057923522271661,5.2625,536775.0,1.0,0.0,0.0,135.0,200.0,1.0,1.000000000106614,1.0,./content/Images1/
745,noise 3 21746.0.png,40000.0,33.13725,85.7444179819764,0.0,0.0,255.0,100.0,100.0,101.86937283570605,100.60061562139285,800.0,0.0,0.0,200.0,200.0,225.67583340707242,225.67583340707242,0.0,0.7853981633974483,282.842712474619,1325490.0,0.0,2.201051258551365,2.8446266427705496,12.995,1325490.0,1.0,0.0,0.0,135.0,200.0,1.0,1.000000000106614,1.0,./content/Images1/
746,noise 3 21747.0.png,40000.0,254.75775,7.855991843981021,255.0,0.0,255.0,100.0,100.0,100.05640358340423,99.92457834943195,800.0,0.0,0.0,200.0,200.0,225.67583340707242,225.67583340707242,0.0,0.7853981633974483,282.842712474619,10190310.0,255.0,-32.39803280834278,1047.632529850093,99.905,10190310.0,1.0,0.0,0.0,135.0,200.0,1.0,1.000000000106614,1.0,./content/Images1/
747,noise 3 21748.0.png,40000.0,174.286125,118.60716757004761,255.0,0.0,255.0,100.0,100.0,100.3286330882622,99.66284428837923,800.0,0.0,0.0,200.0,200.0,225.67583340707242,225.67583340707242,0.0,0.7853981633974483,282.842712474619,6971445.0,255.0,-0.7889356233028112,-1.3775805822838059,68.3475,6971445.0,1.0,0.0,0.0,135.0,200.0,1.0,1.000000000106614,1.0,./content/Images1/
748,noise 3 21749.0.png,40000.0,96.22425,123.60606547990712,0.0,0.0,255.0,100.0,100.0,99.65608851199151,100.13561680137803,800.0,0.0,0.0,200.0,200.0,225.67583340707242,225.67583340707242,0.0,0.7853981633974483,282.842712474619,3848970.0,0.0,0.5060615890130327,-1.7439016681256039,37.735,3848970.0,1.0,0.0,0.0,135.0,200.0,1.0,1.000000000106614,1.0,./content/Images1/
749,noise 3 21750.0.png,40000.0,0.0,0.0,0.0,0.0,0.0,100.0,100.0,100.0,100.0,800.0,0.0,0.0,200.0,200.0,225.67583340707242,225.67583340707242,0.0,0.7853981633974483,282.842712474619,0.0,0.0,,,0.0,0.0,1.0,0.0,0.0,135.0,200.0,1.0,1.000000000106614,1.0,./content/Images1/
750,noise 3 21751.0.png,40000.0,22.44,72.2411023546965,0.0,0.0,255.0,100.0,100.0,99.35681818181818,99.53068181818182,800.0,0.0,0.0,200.0,200.0,225.67583340707242,225.67583340707242,0.0,0.7853981633974483,282.842712474619,897600.0,0.0,2.9086298478332617,6.4601275917065415,8.8,897600.0,1.0,0.0,0.0,135.0,200.0,1.0,1.000000000106614,1.0,./content/Images1/
751,noise 3 21752.0.png,40000.0,255.0,0.0,255.0,255.0,255.0,100.0,100.0,100.0,100.0,800.0,0.0,0.0,200.0,200.0,225.67583340707242,225.67583340707242,0.0,0.7853981633974483,282.842712474619,10200000.0,255.0,,,100.0,10200000.0,1.0,0.0,0.0,135.0,200.0,1.0,1.000000000106614,1.0,./content/Images1/
752,noise 3 21753.0.png,40000.0,255.0,0.0,255.0,255.0,255.0,100.0,100.0,100.0,100.0,800.0,0.0,0.0,200.0,200.0,225.67583340707242,225.67583340707242,0.0,0.7853981633974483,282.842712474619,10200000.0,255.0,,,100.0,10200000.0,1.0,0.0,0.0,135.0,200.0,1.0,1.000000000106614,1.0,./content/Images1/
753,noise 3 21754.0.png,40000.0,255.0,0.0,255.0,255.0,255.0,100.0,100.0,100.0,100.0,800.0,0.0,0.0,200.0,200.0,225.67583340707242,225.67583340707242,0.0,0.7853981633974483,282.842712474619,10200000.0,255.0,,,100.0,10200000.0,1.0,0.0,0.0,135.0,200.0,1.0,1.000000000106614,1.0,./content/Images1/
754,noise 3 21755.0.png,40000.0,255.0,0.0,255.0,255.0,255.0,100.0,100.0,100.0,100.0,800.0,0.0,0.0,200.0,200.0,225.67583340707242,225.67583340707242,0.0,0.7853981633974483,282.842712474619,10200000.0,255.0,,,100.0,10200000.0,1.0,0.0,0.0,135.0,200.0,1.0,1.000000000106614,1.0,./content/Images1/
755,noise 3 21756.0.png,40000.0,0.0,0.0,0.0,0.0,0.0,100.0,100.0,100.0,100.0,800.0,0.0,0.0,200.0,200.0,225.67583340707242,225.67583340707242,0.0,0.7853981633974483,282.842712474619,0.0,0.0,,,0.0,0.0,1.0,0.0,0.0,135.0,200.0,1.0,1.000000000106614,1.0,./content/Images1/
756,noise 3 21757.0.png,40000.0,255.0,0.0,255.0,255.0,255.0,100.0,100.0,100.0,100.0,800.0,0.0,0.0,200.0,200.0,225.67583340707242,225.67583340707242,0.0,0.7853981633974483,282.842712474619,10200000.0,255.0,,,100.0,10200000.0,1.0,0.0,0.0,135.0,200.0,1.0,1.000000000106614,1.0,./content/Images1/
757,noise 3 21758.0.png,40000.0,0.0,0.0,0.0,0.0,0.0,100.0,100.0,100.0,100.0,800.0,0.0,0.0,200.0,200.0,225.67583340707242,225.67583340707242,0.0,0.7853981633974483,282.842712474619,0.0,0.0,,,0.0,0.0,1.0,0.0,0.0,135.0,200.0,1.0,1.000000000106614,1.0,./content/Images1/
758,noise 3 21759.0.png,40000.0,255.0,0.0,255.0,255.0,255.0,100.0,100.0,100.0,100.0,800.0,0.0,0.0,200.0,200.0,225.67583340707242,225.67583340707242,0.0,0.7853981633974483,282.842712474619,10200000.0,255.0,,,100.0,10200000.0,1.0,0.0,0.0,135.0,200.0,1.0,1.000000000106614,1.0,./content/Images1/
759,noise 3 21760.0.png,40000.0,34.884,87.62829743845762,0.0,0.0,255.0,100.0,100.0,101.12445175438596,100.34283625730994,800.0,0.0,0.0,200.0,200.0,225.67583340707242,225.67583340707242,0.0,0.7853981633974483,282.842712474619,1395360.0,0.0,2.1138641381627536,2.46842159461056,13.68,1395360.0,1.0,0.0,0.0,135.0,200.0,1.0,1.000000000106614,1.0,./content/Images1/
760,noise 3 21761.0.png,40000.0,164.2965,122.07637016947156,255.0,0.0,255.0,100.0,100.0,100.14236380568059,99.59607325779916,800.0,0.0,0.0,200.0,200.0,225.67583340707242,225.67583340707242,0.0,0.7853981633974483,282.842712474619,6571860.0,255.0,-0.6028514759046524,-1.6365700979995803,64.43,6571860.0,1.0,0.0,0.0,135.0,200.0,1.0,1.000000000106614,1.0,./content/Images1/
761,noise 3 21762.0.png,40000.0,2.620125,25.71543023299779,0.0,0.0,255.0,100.0,100.0,96.61435523114355,98.11800486618004,800.0,0.0,0.0,200.0,200.0,225.67583340707242,225.67583340707242,0.0,0.7853981633974483,282.842712474619,104804.99999999999,0.0,9.712568282638351,92.33398264491245,1.0275,104804.99999999999,1.0,0.0,0.0,135.0,200.0,1.0,1.000000000106614,1.0,./content/Images1/
762,noise 3 21763.0.png,40000.0,0.0,0.0,0.0,0.0,0.0,100.0,100.0,100.0,100.0,800.0,0.0,0.0,200.0,200.0,225.67583340707242,225.67583340707242,0.0,0.7853981633974483,282.842712474619,0.0,0.0,,,0.0,0.0,1.0,0.0,0.0,135.0,200.0,1.0,1.000000000106614,1.0,./content/Images1/
763,noise 3 21764.0.png,40000.0,53.747625,104.00532490959111,0.0,0.0,255.0,100.0,100.0,99.61196773810936,100.26977819950184,800.0,0.0,0.0,200.0,200.0,225.67583340707242,225.67583340707242,0.0,0.7853981633974483,282.842712474619,2149905.0,0.0,1.4182600167075143,0.01146147499119854,21.0775,2149905.0,1.0,0.0,0.0,135.0,200.0,1.0,1.000000000106614,1.0,./content/Images1/
764,noise 3 21765.0.png,40000.0,165.4185,121.73252576015047,255.0,0.0,255.0,100.0,100.0,100.86499922922769,100.01391244026514,800.0,0.0,0.0,200.0,200.0,225.67583340707242,225.67583340707242,0.0,0.7853981633974483,282.842712474619,6616740.0,255.0,-0.6229883714866659,-1.6118854889923964,64.87,6616740.0,1.0,0.0,0.0,135.0,200.0,1.0,1.000000000106614,1.0,./content/Images1/
765,noise 3 21766.0.png,40000.0,255.0,0.0,255.0,255.0,255.0,100.0,100.0,100.0,100.0,800.0,0.0,0.0,200.0,200.0,225.67583340707242,225.67583340707242,0.0,0.7853981633974483,282.842712474619,10200000.0,255.0,,,100.0,10200000.0,1.0,0.0,0.0,135.0,200.0,1.0,1.000000000106614,1.0,./content/Images1/
766,noise 3 21767.0.png,40000.0,0.0,0.0,0.0,0.0,0.0,100.0,100.0,100.0,100.0,800.0,0.0,0.0,200.0,200.0,225.67583340707242,225.67583340707242,0.0,0.7853981633974483,282.842712474619,0.0,0.0,,,0.0,0.0,1.0,0.0,0.0,135.0,200.0,1.0,1.000000000106614,1.0,./content/Images1/
767,noise 3 21768.0.png,40000.0,255.0,0.0,255.0,255.0,255.0,100.0,100.0,100.0,100.0,800.0,0.0,0.0,200.0,200.0,225.67583340707242,225.67583340707242,0.0,0.7853981633974483,282.842712474619,10200000.0,255.0,,,100.0,10200000.0,1.0,0.0,0.0,135.0,200.0,1.0,1.000000000106614,1.0,./content/Images1/
768,noise 3 21769.0.png,40000.0,0.0,0.0,0.0,0.0,0.0,100.0,100.0,100.0,100.0,800.0,0.0,0.0,200.0,200.0,225.67583340707242,225.67583340707242,0.0,0.7853981633974483,282.842712474619,0.0,0.0,,,0.0,0.0,1.0,0.0,0.0,135.0,200.0,1.0,1.000000000106614,1.0,./content/Images1/
769,noise 3 21770.0.png,40000.0,0.0,0.0,0.0,0.0,0.0,100.0,100.0,100.0,100.0,800.0,0.0,0.0,200.0,200.0,225.67583340707242,225.67583340707242,0.0,0.7853981633974483,282.842712474619,0.0,0.0,,,0.0,0.0,1.0,0.0,0.0,135.0,200.0,1.0,1.000000000106614,1.0,./content/Images1/
770,noise 3 21771.0.png,40000.0,24.690375,75.40937058276423,0.0,0.0,255.0,100.0,100.0,99.86096049573973,99.71094758585076,800.0,0.0,0.0,200.0,200.0,225.67583340707242,225.67583340707242,0.0,0.7853981633974483,282.842712474619,987615.0,0.0,2.726740969985174,5.435116317395691,9.6825,987615.0,1.0,0.0,0.0,135.0,200.0,1.0,1.000000000106614,1.0,./content/Images1/
771,noise 3 21772.0.png,40000.0,255.0,0.0,255.0,255.0,255.0,100.0,100.0,100.0,100.0,800.0,0.0,0.0,200.0,200.0,225.67583340707242,225.67583340707242,0.0,0.7853981633974483,282.842712474619,10200000.0,255.0,,,100.0,10200000.0,1.0,0.0,0.0,135.0,200.0,1.0,1.000000000106614,1.0,./content/Images1/
772,noise 3 21773.0.png,40000.0,67.1415,112.30946893815468,0.0,0.0,255.0,100.0,100.0,99.20328522597798,99.60368401063425,800.0,0.0,0.0,200.0,200.0,225.67583340707242,225.67583340707242,0.0,0.7853981633974483,282.842712474619,2685659.9999999995,0.0,1.0748738297148352,-0.8446462501941632,26.33,2685659.9999999995,1.0,0.0,0.0,135.0,200.0,1.0,1.000000000106614,1.0,./content/Images1/
773,noise 3 21774.0.png,40000.0,255.0,0.0,255.0,255.0,255.0,100.0,100.0,100.0,100.0,800.0,0.0,0.0,200.0,200.0,225.67583340707242,225.67583340707242,0.0,0.7853981633974483,282.842712474619,10200000.0,255.0,,,100.0,10200000.0,1.0,0.0,0.0,135.0,200.0,1.0,1.000000000106614,1.0,./content/Images1/
774,noise 3 21775.0.png,40000.0,23.147625,73.25957961938852,0.0,0.0,255.0,100.0,100.0,100.15794546956761,100.11415587992289,800.0,0.0,0.0,200.0,200.0,225.67583340707242,225.67583340707242,0.0,0.7853981633974483,282.842712474619,925905.0,0.0,2.848874644689549,6.116086741155005,9.0775,925905.0,1.0,0.0,0.0,135.0,200.0,1.0,1.000000000106614,1.0,./content/Images1/
775,noise 3 21776.0.png,40000.0,0.0,0.0,0.0,0.0,0.0,100.0,100.0,100.0,100.0,800.0,0.0,0.0,200.0,200.0,225.67583340707242,225.67583340707242,0.0,0.7853981633974483,282.842712474619,0.0,0.0,,,0.0,0.0,1.0,0.0,0.0,135.0,200.0,1.0,1.000000000106614,1.0,./content/Images1/
776,noise 3 21777.0.png,40000.0,255.0,0.0,255.0,255.0,255.0,100.0,100.0,100.0,100.0,800.0,0.0,0.0,200.0,200.0,225.67583340707242,225.67583340707242,0.0,0.7853981633974483,282.842712474619,10200000.0,255.0,,,100.0,10200000.0,1.0,0.0,0.0,135.0,200.0,1.0,1.000000000106614,1.0,./content/Images1/
777,noise 3 21778.0.png,40000.0,59.16,107.63913811714289,0.0,0.0,255.0,100.0,100.0,100.68125,99.4282327586207,800.0,0.0,0.0,200.0,200.0,225.67583340707242,225.67583340707242,0.0,0.7853981633974483,282.842712474619,2366400.0,0.0,1.2698142229946632,-0.38757183908045967,23.2,2366400.0,1.0,0.0,0.0,135.0,200.0,1.0,1.000000000106614,1.0,./content/Images1/
778,noise 3 21779.0.png,40000.0,255.0,0.0,255.0,255.0,255.0,100.0,100.0,100.0,100.0,800.0,0.0,0.0,200.0,200.0,225.67583340707242,225.67583340707242,0.0,0.7853981633974483,282.842712474619,10200000.0,255.0,,,100.0,10200000.0,1.0,0.0,0.0,135.0,200.0,1.0,1.000000000106614,1.0,./content/Images1/
779,noise 3 21780.0.png,40000.0,255.0,0.0,255.0,255.0,255.0,100.0,100.0,100.0,100.0,800.0,0.0,0.0,200.0,200.0,225.67583340707242,225.67583340707242,0.0,0.7853981633974483,282.842712474619,10200000.0,255.0,,,100.0,10200000.0,1.0,0.0,0.0,135.0,200.0,1.0,1.000000000106614,1.0,./content/Images1/
780,noise 3 21781.0.png,40000.0,128.462625,127.49795977329612,255.0,0.0,255.0,100.0,100.0,100.41057515756042,99.9425090566225,800.0,0.0,0.0,200.0,200.0,225.67583340707242,225.67583340707242,0.0,0.7853981633974483,282.842712474619,5138505.0,255.0,-0.01510043038727503,-1.9997719770021194,50.3775,5138505.0,1.0,0.0,0.0,135.0,200.0,1.0,1.000000000106614,1.0,./content/Images1/
781,noise 3 21782.0.png,40000.0,49.55925,100.90462840245895,0.0,0.0,255.0,100.0,100.0,102.67314124003087,101.23154103421662,800.0,0.0,0.0,200.0,200.0,225.67583340707242,225.67583340707242,0.0,0.7853981633974483,282.842712474619,1982370.0,0.0,1.5448592499993463,0.38659010230854296,19.435,1982370.0,1.0,0.0,0.0,135.0,200.0,1.0,1.000000000106614,1.0,./content/Images1/
782,noise 3 21783.0.png,40000.0,255.0,0.0,255.0,255.0,255.0,100.0,100.0,100.0,100.0,800.0,0.0,0.0,200.0,200.0,225.67583340707242,225.67583340707242,0.0,0.7853981633974483,282.842712474619,10200000.0,255.0,,,100.0,10200000.0,1.0,0.0,0.0,135.0,200.0,1.0,1.000000000106614,1.0,./content/Images1/
783,noise 3 21784.0.png,40000.0,28.56,80.41945089468129,0.0,0.0,255.0,100.0,100.0,99.92857142857143,100.26540178571429,800.0,0.0,0.0,200.0,200.0,225.67583340707242,225.67583340707242,0.0,0.7853981633974483,282.842712474619,1142400.0,0.0,2.4606295037444292,4.054697554697554,11.2,1142400.0,1.0,0.0,0.0,135.0,200.0,1.0,1.000000000106614,1.0,./content/Images1/
784,noise 3 21785.0.png,40000.0,255.0,0.0,255.0,255.0,255.0,100.0,100.0,100.0,100.0,800.0,0.0,0.0,200.0,200.0,225.67583340707242,225.67583340707242,0.0,0.7853981633974483,282.842712474619,10200000.0,255.0,,,100.0,10200000.0,1.0,0.0,0.0,135.0,200.0,1.0,1.000000000106614,1.0,./content/Images1/
785,noise 3 21786.0.png,40000.0,103.479,125.21834350381236,0.0,0.0,255.0,100.0,100.0,101.24895268605225,101.13953918186299,800.0,0.0,0.0,200.0,200.0,225.67583340707242,225.67583340707242,0.0,0.7853981633974483,282.842712474619,4139160.0,0.0,0.3836706283756048,-1.8527968489218678,40.58,4139160.0,1.0,0.0,0.0,135.0,200.0,1.0,1.000000000106614,1.0,./content/Images1/
786,noise 3 21787.0.png,40000.0,255.0,0.0,255.0,255.0,255.0,100.0,100.0,100.0,100.0,800.0,0.0,0.0,200.0,200.0,225.67583340707242,225.67583340707242,0.0,0.7853981633974483,282.842712474619,10200000.0,255.0,,,100.0,10200000.0,1.0,0.0,0.0,135.0,200.0,1.0,1.000000000106614,1.0,./content/Images1/
787,noise 3 21788.0.png,40000.0,253.674,18.340668840130604,255.0,0.0,255.0,100.0,100.0,99.99477281865701,100.39203860072377,800.0,0.0,0.0,200.0,200.0,225.67583340707242,225.67583340707242,0.0,0.7853981633974483,282.842712474619,10146960.0,255.0,-13.75910314987992,187.3129194890254,99.48,10146960.0,1.0,0.0,0.0,135.0,200.0,1.0,1.000000000106614,1.0,./content/Images1/
788,noise 3 21789.0.png,40000.0,255.0,0.0,255.0,255.0,255.0,100.0,100.0,100.0,100.0,800.0,0.0,0.0,200.0,200.0,225.67583340707242,225.67583340707242,0.0,0.7853981633974483,282.842712474619,10200000.0,255.0,,,100.0,10200000.0,1.0,0.0,0.0,135.0,200.0,1.0,1.000000000106614,1.0,./content/Images1/
789,noise 3 21790.0.png,40000.0,0.0,0.0,0.0,0.0,0.0,100.0,100.0,100.0,100.0,800.0,0.0,0.0,200.0,200.0,225.67583340707242,225.67583340707242,0.0,0.7853981633974483,282.842712474619,0.0,0.0,,,0.0,0.0,1.0,0.0,0.0,135.0,200.0,1.0,1.000000000106614,1.0,./content/Images1/
790,noise 3 21791.0.png,40000.0,0.0,0.0,0.0,0.0,0.0,100.0,100.0,100.0,100.0,800.0,0.0,0.0,200.0,200.0,225.67583340707242,225.67583340707242,0.0,0.7853981633974483,282.842712474619,0.0,0.0,,,0.0,0.0,1.0,0.0,0.0,135.0,200.0,1.0,1.000000000106614,1.0,./content/Images1/
791,noise 3 21792.0.png,40000.0,255.0,0.0,255.0,255.0,255.0,100.0,100.0,100.0,100.0,800.0,0.0,0.0,200.0,200.0,225.67583340707242,225.67583340707242,0.0,0.7853981633974483,282.842712474619,10200000.0,255.0,,,100.0,10200000.0,1.0,0.0,0.0,135.0,200.0,1.0,1.000000000106614,1.0,./content/Images1/
792,noise 3 21793.0.png,40000.0,0.0,0.0,0.0,0.0,0.0,100.0,100.0,100.0,100.0,800.0,0.0,0.0,200.0,200.0,225.67583340707242,225.67583340707242,0.0,0.7853981633974483,282.842712474619,0.0,0.0,,,0.0,0.0,1.0,0.0,0.0,135.0,200.0,1.0,1.000000000106614,1.0,./content/Images1/
793,noise 3 21794.0.png,40000.0,43.866375,96.2387568332909,0.0,0.0,255.0,100.0,100.0,100.29886644383083,99.9650486847842,800.0,0.0,0.0,200.0,200.0,225.67583340707242,225.67583340707242,0.0,0.7853981633974483,282.842712474619,1754655.0,0.0,1.7380663090814914,1.0208744947641586,17.2025,1754655.0,1.0,0.0,0.0,135.0,200.0,1.0,1.000000000106614,1.0,./content/Images1/
794,noise 3 21795.0.png,40000.0,20.6295,69.53464680594602,0.0,0.0,255.0,100.0,100.0,97.41347342398022,103.72651421508034,800.0,0.0,0.0,200.0,200.0,225.67583340707242,225.67583340707242,0.0,0.7853981633974483,282.842712474619,825180.0,0.0,3.073916121399195,7.4489603213978715,8.09,825180.0,1.0,0.0,0.0,135.0,200.0,1.0,1.000000000106614,1.0,./content/Images1/
795,noise 3 21796.0.png,40000.0,0.0,0.0,0.0,0.0,0.0,100.0,100.0,100.0,100.0,800.0,0.0,0.0,200.0,200.0,225.67583340707242,225.67583340707242,0.0,0.7853981633974483,282.842712474619,0.0,0.0,,,0.0,0.0,1.0,0.0,0.0,135.0,200.0,1.0,1.000000000106614,1.0,./content/Images1/
796,noise 3 21797.0.png,40000.0,0.0,0.0,0.0,0.0,0.0,100.0,100.0,100.0,100.0,800.0,0.0,0.0,200.0,200.0,225.67583340707242,225.67583340707242,0.0,0.7853981633974483,282.842712474619,0.0,0.0,,,0.0,0.0,1.0,0.0,0.0,135.0,200.0,1.0,1.000000000106614,1.0,./content/Images1/
797,noise 3 21798.0.png,40000.0,0.0,0.0,0.0,0.0,0.0,100.0,100.0,100.0,100.0,800.0,0.0,0.0,200.0,200.0,225.67583340707242,225.67583340707242,0.0,0.7853981633974483,282.842712474619,0.0,0.0,,,0.0,0.0,1.0,0.0,0.0,135.0,200.0,1.0,1.000000000106614,1.0,./content/Images1/
798,noise 3 21799.0.png,40000.0,14.056875,58.19786993555693,0.0,0.0,255.0,100.0,100.0,101.79387755102042,100.70181405895691,800.0,0.0,0.0,200.0,200.0,225.67583340707242,225.67583340707242,0.0,0.7853981633974483,282.842712474619,562275.0,0.0,3.898580590364201,13.198930619564486,5.5125,562275.0,1.0,0.0,0.0,135.0,200.0,1.0,1.000000000106614,1.0,./content/Images1/
799,noise 3 21800.0.png,40000.0,255.0,0.0,255.0,255.0,255.0,100.0,100.0,100.0,100.0,800.0,0.0,0.0,200.0,200.0,225.67583340707242,225.67583340707242,0.0,0.7853981633974483,282.842712474619,10200000.0,255.0,,,100.0,10200000.0,1.0,0.0,0.0,135.0,200.0,1.0,1.000000000106614,1.0,./content/Images1/
800,noise 3 21801.0.png,40000.0,197.91825,106.29112151069016,255.0,0.0,255.0,100.0,100.0,100.2302712104619,100.30010307285963,800.0,0.0,0.0,200.0,200.0,225.67583340707242,225.67583340707242,0.0,0.7853981633974483,282.842712474619,7916730.0,255.0,-1.3250237506911136,-0.24431206010447015,77.615,7916730.0,1.0,0.0,0.0,135.0,200.0,1.0,1.000000000106614,1.0,./content/Images1/
801,noise 3 21802.0.png,40000.0,7.48425,43.04086505681689,0.0,0.0,255.0,100.0,100.0,101.70017035775128,102.01788756388416,800.0,0.0,0.0,200.0,200.0,225.67583340707242,225.67583340707242,0.0,0.7853981633974483,282.842712474619,299370.0,0.0,5.576897679290288,29.101787725273404,2.935,299370.0,1.0,0.0,0.0,135.0,200.0,1.0,1.000000000106614,1.0,./content/Images1/
802,noise 3 21803.0.png,40000.0,0.0,0.0,0.0,0.0,0.0,100.0,100.0,100.0,100.0,800.0,0.0,0.0,200.0,200.0,225.67583340707242,225.67583340707242,0.0,0.7853981633974483,282.842712474619,0.0,0.0,,,0.0,0.0,1.0,0.0,0.0,135.0,200.0,1.0,1.000000000106614,1.0,./content/Images1/
803,noise 3 21804.0.png,40000.0,0.0,0.0,0.0,0.0,0.0,100.0,100.0,100.0,100.0,800.0,0.0,0.0,200.0,200.0,225.67583340707242,225.67583340707242,0.0,0.7853981633974483,282.842712474619,0.0,0.0,,,0.0,0.0,1.0,0.0,0.0,135.0,200.0,1.0,1.000000000106614,1.0,./content/Images1/
804,noise 3 21805.0.png,40000.0,49.030125,100.4936873242005,0.0,0.0,255.0,100.0,100.0,100.34488363021714,100.76719542322195,800.0,0.0,0.0,200.0,200.0,225.67583340707242,225.67583340707242,0.0,0.7853981633974483,282.842712474619,1961205.0,0.0,1.5617071675094605,0.4389292770504216,19.2275,1961205.0,1.0,0.0,0.0,135.0,200.0,1.0,1.000000000106614,1.0,./content/Images1/
805,noise 3 21806.0.png,40000.0,255.0,0.0,255.0,255.0,255.0,100.0,100.0,100.0,100.0,800.0,0.0,0.0,200.0,200.0,225.67583340707242,225.67583340707242,0.0,0.7853981633974483,282.842712474619,10200000.0,255.0,,,100.0,10200000.0,1.0,0.0,0.0,135.0,200.0,1.0,1.000000000106614,1.0,./content/Images1/
806,noise 3 21807.0.png,40000.0,255.0,0.0,255.0,255.0,255.0,100.0,100.0,100.0,100.0,800.0,0.0,0.0,200.0,200.0,225.67583340707242,225.67583340707242,0.0,0.7853981633974483,282.842712474619,10200000.0,255.0,,,100.0,10200000.0,1.0,0.0,0.0,135.0,200.0,1.0,1.000000000106614,1.0,./content/Images1/
807,noise 3 21808.0.png,40000.0,255.0,0.0,255.0,255.0,255.0,100.0,100.0,100.0,100.0,800.0,0.0,0.0,200.0,200.0,225.67583340707242,225.67583340707242,0.0,0.7853981633974483,282.842712474619,10200000.0,255.0,,,100.0,10200000.0,1.0,0.0,0.0,135.0,200.0,1.0,1.000000000106614,1.0,./content/Images1/
808,noise 3 21809.0.png,40000.0,255.0,0.0,255.0,255.0,255.0,100.0,100.0,100.0,100.0,800.0,0.0,0.0,200.0,200.0,225.67583340707242,225.67583340707242,0.0,0.7853981633974483,282.842712474619,10200000.0,255.0,,,100.0,10200000.0,1.0,0.0,0.0,135.0,200.0,1.0,1.000000000106614,1.0,./content/Images1/
809,noise 3 21810.0.png,40000.0,0.0,0.0,0.0,0.0,0.0,100.0,100.0,100.0,100.0,800.0,0.0,0.0,200.0,200.0,225.67583340707242,225.67583340707242,0.0,0.7853981633974483,282.842712474619,0.0,0.0,,,0.0,0.0,1.0,0.0,0.0,135.0,200.0,1.0,1.000000000106614,1.0,./content/Images1/
810,noise 3 21811.0.png,40000.0,255.0,0.0,255.0,255.0,255.0,100.0,100.0,100.0,100.0,800.0,0.0,0.0,200.0,200.0,225.67583340707242,225.67583340707242,0.0,0.7853981633974483,282.842712474619,10200000.0,255.0,,,100.0,10200000.0,1.0,0.0,0.0,135.0,200.0,1.0,1.000000000106614,1.0,./content/Images1/
811,noise 3 21812.0.png,40000.0,183.096375,114.74154534175955,255.0,0.0,255.0,100.0,100.0,100.1262664948992,100.00833884614046,800.0,0.0,0.0,200.0,200.0,225.67583340707242,225.67583340707242,0.0,0.7853981633974483,282.842712474619,7323855.0,255.0,-0.9690835137721291,-1.0608771433350717,71.8025,7323855.0,1.0,0.0,0.0,135.0,200.0,1.0,1.000000000106614,1.0,./content/Images1/
812,noise 3 21813.0.png,40000.0,255.0,0.0,255.0,255.0,255.0,100.0,100.0,100.0,100.0,800.0,0.0,0.0,200.0,200.0,225.67583340707242,225.67583340707242,0.0,0.7853981633974483,282.842712474619,10200000.0,255.0,,,100.0,10200000.0,1.0,0.0,0.0,135.0,200.0,1.0,1.000000000106614,1.0,./content/Images1/
813,noise 3 21814.0.png,40000.0,255.0,0.0,255.0,255.0,255.0,100.0,100.0,100.0,100.0,800.0,0.0,0.0,200.0,200.0,225.67583340707242,225.67583340707242,0.0,0.7853981633974483,282.842712474619,10200000.0,255.0,,,100.0,10200000.0,1.0,0.0,0.0,135.0,200.0,1.0,1.000000000106614,1.0,./content/Images1/
814,noise 3 21815.0.png,40000.0,128.666625,127.49625629207154,255.0,0.0,255.0,100.0,100.0,100.28253976118516,99.91074171332309,800.0,0.0,0.0,200.0,200.0,225.67583340707242,225.67583340707242,0.0,0.7853981633974483,282.842712474619,5146665.0,255.0,-0.018300766108980925,-1.9996650819598238,50.4575,5146665.0,1.0,0.0,0.0,135.0,200.0,1.0,1.000000000106614,1.0,./content/Images1/
815,noise 3 21816.0.png,40000.0,38.61975,91.41531643515474,0.0,0.0,255.0,100.0,100.0,100.71888412017168,100.87669197755035,800.0,0.0,0.0,200.0,200.0,225.67583340707242,225.67583340707242,0.0,0.7853981633974483,282.842712474619,1544790.0000000002,0.0,1.9445616881281502,1.7813201589357988,15.145,1544790.0000000002,1.0,0.0,0.0,135.0,200.0,1.0,1.000000000106614,1.0,./content/Images1/
816,noise 3 21817.0.png,40000.0,0.0,0.0,0.0,0.0,0.0,100.0,100.0,100.0,100.0,800.0,0.0,0.0,200.0,200.0,225.67583340707242,225.67583340707242,0.0,0.7853981633974483,282.842712474619,0.0,0.0,,,0.0,0.0,1.0,0.0,0.0,135.0,200.0,1.0,1.000000000106614,1.0,./content/Images1/
817,noise 3 21818.0.png,40000.0,16.48575,62.707133577867666,0.0,0.0,255.0,100.0,100.0,99.97950502706884,99.81593194122196,800.0,0.0,0.0,200.0,200.0,225.67583340707242,225.67583340707242,0.0,0.7853981633974483,282.842712474619,659430.0,0.0,3.540765822640861,10.537022610781614,6.465,659430.0,1.0,0.0,0.0,135.0,200.0,1.0,1.000000000106614,1.0,./content/Images1/
818,noise 3 21819.0.png,40000.0,0.0,0.0,0.0,0.0,0.0,100.0,100.0,100.0,100.0,800.0,0.0,0.0,200.0,200.0,225.67583340707242,225.67583340707242,0.0,0.7853981633974483,282.842712474619,0.0,0.0,,,0.0,0.0,1.0,0.0,0.0,135.0,200.0,1.0,1.000000000106614,1.0,./content/Images1/
819,noise 3 21820.0.png,40000.0,255.0,0.0,255.0,255.0,255.0,100.0,100.0,100.0,100.0,800.0,0.0,0.0,200.0,200.0,225.67583340707242,225.67583340707242,0.0,0.7853981633974483,282.842712474619,10200000.0,255.0,,,100.0,10200000.0,1.0,0.0,0.0,135.0,200.0,1.0,1.000000000106614,1.0,./content/Images1/
820,noise 3 21821.0.png,40000.0,130.413375,127.46830370849308,255.0,0.0,255.0,100.0,100.0,100.23872024245979,99.86466735102898,800.0,0.0,0.0,200.0,200.0,225.67583340707242,225.67583340707242,0.0,0.7853981633974483,282.842712474619,5216535.0,255.0,-0.04571193517304579,-1.9979104189827341,51.1425,5216535.0,1.0,0.0,0.0,135.0,200.0,1.0,1.000000000106614,1.0,./content/Images1/
821,noise 3 21822.0.png,40000.0,83.926875,119.8248376903869,0.0,0.0,255.0,100.0,100.0,100.1442081276111,99.76388150398785,800.0,0.0,0.0,200.0,200.0,225.67583340707242,225.67583340707242,0.0,0.7853981633974483,282.842712474619,3357075.0,0.0,0.7272894420581535,-1.4710500674707407,32.9125,3357075.0,1.0,0.0,0.0,135.0,200.0,1.0,1.000000000106614,1.0,./content/Images1/
822,noise 3 21823.0.png,40000.0,0.0,0.0,0.0,0.0,0.0,100.0,100.0,100.0,100.0,800.0,0.0,0.0,200.0,200.0,225.67583340707242,225.67583340707242,0.0,0.7853981633974483,282.842712474619,0.0,0.0,,,0.0,0.0,1.0,0.0,0.0,135.0,200.0,1.0,1.000000000106614,1.0,./content/Images1/
823,noise 3 21824.0.png,40000.0,39.0915,91.87163946345707,0.0,0.0,255.0,100.0,100.0,100.28506196999348,100.2353228962818,800.0,0.0,0.0,200.0,200.0,225.67583340707242,225.67583340707242,0.0,0.7853981633974483,282.842712474619,1563660.0000000002,0.0,1.9246332305223977,1.704213072031079,15.33,1563660.0000000002,1.0,0.0,0.0,135.0,200.0,1.0,1.000000000106614,1.0,./content/Images1/
824,noise 3 21825.0.png,40000.0,0.0,0.0,0.0,0.0,0.0,100.0,100.0,100.0,100.0,800.0,0.0,0.0,200.0,200.0,225.67583340707242,225.67583340707242,0.0,0.7853981633974483,282.842712474619,0.0,0.0,,,0.0,0.0,1.0,0.0,0.0,135.0,200.0,1.0,1.000000000106614,1.0,./content/Images1/
825,noise 3 21826.0.png,40000.0,207.27675,99.45937594628317,255.0,0.0,255.0,100.0,100.0,99.869010272498,99.8691640524082,800.0,0.0,0.0,200.0,200.0,225.67583340707242,225.67583340707242,0.0,0.7853981633974483,282.842712474619,8291070.0,255.0,-1.6042277858481613,0.5735467888873131,81.285,8291070.0,1.0,0.0,0.0,135.0,200.0,1.0,1.000000000106614,1.0,./content/Images1/
826,noise 3 21827.0.png,40000.0,255.0,0.0,255.0,255.0,255.0,100.0,100.0,100.0,100.0,800.0,0.0,0.0,200.0,200.0,225.67583340707242,225.67583340707242,0.0,0.7853981633974483,282.842712474619,10200000.0,255.0,,,100.0,10200000.0,1.0,0.0,0.0,135.0,200.0,1.0,1.000000000106614,1.0,./content/Images1/
827,noise 3 21828.0.png,40000.0,255.0,0.0,255.0,255.0,255.0,100.0,100.0,100.0,100.0,800.0,0.0,0.0,200.0,200.0,225.67583340707242,225.67583340707242,0.0,0.7853981633974483,282.842712474619,10200000.0,255.0,,,100.0,10200000.0,1.0,0.0,0.0,135.0,200.0,1.0,1.000000000106614,1.0,./content/Images1/
828,noise 3 21829.0.png,40000.0,237.054375,65.22419239240304,255.0,0.0,255.0,100.0,100.0,98.75569450047063,98.49658464434584,800.0,0.0,0.0,200.0,200.0,225.67583340707242,225.67583340707242,0.0,0.7853981633974483,282.842712474619,9482175.0,255.0,-3.3593591714023447,9.285294042485246,92.9625,9482175.0,1.0,0.0,0.0,135.0,200.0,1.0,1.000000000106614,1.0,./content/Images1/
829,noise 3 21830.0.png,40000.0,0.0,0.0,0.0,0.0,0.0,100.0,100.0,100.0,100.0,800.0,0.0,0.0,200.0,200.0,225.67583340707242,225.67583340707242,0.0,0.7853981633974483,282.842712474619,0.0,0.0,,,0.0,0.0,1.0,0.0,0.0,135.0,200.0,1.0,1.000000000106614,1.0,./content/Images1/
830,noise 3 21831.0.png,40000.0,70.941,114.2701009030753,0.0,0.0,255.0,100.0,100.0,100.55616462976276,99.54906542056075,800.0,0.0,0.0,200.0,200.0,225.67583340707242,225.67583340707242,0.0,0.7853981633974483,282.842712474619,2837640.0,0.0,0.9899301138927078,-1.0200383696083706,27.82,2837640.0,1.0,0.0,0.0,135.0,200.0,1.0,1.000000000106614,1.0,./content/Images1/
831,noise 3 21832.0.png,40000.0,126.2505,127.4954710063388,0.0,0.0,255.0,100.0,100.0,98.90633205413047,101.0436275499899,800.0,0.0,0.0,200.0,200.0,225.67583340707242,225.67583340707242,0.0,0.7853981633974483,282.842712474619,5050020.0,0.0,0.019600941259799536,-1.9996158031017295,49.51,5050020.0,1.0,0.0,0.0,135.0,200.0,1.0,1.000000000106614,1.0,./content/Images1/
832,noise 3 21833.0.png,40000.0,255.0,0.0,255.0,255.0,255.0,100.0,100.0,100.0,100.0,800.0,0.0,0.0,200.0,200.0,225.67583340707242,225.67583340707242,0.0,0.7853981633974483,282.842712474619,10200000.0,255.0,,,100.0,10200000.0,1.0,0.0,0.0,135.0,200.0,1.0,1.000000000106614,1.0,./content/Images1/
833,noise 3 21834.0.png,40000.0,61.588875,109.14335255992265,0.0,0.0,255.0,100.0,100.0,99.67596522099161,99.68465997308768,800.0,0.0,0.0,200.0,200.0,225.67583340707242,225.67583340707242,0.0,0.7853981633974483,282.842712474619,2463555.0,0.0,1.207805099597308,-0.5412068413867366,24.1525,2463555.0,1.0,0.0,0.0,135.0,200.0,1.0,1.000000000106614,1.0,./content/Images1/
834,noise 3 21835.0.png,40000.0,213.384,94.23593027218364,255.0,0.0,255.0,100.0,100.0,99.93567758126196,100.14621175908222,800.0,0.0,0.0,200.0,200.0,225.67583340707242,225.67583340707242,0.0,0.7853981633974483,282.842712474619,8535360.0,255.0,-1.8227670342313351,1.3224796610804743,83.68,8535360.0,1.0,0.0,0.0,135.0,200.0,1.0,1.000000000106614,1.0,./content/Images1/
835,noise 3 21836.0.png,40000.0,0.0,0.0,0.0,0.0,0.0,100.0,100.0,100.0,100.0,800.0,0.0,0.0,200.0,200.0,225.67583340707242,225.67583340707242,0.0,0.7853981633974483,282.842712474619,0.0,0.0,,,0.0,0.0,1.0,0.0,0.0,135.0,200.0,1.0,1.000000000106614,1.0,./content/Images1/
836,noise 3 21837.0.png,40000.0,0.0,0.0,0.0,0.0,0.0,100.0,100.0,100.0,100.0,800.0,0.0,0.0,200.0,200.0,225.67583340707242,225.67583340707242,0.0,0.7853981633974483,282.842712474619,0.0,0.0,,,0.0,0.0,1.0,0.0,0.0,135.0,200.0,1.0,1.000000000106614,1.0,./content/Images1/
837,noise 3 21838.0.png,40000.0,55.698375,105.36154029679767,0.0,0.0,255.0,100.0,100.0,100.84748769600549,100.36871924001373,800.0,0.0,0.0,200.0,200.0,225.67583340707242,225.67583340707242,0.0,0.7853981633974483,282.842712474619,2227935.0,0.0,1.3629740479282595,-0.14230174467405465,21.8425,2227935.0,1.0,0.0,0.0,135.0,200.0,1.0,1.000000000106614,1.0,./content/Images1/
838,noise 3 21839.0.png,40000.0,12.820125,55.72121580988392,0.0,0.0,255.0,100.0,100.0,100.27772252610642,100.92068622575833,800.0,0.0,0.0,200.0,200.0,225.67583340707242,225.67583340707242,0.0,0.7853981633974483,282.842712474619,512805.00000000006,0.0,4.116252915822909,14.943538067020604,5.0275,512805.00000000006,1.0,0.0,0.0,135.0,200.0,1.0,1.000000000106614,1.0,./content/Images1/
839,noise 3 21840.0.png,40000.0,255.0,0.0,255.0,255.0,255.0,100.0,100.0,100.0,100.0,800.0,0.0,0.0,200.0,200.0,225.67583340707242,225.67583340707242,0.0,0.7853981633974483,282.842712474619,10200000.0,255.0,,,100.0,10200000.0,1.0,0.0,0.0,135.0,200.0,1.0,1.000000000106614,1.0,./content/Images1/
840,noise 3 21841.0.png,40000.0,0.0,0.0,0.0,0.0,0.0,100.0,100.0,100.0,100.0,800.0,0.0,0.0,200.0,200.0,225.67583340707242,225.67583340707242,0.0,0.7853981633974483,282.842712474619,0.0,0.0,,,0.0,0.0,1.0,0.0,0.0,135.0,200.0,1.0,1.000000000106614,1.0,./content/Images1/
841,noise 3 21842.0.png,40000.0,64.98675,111.12449005842397,0.0,0.0,255.0,100.0,100.0,99.59652736904061,100.06238964096528,800.0,0.0,0.0,200.0,200.0,225.67583340707242,225.67583340707242,0.0,0.7853981633974483,282.842712474619,2599470.0,0.0,1.1251170898045957,-0.7341115342296383,25.485,2599470.0,1.0,0.0,0.0,135.0,200.0,1.0,1.000000000106614,1.0,./content/Images1/
842,noise 3 21843.0.png,40000.0,0.0,0.0,0.0,0.0,0.0,100.0,100.0,100.0,100.0,800.0,0.0,0.0,200.0,200.0,225.67583340707242,225.67583340707242,0.0,0.7853981633974483,282.842712474619,0.0,0.0,,,0.0,0.0,1.0,0.0,0.0,135.0,200.0,1.0,1.000000000106614,1.0,./content/Images1/
843,noise 3 21844.0.png,40000.0,255.0,0.0,255.0,255.0,255.0,100.0,100.0,100.0,100.0,800.0,0.0,0.0,200.0,200.0,225.67583340707242,225.67583340707242,0.0,0.7853981633974483,282.842712474619,10200000.0,255.0,,,100.0,10200000.0,1.0,0.0,0.0,135.0,200.0,1.0,1.000000000106614,1.0,./content/Images1/
844,noise 3 21845.0.png,40000.0,134.480625,127.31035336044431,255.0,0.0,255.0,100.0,100.0,102.40149324484474,100.09478549419293,800.0,0.0,0.0,200.0,200.0,225.67583340707242,225.67583340707242,0.0,0.7853981633974483,282.842712474619,5379225.0,255.0,-0.10966448643315983,-1.9879737004153508,52.7375,5379225.0,1.0,0.0,0.0,135.0,200.0,1.0,1.000000000106614,1.0,./content/Images1/
845,noise 3 21846.0.png,40000.0,255.0,0.0,255.0,255.0,255.0,100.0,100.0,100.0,100.0,800.0,0.0,0.0,200.0,200.0,225.67583340707242,225.67583340707242,0.0,0.7853981633974483,282.842712474619,10200000.0,255.0,,,100.0,10200000.0,1.0,0.0,0.0,135.0,200.0,1.0,1.000000000106614,1.0,./content/Images1/
846,noise 3 21847.0.png,40000.0,255.0,0.0,255.0,255.0,255.0,100.0,100.0,100.0,100.0,800.0,0.0,0.0,200.0,200.0,225.67583340707242,225.67583340707242,0.0,0.7853981633974483,282.842712474619,10200000.0,255.0,,,100.0,10200000.0,1.0,0.0,0.0,135.0,200.0,1.0,1.000000000106614,1.0,./content/Images1/
847,noise 3 21848.0.png,40000.0,255.0,0.0,255.0,255.0,255.0,100.0,100.0,100.0,100.0,800.0,0.0,0.0,200.0,200.0,225.67583340707242,225.67583340707242,0.0,0.7853981633974483,282.842712474619,10200000.0,255.0,,,100.0,10200000.0,1.0,0.0,0.0,135.0,200.0,1.0,1.000000000106614,1.0,./content/Images1/
848,noise 3 21849.0.png,40000.0,112.257375,126.58717545997362,0.0,0.0,255.0,100.0,100.0,99.6604861150548,100.40936452950196,800.0,0.0,0.0,200.0,200.0,225.67583340707242,225.67583340707242,0.0,0.7853981633974483,282.842712474619,4490295.0,0.0,0.24082716880281146,-1.9420022747664214,44.0225,4490295.0,1.0,0.0,0.0,135.0,200.0,1.0,1.000000000106614,1.0,./content/Images1/
849,noise 3 21850.0.png,40000.0,0.0,0.0,0.0,0.0,0.0,100.0,100.0,100.0,100.0,800.0,0.0,0.0,200.0,200.0,225.67583340707242,225.67583340707242,0.0,0.7853981633974483,282.842712474619,0.0,0.0,,,0.0,0.0,1.0,0.0,0.0,135.0,200.0,1.0,1.000000000106614,1.0,./content/Images1/
850,noise 3 21851.0.png,40000.0,255.0,0.0,255.0,255.0,255.0,100.0,100.0,100.0,100.0,800.0,0.0,0.0,200.0,200.0,225.67583340707242,225.67583340707242,0.0,0.7853981633974483,282.842712474619,10200000.0,255.0,,,100.0,10200000.0,1.0,0.0,0.0,135.0,200.0,1.0,1.000000000106614,1.0,./content/Images1/
851,noise 3 21852.0.png,40000.0,39.544125,92.30507601784878,0.0,0.0,255.0,100.0,100.0,100.26334031920038,100.10196679026278,800.0,0.0,0.0,200.0,200.0,225.67583340707242,225.67583340707242,0.0,0.7853981633974483,282.842712474619,1581765.0,0.0,1.9057884628586321,1.632029665165068,15.5075,1581765.0,1.0,0.0,0.0,135.0,200.0,1.0,1.000000000106614,1.0,./content/Images1/
852,noise 3 21853.0.png,40000.0,255.0,0.0,255.0,255.0,255.0,100.0,100.0,100.0,100.0,800.0,0.0,0.0,200.0,200.0,225.67583340707242,225.67583340707242,0.0,0.7853981633974483,282.842712474619,10200000.0,255.0,,,100.0,10200000.0,1.0,0.0,0.0,135.0,200.0,1.0,1.000000000106614,1.0,./content/Images1/
853,noise 3 21854.0.png,40000.0,10.818375,51.39761113339929,0.0,0.0,255.0,100.0,100.0,100.4180907483795,99.87183264584561,800.0,0.0,0.0,200.0,200.0,225.67583340707242,225.67583340707242,0.0,0.7853981633974483,282.842712474619,432735.0,0.0,4.540408823469117,18.615312284236204,4.2425,432735.0,1.0,0.0,0.0,135.0,200.0,1.0,1.000000000106614,1.0,./content/Images1/
854,noise 3 21855.0.png,40000.0,233.05725,71.51255011225714,255.0,0.0,255.0,100.0,100.0,99.6570381311888,99.9804146835166,800.0,0.0,0.0,200.0,200.0,225.67583340707242,225.67583340707242,0.0,0.7853981633974483,282.842712474619,9322290.0,255.0,-2.9521690759080434,6.715302252747794,91.395,9322290.0,1.0,0.0,0.0,135.0,200.0,1.0,1.000000000106614,1.0,./content/Images1/
855,noise 3 21856.0.png,40000.0,0.0,0.0,0.0,0.0,0.0,100.0,100.0,100.0,100.0,800.0,0.0,0.0,200.0,200.0,225.67583340707242,225.67583340707242,0.0,0.7853981633974483,282.842712474619,0.0,0.0,,,0.0,0.0,1.0,0.0,0.0,135.0,200.0,1.0,1.000000000106614,1.0,./content/Images1/
856,noise 3 21857.0.png,40000.0,0.0,0.0,0.0,0.0,0.0,100.0,100.0,100.0,100.0,800.0,0.0,0.0,200.0,200.0,225.67583340707242,225.67583340707242,0.0,0.7853981633974483,282.842712474619,0.0,0.0,,,0.0,0.0,1.0,0.0,0.0,135.0,200.0,1.0,1.000000000106614,1.0,./content/Images1/
857,noise 3 21858.0.png,40000.0,0.0,0.0,0.0,0.0,0.0,100.0,100.0,100.0,100.0,800.0,0.0,0.0,200.0,200.0,225.67583340707242,225.67583340707242,0.0,0.7853981633974483,282.842712474619,0.0,0.0,,,0.0,0.0,1.0,0.0,0.0,135.0,200.0,1.0,1.000000000106614,1.0,./content/Images1/
858,noise 3 21859.0.png,40000.0,255.0,0.0,255.0,255.0,255.0,100.0,100.0,100.0,100.0,800.0,0.0,0.0,200.0,200.0,225.67583340707242,225.67583340707242,0.0,0.7853981633974483,282.842712474619,10200000.0,255.0,,,100.0,10200000.0,1.0,0.0,0.0,135.0,200.0,1.0,1.000000000106614,1.0,./content/Images1/
859,noise 3 21860.0.png,40000.0,111.7155,126.52074828755828,0.0,0.0,255.0,100.0,100.0,98.56288518603058,101.87348778817622,800.0,0.0,0.0,200.0,200.0,225.67583340707242,225.67583340707242,0.0,0.7853981633974483,282.842712474619,4468620.0,0.0,0.24951950606668652,-1.9377400160922362,43.81,4468620.0,1.0,0.0,0.0,135.0,200.0,1.0,1.000000000106614,1.0,./content/Images1/
860,noise 3 21861.0.png,40000.0,37.810125,90.62108820260906,0.0,0.0,255.0,100.0,100.0,100.28958017197775,101.01053785196426,800.0,0.0,0.0,200.0,200.0,225.67583340707242,225.67583340707242,0.0,0.7853981633974483,282.842712474619,1512405.0,0.0,1.9794729443974324,1.9183131376014408,14.8275,1512405.0,1.0,0.0,0.0,135.0,200.0,1.0,1.000000000106614,1.0,./content/Images1/
861,noise 3 21862.0.png,40000.0,89.728125,121.77810232812607,0.0,0.0,255.0,100.0,100.0,100.27847246891652,99.89246891651865,800.0,0.0,0.0,200.0,200.0,225.67583340707242,225.67583340707242,0.0,0.7853981633974483,282.842712474619,3589125.0,0.0,0.6203471138926836,-1.6151694582850171,35.1875,3589125.0,1.0,0.0,0.0,135.0,200.0,1.0,1.000000000106614,1.0,./content/Images1/
862,noise 3 21863.0.png,40000.0,0.0,0.0,0.0,0.0,0.0,100.0,100.0,100.0,100.0,800.0,0.0,0.0,200.0,200.0,225.67583340707242,225.67583340707242,0.0,0.7853981633974483,282.842712474619,0.0,0.0,,,0.0,0.0,1.0,0.0,0.0,135.0,200.0,1.0,1.000000000106614,1.0,./content/Images1/
863,noise 3 21864.0.png,40000.0,255.0,0.0,255.0,255.0,255.0,100.0,100.0,100.0,100.0,800.0,0.0,0.0,200.0,200.0,225.67583340707242,225.67583340707242,0.0,0.7853981633974483,282.842712474619,10200000.0,255.0,,,100.0,10200000.0,1.0,0.0,0.0,135.0,200.0,1.0,1.000000000106614,1.0,./content/Images1/
864,noise 3 21865.0.png,40000.0,255.0,0.0,255.0,255.0,255.0,100.0,100.0,100.0,100.0,800.0,0.0,0.0,200.0,200.0,225.67583340707242,225.67583340707242,0.0,0.7853981633974483,282.842712474619,10200000.0,255.0,,,100.0,10200000.0,1.0,0.0,0.0,135.0,200.0,1.0,1.000000000106614,1.0,./content/Images1/
865,noise 3 21866.0.png,40000.0,255.0,0.0,255.0,255.0,255.0,100.0,100.0,100.0,100.0,800.0,0.0,0.0,200.0,200.0,225.67583340707242,225.67583340707242,0.0,0.7853981633974483,282.842712474619,10200000.0,255.0,,,100.0,10200000.0,1.0,0.0,0.0,135.0,200.0,1.0,1.000000000106614,1.0,./content/Images1/
866,noise 3 21867.0.png,40000.0,141.58875,126.7207898389287,255.0,0.0,255.0,100.0,100.0,100.06762719495723,99.76807744259342,800.0,0.0,0.0,200.0,200.0,225.67583340707242,225.67583340707242,0.0,0.7853981633974483,282.842712474619,5663550.0,255.0,-0.22236171555725245,-1.9505552674544324,55.525,5663550.0,1.0,0.0,0.0,135.0,200.0,1.0,1.000000000106614,1.0,./content/Images1/
867,noise 3 21868.0.png,40000.0,29.229375,81.23607108046579,0.0,0.0,255.0,100.0,100.0,99.51264994547438,97.64918211559433,800.0,0.0,0.0,200.0,200.0,225.67583340707242,225.67583340707242,0.0,0.7853981633974483,282.842712474619,1169175.0,0.0,2.4194142355433486,3.8535652431498075,11.4625,1169175.0,1.0,0.0,0.0,135.0,200.0,1.0,1.000000000106614,1.0,./content/Images1/
868,noise 3 21869.0.png,40000.0,0.0,0.0,0.0,0.0,0.0,100.0,100.0,100.0,100.0,800.0,0.0,0.0,200.0,200.0,225.67583340707242,225.67583340707242,0.0,0.7853981633974483,282.842712474619,0.0,0.0,,,0.0,0.0,1.0,0.0,0.0,135.0,200.0,1.0,1.000000000106614,1.0,./content/Images1/
869,noise 3 21870.0.png,40000.0,19.227,67.32993987833422,0.0,0.0,255.0,100.0,100.0,99.6816976127321,100.05437665782493,800.0,0.0,0.0,200.0,200.0,225.67583340707242,225.67583340707242,0.0,0.7853981633974483,282.842712474619,769080.0,0.0,3.2162319952618303,8.344148247345899,7.54,769080.0,1.0,0.0,0.0,135.0,200.0,1.0,1.000000000106614,1.0,./content/Images1/
870,noise 3 21871.0.png,40000.0,255.0,0.0,255.0,255.0,255.0,100.0,100.0,100.0,100.0,800.0,0.0,0.0,200.0,200.0,225.67583340707242,225.67583340707242,0.0,0.7853981633974483,282.842712474619,10200000.0,255.0,,,100.0,10200000.0,1.0,0.0,0.0,135.0,200.0,1.0,1.000000000106614,1.0,./content/Images1/
871,noise 3 21872.0.png,40000.0,216.40575,91.39051604295746,255.0,0.0,255.0,100.0,100.0,100.9043775408001,99.33488481706239,800.0,0.0,0.0,200.0,200.0,225.67583340707242,225.67583340707242,0.0,0.7853981633974483,282.842712474619,8656230.0,255.0,-1.9456474302196225,1.785543922720251,84.865,8656230.0,1.0,0.0,0.0,135.0,200.0,1.0,1.000000000106614,1.0,./content/Images1/
872,noise 3 21873.0.png,40000.0,25.89525,77.02514588928074,0.0,0.0,255.0,100.0,100.0,100.18439192516001,100.9219596258001,800.0,0.0,0.0,200.0,200.0,225.67583340707242,225.67583340707242,0.0,0.7853981633974483,282.842712474619,1035810.0,0.0,2.6382558295765377,4.960393822294585,10.155,1035810.0,1.0,0.0,0.0,135.0,200.0,1.0,1.000000000106614,1.0,./content/Images1/
873,noise 3 21874.0.png,40000.0,15.66975,61.240010968410886,0.0,0.0,255.0,100.0,100.0,99.68714401952808,101.16436126932466,800.0,0.0,0.0,200.0,200.0,225.67583340707242,225.67583340707242,0.0,0.7853981633974483,282.842712474619,626790.0,0.0,3.65224127611673,11.33886633897076,6.145,626790.0,1.0,0.0,0.0,135.0,200.0,1.0,1.000000000106614,1.0,./content/Images1/
874,noise 3 21875.0.png,40000.0,137.751,127.08883030490803,255.0,0.0,255.0,100.0,100.0,99.99111440207331,99.7891521658645,800.0,0.0,0.0,200.0,200.0,225.67583340707242,225.67583340707242,0.0,0.7853981633974483,282.842712474619,5510040.0,255.0,-0.1613222517715909,-1.9739751310833429,54.02,5510040.0,1.0,0.0,0.0,135.0,200.0,1.0,1.000000000106614,1.0,./content/Images1/
875,noise 3 21876.0.png,40000.0,12.463125,54.98038706037279,0.0,0.0,255.0,100.0,100.0,101.07544757033249,100.38900255754476,800.0,0.0,0.0,200.0,200.0,225.67583340707242,225.67583340707242,0.0,0.7853981633974483,282.842712474619,498525.0,0.0,4.184703642103454,15.511744572233912,4.8875,498525.0,1.0,0.0,0.0,135.0,200.0,1.0,1.000000000106614,1.0,./content/Images1/
876,noise 3 21877.0.png,40000.0,255.0,0.0,255.0,255.0,255.0,100.0,100.0,100.0,100.0,800.0,0.0,0.0,200.0,200.0,225.67583340707242,225.67583340707242,0.0,0.7853981633974483,282.842712474619,10200000.0,255.0,,,100.0,10200000.0,1.0,0.0,0.0,135.0,200.0,1.0,1.000000000106614,1.0,./content/Images1/
877,noise 3 21878.0.png,40000.0,0.0,0.0,0.0,0.0,0.0,100.0,100.0,100.0,100.0,800.0,0.0,0.0,200.0,200.0,225.67583340707242,225.67583340707242,0.0,0.7853981633974483,282.842712474619,0.0,0.0,,,0.0,0.0,1.0,0.0,0.0,135.0,200.0,1.0,1.000000000106614,1.0,./content/Images1/
878,noise 3 21879.0.png,40000.0,255.0,0.0,255.0,255.0,255.0,100.0,100.0,100.0,100.0,800.0,0.0,0.0,200.0,200.0,225.67583340707242,225.67583340707242,0.0,0.7853981633974483,282.842712474619,10200000.0,255.0,,,100.0,10200000.0,1.0,0.0,0.0,135.0,200.0,1.0,1.000000000106614,1.0,./content/Images1/
879,noise 3 21880.0.png,40000.0,242.855625,54.308411097612435,255.0,0.0,255.0,100.0,100.0,99.38176926105788,100.10905630660191,800.0,0.0,0.0,200.0,200.0,225.67583340707242,225.67583340707242,0.0,0.7853981633974483,282.842712474619,9714225.0,255.0,-4.248221026573962,16.047381890624703,95.2375,9714225.0,1.0,0.0,0.0,135.0,200.0,1.0,1.000000000106614,1.0,./content/Images1/
880,noise 3 21881.0.png,40000.0,0.0,0.0,0.0,0.0,0.0,100.0,100.0,100.0,100.0,800.0,0.0,0.0,200.0,200.0,225.67583340707242,225.67583340707242,0.0,0.7853981633974483,282.842712474619,0.0,0.0,,,0.0,0.0,1.0,0.0,0.0,135.0,200.0,1.0,1.000000000106614,1.0,./content/Images1/
881,noise 3 21882.0.png,40000.0,130.145625,127.47414212216577,255.0,0.0,255.0,100.0,100.0,100.47026696056821,99.8232916972814,800.0,0.0,0.0,200.0,200.0,225.67583340707242,225.67583340707242,0.0,0.7853981633974483,282.842712474619,5205825.0,255.0,-0.04150893705795024,-1.9982770081443206,51.0375,5205825.0,1.0,0.0,0.0,135.0,200.0,1.0,1.000000000106614,1.0,./content/Images1/
882,noise 3 21883.0.png,40000.0,0.0,0.0,0.0,0.0,0.0,100.0,100.0,100.0,100.0,800.0,0.0,0.0,200.0,200.0,225.67583340707242,225.67583340707242,0.0,0.7853981633974483,282.842712474619,0.0,0.0,,,0.0,0.0,1.0,0.0,0.0,135.0,200.0,1.0,1.000000000106614,1.0,./content/Images1/
883,noise 3 21884.0.png,40000.0,255.0,0.0,255.0,255.0,255.0,100.0,100.0,100.0,100.0,800.0,0.0,0.0,200.0,200.0,225.67583340707242,225.67583340707242,0.0,0.7853981633974483,282.842712474619,10200000.0,255.0,,,100.0,10200000.0,1.0,0.0,0.0,135.0,200.0,1.0,1.000000000106614,1.0,./content/Images1/
884,noise 3 21885.0.png,40000.0,255.0,0.0,255.0,255.0,255.0,100.0,100.0,100.0,100.0,800.0,0.0,0.0,200.0,200.0,225.67583340707242,225.67583340707242,0.0,0.7853981633974483,282.842712474619,10200000.0,255.0,,,100.0,10200000.0,1.0,0.0,0.0,135.0,200.0,1.0,1.000000000106614,1.0,./content/Images1/
885,noise 3 21886.0.png,40000.0,255.0,0.0,255.0,255.0,255.0,100.0,100.0,100.0,100.0,800.0,0.0,0.0,200.0,200.0,225.67583340707242,225.67583340707242,0.0,0.7853981633974483,282.842712474619,10200000.0,255.0,,,100.0,10200000.0,1.0,0.0,0.0,135.0,200.0,1.0,1.000000000106614,1.0,./content/Images1/
886,noise 3 21887.0.png,40000.0,0.0,0.0,0.0,0.0,0.0,100.0,100.0,100.0,100.0,800.0,0.0,0.0,200.0,200.0,225.67583340707242,225.67583340707242,0.0,0.7853981633974483,282.842712474619,0.0,0.0,,,0.0,0.0,1.0,0.0,0.0,135.0,200.0,1.0,1.000000000106614,1.0,./content/Images1/
887,noise 3 21888.0.png,40000.0,255.0,0.0,255.0,255.0,255.0,100.0,100.0,100.0,100.0,800.0,0.0,0.0,200.0,200.0,225.67583340707242,225.67583340707242,0.0,0.7853981633974483,282.842712474619,10200000.0,255.0,,,100.0,10200000.0,1.0,0.0,0.0,135.0,200.0,1.0,1.000000000106614,1.0,./content/Images1/
888,noise 3 21889.0.png,40000.0,5.973375,38.56898501742698,0.0,0.0,255.0,100.0,100.0,99.72732123799359,101.13607257203842,800.0,0.0,0.0,200.0,200.0,225.67583340707242,225.67583340707242,0.0,0.7853981633974483,282.842712474619,238935.0,0.0,6.301858555851791,37.71342125796243,2.3425,238935.0,1.0,0.0,0.0,135.0,200.0,1.0,1.000000000106614,1.0,./content/Images1/
889,noise 3 21890.0.png,40000.0,172.176,119.41801179277151,255.0,0.0,255.0,100.0,100.0,100.52199348341232,100.77228969194313,800.0,0.0,0.0,200.0,200.0,225.67583340707242,225.67583340707242,0.0,0.7853981633974483,282.842712474619,6887039.999999999,255.0,-0.7482381893612386,-1.4401396119814238,67.52,6887039.999999999,1.0,0.0,0.0,135.0,200.0,1.0,1.000000000106614,1.0,./content/Images1/
890,noise 3 21891.0.png,40000.0,255.0,0.0,255.0,255.0,255.0,100.0,100.0,100.0,100.0,800.0,0.0,0.0,200.0,200.0,225.67583340707242,225.67583340707242,0.0,0.7853981633974483,282.842712474619,10200000.0,255.0,,,100.0,10200000.0,1.0,0.0,0.0,135.0,200.0,1.0,1.000000000106614,1.0,./content/Images1/
891,noise 3 21892.0.png,40000.0,255.0,0.0,255.0,255.0,255.0,100.0,100.0,100.0,100.0,800.0,0.0,0.0,200.0,200.0,225.67583340707242,225.67583340707242,0.0,0.7853981633974483,282.842712474619,10200000.0,255.0,,,100.0,10200000.0,1.0,0.0,0.0,135.0,200.0,1.0,1.000000000106614,1.0,./content/Images1/
892,noise 3 21893.0.png,40000.0,69.404625,113.49669352494548,0.0,0.0,255.0,100.0,100.0,100.23959768531276,100.1089831909617,800.0,0.0,0.0,200.0,200.0,225.67583340707242,225.67583340707242,0.0,0.7853981633974483,282.842712474619,2776185.0,0.0,1.023749668848898,-0.9519366155317726,27.2175,2776185.0,1.0,0.0,0.0,135.0,200.0,1.0,1.000000000106614,1.0,./content/Images1/
893,noise 3 21894.0.png,40000.0,0.0,0.0,0.0,0.0,0.0,100.0,100.0,100.0,100.0,800.0,0.0,0.0,200.0,200.0,225.67583340707242,225.67583340707242,0.0,0.7853981633974483,282.842712474619,0.0,0.0,,,0.0,0.0,1.0,0.0,0.0,135.0,200.0,1.0,1.000000000106614,1.0,./content/Images1/
894,noise 3 21895.0.png,40000.0,255.0,0.0,255.0,255.0,255.0,100.0,100.0,100.0,100.0,800.0,0.0,0.0,200.0,200.0,225.67583340707242,225.67583340707242,0.0,0.7853981633974483,282.842712474619,10200000.0,255.0,,,100.0,10200000.0,1.0,0.0,0.0,135.0,200.0,1.0,1.000000000106614,1.0,./content/Images1/
895,noise 3 21896.0.png,40000.0,116.044125,126.98588922941777,0.0,0.0,255.0,100.0,100.0,99.98123935615008,100.6162995110696,800.0,0.0,0.0,200.0,200.0,225.67583340707242,225.67583340707242,0.0,0.7853981633974483,282.842712474619,4641765.0,0.0,0.18042978272059237,-1.9674450935074013,45.5075,4641765.0,1.0,0.0,0.0,135.0,200.0,1.0,1.000000000106614,1.0,./content/Images1/
896,noise 3 21897.0.png,40000.0,255.0,0.0,255.0,255.0,255.0,100.0,100.0,100.0,100.0,800.0,0.0,0.0,200.0,200.0,225.67583340707242,225.67583340707242,0.0,0.7853981633974483,282.842712474619,10200000.0,255.0,,,100.0,10200000.0,1.0,0.0,0.0,135.0,200.0,1.0,1.000000000106614,1.0,./content/Images1/
897,noise 3 21898.0.png,40000.0,0.0,0.0,0.0,0.0,0.0,100.0,100.0,100.0,100.0,800.0,0.0,0.0,200.0,200.0,225.67583340707242,225.67583340707242,0.0,0.7853981633974483,282.842712474619,0.0,0.0,,,0.0,0.0,1.0,0.0,0.0,135.0,200.0,1.0,1.000000000106614,1.0,./content/Images1/
898,noise 3 21899.0.png,40000.0,0.0,0.0,0.0,0.0,0.0,100.0,100.0,100.0,100.0,800.0,0.0,0.0,200.0,200.0,225.67583340707242,225.67583340707242,0.0,0.7853981633974483,282.842712474619,0.0,0.0,,,0.0,0.0,1.0,0.0,0.0,135.0,200.0,1.0,1.000000000106614,1.0,./content/Images1/
899,noise 3 21900.0.png,40000.0,0.0,0.0,0.0,0.0,0.0,100.0,100.0,100.0,100.0,800.0,0.0,0.0,200.0,200.0,225.67583340707242,225.67583340707242,0.0,0.7853981633974483,282.842712474619,0.0,0.0,,,0.0,0.0,1.0,0.0,0.0,135.0,200.0,1.0,1.000000000106614,1.0,./content/Images1/
900,noise 3 21901.0.png,40000.0,0.0,0.0,0.0,0.0,0.0,100.0,100.0,100.0,100.0,800.0,0.0,0.0,200.0,200.0,225.67583340707242,225.67583340707242,0.0,0.7853981633974483,282.842712474619,0.0,0.0,,,0.0,0.0,1.0,0.0,0.0,135.0,200.0,1.0,1.000000000106614,1.0,./content/Images1/
901,noise 3 21902.0.png,40000.0,108.6555,126.10127817773676,0.0,0.0,255.0,100.0,100.0,99.66322459516546,99.2925956348275,800.0,0.0,0.0,200.0,200.0,225.67583340707242,225.67583340707242,0.0,0.7853981633974483,282.842712474619,4346220.0,0.0,0.2988825463625445,-1.9106692234798412,42.61,4346220.0,1.0,0.0,0.0,135.0,200.0,1.0,1.000000000106614,1.0,./content/Images1/
902,noise 3 21903.0.png,40000.0,104.448,125.40035258008919,0.0,0.0,255.0,100.0,100.0,100.56805419921875,99.9378662109375,800.0,0.0,0.0,200.0,200.0,225.67583340707242,225.67583340707242,0.0,0.7853981633974483,282.842712474619,4177919.9999999995,0.0,0.3676590644460934,-1.8648268123306238,40.96,4177919.9999999995,1.0,0.0,0.0,135.0,200.0,1.0,1.000000000106614,1.0,./content/Images1/
903,noise 3 21904.0.png,40000.0,255.0,0.0,255.0,255.0,255.0,100.0,100.0,100.0,100.0,800.0,0.0,0.0,200.0,200.0,225.67583340707242,225.67583340707242,0.0,0.7853981633974483,282.842712474619,10200000.0,255.0,,,100.0,10200000.0,1.0,0.0,0.0,135.0,200.0,1.0,1.000000000106614,1.0,./content/Images1/
904,noise 3 21905.0.png,40000.0,202.674,102.98244927472577,255.0,0.0,255.0,100.0,100.0,100.86506039255158,99.75075490689481,800.0,0.0,0.0,200.0,200.0,225.67583340707242,225.67583340707242,0.0,0.7853981633974483,282.842712474619,8106960.0,255.0,-1.4599563366778243,0.13147250500573326,79.48,8106960.0,1.0,0.0,0.0,135.0,200.0,1.0,1.000000000106614,1.0,./content/Images1/
905,noise 3 21906.0.png,40000.0,36.853875,89.66454715080967,0.0,0.0,255.0,100.0,100.0,102.77867151011935,102.1438332468431,800.0,0.0,0.0,200.0,200.0,225.67583340707242,225.67583340707242,0.0,0.7853981633974483,282.842712474619,1474155.0,0.0,2.021919721411086,2.088159359831085,14.4525,1474155.0,1.0,0.0,0.0,135.0,200.0,1.0,1.000000000106614,1.0,./content/Images1/
906,noise 3 21907.0.png,40000.0,0.0,0.0,0.0,0.0,0.0,100.0,100.0,100.0,100.0,800.0,0.0,0.0,200.0,200.0,225.67583340707242,225.67583340707242,0.0,0.7853981633974483,282.842712474619,0.0,0.0,,,0.0,0.0,1.0,0.0,0.0,135.0,200.0,1.0,1.000000000106614,1.0,./content/Images1/
907,noise 3 21908.0.png,40000.0,255.0,0.0,255.0,255.0,255.0,100.0,100.0,100.0,100.0,800.0,0.0,0.0,200.0,200.0,225.67583340707242,225.67583340707242,0.0,0.7853981633974483,282.842712474619,10200000.0,255.0,,,100.0,10200000.0,1.0,0.0,0.0,135.0,200.0,1.0,1.000000000106614,1.0,./content/Images1/
908,noise 3 21909.0.png,40000.0,255.0,0.0,255.0,255.0,255.0,100.0,100.0,100.0,100.0,800.0,0.0,0.0,200.0,200.0,225.67583340707242,225.67583340707242,0.0,0.7853981633974483,282.842712474619,10200000.0,255.0,,,100.0,10200000.0,1.0,0.0,0.0,135.0,200.0,1.0,1.000000000106614,1.0,./content/Images1/
909,noise 3 21910.0.png,40000.0,0.0,0.0,0.0,0.0,0.0,100.0,100.0,100.0,100.0,800.0,0.0,0.0,200.0,200.0,225.67583340707242,225.67583340707242,0.0,0.7853981633974483,282.842712474619,0.0,0.0,,,0.0,0.0,1.0,0.0,0.0,135.0,200.0,1.0,1.000000000106614,1.0,./content/Images1/
910,noise 3 21911.0.png,40000.0,255.0,0.0,255.0,255.0,255.0,100.0,100.0,100.0,100.0,800.0,0.0,0.0,200.0,200.0,225.67583340707242,225.67583340707242,0.0,0.7853981633974483,282.842712474619,10200000.0,255.0,,,100.0,10200000.0,1.0,0.0,0.0,135.0,200.0,1.0,1.000000000106614,1.0,./content/Images1/
911,noise 3 21912.0.png,40000.0,4.0035,31.699993848426054,0.0,0.0,255.0,100.0,100.0,103.38216560509554,100.85828025477707,800.0,0.0,0.0,200.0,200.0,225.67583340707242,225.67583340707242,0.0,0.7853981633974483,282.842712474619,160140.0,0.0,7.791676195629729,58.710217937542986,1.57,160140.0,1.0,0.0,0.0,135.0,200.0,1.0,1.000000000106614,1.0,./content/Images1/
912,noise 3 21913.0.png,40000.0,88.6635,121.4427641993314,0.0,0.0,255.0,100.0,100.0,100.2779695139488,99.99769916594765,800.0,0.0,0.0,200.0,200.0,225.67583340707242,225.67583340707242,0.0,0.7853981633974483,282.842712474619,3546540.0,0.0,0.6395932391922005,-1.590920488379629,34.77,3546540.0,1.0,0.0,0.0,135.0,200.0,1.0,1.000000000106614,1.0,./content/Images1/
913,noise 3 21914.0.png,40000.0,0.0,0.0,0.0,0.0,0.0,100.0,100.0,100.0,100.0,800.0,0.0,0.0,200.0,200.0,225.67583340707242,225.67583340707242,0.0,0.7853981633974483,282.842712474619,0.0,0.0,,,0.0,0.0,1.0,0.0,0.0,135.0,200.0,1.0,1.000000000106614,1.0,./content/Images1/
914,noise 3 21915.0.png,40000.0,127.468125,127.50158979545857,0.0,0.0,255.0,100.0,100.0,99.7638159539885,99.25433858464616,800.0,0.0,0.0,200.0,200.0,225.67583340707242,225.67583340707242,0.0,0.7853981633974483,282.842712474619,5098725.0,0.0,0.000500000015625148,-1.9999997499999838,49.9875,5098725.0,1.0,0.0,0.0,135.0,200.0,1.0,1.000000000106614,1.0,./content/Images1/
915,noise 3 21916.0.png,40000.0,0.0,0.0,0.0,0.0,0.0,100.0,100.0,100.0,100.0,800.0,0.0,0.0,200.0,200.0,225.67583340707242,225.67583340707242,0.0,0.7853981633974483,282.842712474619,0.0,0.0,,,0.0,0.0,1.0,0.0,0.0,135.0,200.0,1.0,1.000000000106614,1.0,./content/Images1/
916,noise 3 21917.0.png,40000.0,255.0,0.0,255.0,255.0,255.0,100.0,100.0,100.0,100.0,800.0,0.0,0.0,200.0,200.0,225.67583340707242,225.67583340707242,0.0,0.7853981633974483,282.842712474619,10200000.0,255.0,,,100.0,10200000.0,1.0,0.0,0.0,135.0,200.0,1.0,1.000000000106614,1.0,./content/Images1/
917,noise 3 21918.0.png,40000.0,0.0,0.0,0.0,0.0,0.0,100.0,100.0,100.0,100.0,800.0,0.0,0.0,200.0,200.0,225.67583340707242,225.67583340707242,0.0,0.7853981633974483,282.842712474619,0.0,0.0,,,0.0,0.0,1.0,0.0,0.0,135.0,200.0,1.0,1.000000000106614,1.0,./content/Images1/
918,noise 3 21919.0.png,40000.0,52.26225,102.93588232406738,0.0,0.0,255.0,100.0,100.0,100.78848499634057,100.23030007318859,800.0,0.0,0.0,200.0,200.0,225.67583340707242,225.67583340707242,0.0,0.7853981633974483,282.842712474619,2090490.0,0.0,1.4618554539152708,0.13702136814182264,20.495,2090490.0,1.0,0.0,0.0,135.0,200.0,1.0,1.000000000106614,1.0,./content/Images1/
919,noise 3 21920.0.png,40000.0,0.0,0.0,0.0,0.0,0.0,100.0,100.0,100.0,100.0,800.0,0.0,0.0,200.0,200.0,225.67583340707242,225.67583340707242,0.0,0.7853981633974483,282.842712474619,0.0,0.0,,,0.0,0.0,1.0,0.0,0.0,135.0,200.0,1.0,1.000000000106614,1.0,./content/Images1/
920,noise 3 21921.0.png,40000.0,0.0,0.0,0.0,0.0,0.0,100.0,100.0,100.0,100.0,800.0,0.0,0.0,200.0,200.0,225.67583340707242,225.67583340707242,0.0,0.7853981633974483,282.842712474619,0.0,0.0,,,0.0,0.0,1.0,0.0,0.0,135.0,200.0,1.0,1.000000000106614,1.0,./content/Images1/
921,noise 3 21922.0.png,40000.0,255.0,0.0,255.0,255.0,255.0,100.0,100.0,100.0,100.0,800.0,0.0,0.0,200.0,200.0,225.67583340707242,225.67583340707242,0.0,0.7853981633974483,282.842712474619,10200000.0,255.0,,,100.0,10200000.0,1.0,0.0,0.0,135.0,200.0,1.0,1.000000000106614,1.0,./content/Images1/
922,noise 3 21923.0.png,40000.0,137.298375,127.12452896080269,255.0,0.0,255.0,100.0,100.0,101.46239030505642,99.63767005618239,800.0,0.0,0.0,200.0,200.0,225.67583340707242,225.67583340707242,0.0,0.7853981633974483,282.842712474619,5491935.0,255.0,-0.15415589048129788,-1.9762359614299192,53.8425,5491935.0,1.0,0.0,0.0,135.0,200.0,1.0,1.000000000106614,1.0,./content/Images1/
923,noise 3 21924.0.png,40000.0,255.0,0.0,255.0,255.0,255.0,100.0,100.0,100.0,100.0,800.0,0.0,0.0,200.0,200.0,225.67583340707242,225.67583340707242,0.0,0.7853981633974483,282.842712474619,10200000.0,255.0,,,100.0,10200000.0,1.0,0.0,0.0,135.0,200.0,1.0,1.000000000106614,1.0,./content/Images1/
924,noise 3 21925.0.png,40000.0,255.0,0.0,255.0,255.0,255.0,100.0,100.0,100.0,100.0,800.0,0.0,0.0,200.0,200.0,225.67583340707242,225.67583340707242,0.0,0.7853981633974483,282.842712474619,10200000.0,255.0,,,100.0,10200000.0,1.0,0.0,0.0,135.0,200.0,1.0,1.000000000106614,1.0,./content/Images1/
925,noise 3 21926.0.png,40000.0,19.781625,68.2137670511588,0.0,0.0,255.0,100.0,100.0,100.675636480825,99.5460844344183,800.0,0.0,0.0,200.0,200.0,225.67583340707242,225.67583340707242,0.0,0.7853981633974483,282.842712474619,791264.9999999999,0.0,3.158298571141721,7.974849864475837,7.7575,791264.9999999999,1.0,0.0,0.0,135.0,200.0,1.0,1.000000000106614,1.0,./content/Images1/
926,noise 3 21927.0.png,40000.0,0.0,0.0,0.0,0.0,0.0,100.0,100.0,100.0,100.0,800.0,0.0,0.0,200.0,200.0,225.67583340707242,225.67583340707242,0.0,0.7853981633974483,282.842712474619,0.0,0.0,,,0.0,0.0,1.0,0.0,0.0,135.0,200.0,1.0,1.000000000106614,1.0,./content/Images1/
927,noise 3 21928.0.png,40000.0,255.0,0.0,255.0,255.0,255.0,100.0,100.0,100.0,100.0,800.0,0.0,0.0,200.0,200.0,225.67583340707242,225.67583340707242,0.0,0.7853981633974483,282.842712474619,10200000.0,255.0,,,100.0,10200000.0,1.0,0.0,0.0,135.0,200.0,1.0,1.000000000106614,1.0,./content/Images1/
928,noise 3 21929.0.png,40000.0,255.0,0.0,255.0,255.0,255.0,100.0,100.0,100.0,100.0,800.0,0.0,0.0,200.0,200.0,225.67583340707242,225.67583340707242,0.0,0.7853981633974483,282.842712474619,10200000.0,255.0,,,100.0,10200000.0,1.0,0.0,0.0,135.0,200.0,1.0,1.000000000106614,1.0,./content/Images1/
929,noise 3 21930.0.png,40000.0,0.0,0.0,0.0,0.0,0.0,100.0,100.0,100.0,100.0,800.0,0.0,0.0,200.0,200.0,225.67583340707242,225.67583340707242,0.0,0.7853981633974483,282.842712474619,0.0,0.0,,,0.0,0.0,1.0,0.0,0.0,135.0,200.0,1.0,1.000000000106614,1.0,./content/Images1/
930,noise 3 21931.0.png,40000.0,127.46175,127.50158804231158,0.0,0.0,255.0,100.0,100.0,98.42577773331999,101.85060518155447,800.0,0.0,0.0,200.0,200.0,225.67583340707242,225.67583340707242,0.0,0.7853981633974483,282.842712474619,5098470.0,0.0,0.0006000000270003082,-1.9999996399999684,49.985,5098470.0,1.0,0.0,0.0,135.0,200.0,1.0,1.000000000106614,1.0,./content/Images1/
931,noise 3 21932.0.png,40000.0,0.0,0.0,0.0,0.0,0.0,100.0,100.0,100.0,100.0,800.0,0.0,0.0,200.0,200.0,225.67583340707242,225.67583340707242,0.0,0.7853981633974483,282.842712474619,0.0,0.0,,,0.0,0.0,1.0,0.0,0.0,135.0,200.0,1.0,1.000000000106614,1.0,./content/Images1/
932,noise 3 21933.0.png,40000.0,255.0,0.0,255.0,255.0,255.0,100.0,100.0,100.0,100.0,800.0,0.0,0.0,200.0,200.0,225.67583340707242,225.67583340707242,0.0,0.7853981633974483,282.842712474619,10200000.0,255.0,,,100.0,10200000.0,1.0,0.0,0.0,135.0,200.0,1.0,1.000000000106614,1.0,./content/Images1/
933,noise 3 21934.0.png,40000.0,0.0,0.0,0.0,0.0,0.0,100.0,100.0,100.0,100.0,800.0,0.0,0.0,200.0,200.0,225.67583340707242,225.67583340707242,0.0,0.7853981633974483,282.842712474619,0.0,0.0,,,0.0,0.0,1.0,0.0,0.0,135.0,200.0,1.0,1.000000000106614,1.0,./content/Images1/
934,noise 3 21935.0.png,40000.0,98.94,124.26166916656399,0.0,0.0,255.0,100.0,100.0,100.6507087628866,100.08466494845361,800.0,0.0,0.0,200.0,200.0,225.67583340707242,225.67583340707242,0.0,0.7853981633974483,282.842712474619,3957600.0,0.0,0.4596808846726617,-1.7886934842665592,38.8,3957600.0,1.0,0.0,0.0,135.0,200.0,1.0,1.000000000106614,1.0,./content/Images1/
935,noise 3 21936.0.png,40000.0,205.9635,100.49866500253465,255.0,0.0,255.0,100.0,100.0,99.98501919029343,99.9953571870744,800.0,0.0,0.0,200.0,200.0,225.67583340707242,225.67583340707242,0.0,0.7853981633974483,282.842712474619,8238540.0,255.0,-1.5615029475299214,0.4382914551446504,80.77,8238540.0,1.0,0.0,0.0,135.0,200.0,1.0,1.000000000106614,1.0,./content/Images1/
936,noise 3 21937.0.png,40000.0,255.0,0.0,255.0,255.0,255.0,100.0,100.0,100.0,100.0,800.0,0.0,0.0,200.0,200.0,225.67583340707242,225.67583340707242,0.0,0.7853981633974483,282.842712474619,10200000.0,255.0,,,100.0,10200000.0,1.0,0.0,0.0,135.0,200.0,1.0,1.000000000106614,1.0,./content/Images1/
937,noise 3 21938.0.png,40000.0,18.608625,66.32517189061807,0.0,0.0,255.0,100.0,100.0,100.41983556012333,98.83264816718054,800.0,0.0,0.0,200.0,200.0,225.67583340707242,225.67583340707242,0.0,0.7853981633974483,282.842712474619,744345.0,0.0,3.2836020793822533,8.782042615723459,7.2975,744345.0,1.0,0.0,0.0,135.0,200.0,1.0,1.000000000106614,1.0,./content/Images1/
938,noise 3 21939.0.png,40000.0,202.259625,103.28366355691648,255.0,0.0,255.0,100.0,100.0,100.15077063699688,99.74811674598922,800.0,0.0,0.0,200.0,200.0,225.67583340707242,225.67583340707242,0.0,0.7853981633974483,282.842712474619,8090385.0,255.0,-1.4476744324940818,0.09576126249708627,79.3175,8090385.0,1.0,0.0,0.0,135.0,200.0,1.0,1.000000000106614,1.0,./content/Images1/
939,noise 3 21940.0.png,40000.0,255.0,0.0,255.0,255.0,255.0,100.0,100.0,100.0,100.0,800.0,0.0,0.0,200.0,200.0,225.67583340707242,225.67583340707242,0.0,0.7853981633974483,282.842712474619,10200000.0,255.0,,,100.0,10200000.0,1.0,0.0,0.0,135.0,200.0,1.0,1.000000000106614,1.0,./content/Images1/
940,noise 3 21941.0.png,40000.0,0.0,0.0,0.0,0.0,0.0,100.0,100.0,100.0,100.0,800.0,0.0,0.0,200.0,200.0,225.67583340707242,225.67583340707242,0.0,0.7853981633974483,282.842712474619,0.0,0.0,,,0.0,0.0,1.0,0.0,0.0,135.0,200.0,1.0,1.000000000106614,1.0,./content/Images1/
941,noise 3 21942.0.png,40000.0,29.637375,81.72712897930316,0.0,0.0,255.0,100.0,100.0,99.60905571090557,100.4141750914175,800.0,0.0,0.0,200.0,200.0,225.67583340707242,225.67583340707242,0.0,0.7853981633974483,282.842712474619,1185495.0,0.0,2.3948926024437456,3.7355105772397774,11.6225,1185495.0,1.0,0.0,0.0,135.0,200.0,1.0,1.000000000106614,1.0,./content/Images1/
942,noise 3 21943.0.png,40000.0,9.9705,49.42800530005938,0.0,0.0,255.0,100.0,100.0,100.8005115089514,98.87084398976982,800.0,0.0,0.0,200.0,200.0,225.67583340707242,225.67583340707242,0.0,0.7853981633974483,282.842712474619,398820.0,0.0,4.755642815558058,20.616138589168987,3.91,398820.0,1.0,0.0,0.0,135.0,200.0,1.0,1.000000000106614,1.0,./content/Images1/
943,noise 3 21944.0.png,40000.0,0.0,0.0,0.0,0.0,0.0,100.0,100.0,100.0,100.0,800.0,0.0,0.0,200.0,200.0,225.67583340707242,225.67583340707242,0.0,0.7853981633974483,282.842712474619,0.0,0.0,,,0.0,0.0,1.0,0.0,0.0,135.0,200.0,1.0,1.000000000106614,1.0,./content/Images1/
944,noise 3 21945.0.png,40000.0,255.0,0.0,255.0,255.0,255.0,100.0,100.0,100.0,100.0,800.0,0.0,0.0,200.0,200.0,225.67583340707242,225.67583340707242,0.0,0.7853981633974483,282.842712474619,10200000.0,255.0,,,100.0,10200000.0,1.0,0.0,0.0,135.0,200.0,1.0,1.000000000106614,1.0,./content/Images1/
945,noise 3 21946.0.png,40000.0,62.672625,109.79054057467505,0.0,0.0,255.0,100.0,100.0,100.35433831756689,100.3901434238633,800.0,0.0,0.0,200.0,200.0,225.67583340707242,225.67583340707242,0.0,0.7853981633974483,282.842712474619,2506905.0,0.0,1.1809430032505985,-0.605373623073457,24.5775,2506905.0,1.0,0.0,0.0,135.0,200.0,1.0,1.000000000106614,1.0,./content/Images1/
946,noise 3 21947.0.png,40000.0,0.0,0.0,0.0,0.0,0.0,100.0,100.0,100.0,100.0,800.0,0.0,0.0,200.0,200.0,225.67583340707242,225.67583340707242,0.0,0.7853981633974483,282.842712474619,0.0,0.0,,,0.0,0.0,1.0,0.0,0.0,135.0,200.0,1.0,1.000000000106614,1.0,./content/Images1/
947,noise 3 21948.0.png,40000.0,0.0,0.0,0.0,0.0,0.0,100.0,100.0,100.0,100.0,800.0,0.0,0.0,200.0,200.0,225.67583340707242,225.67583340707242,0.0,0.7853981633974483,282.842712474619,0.0,0.0,,,0.0,0.0,1.0,0.0,0.0,135.0,200.0,1.0,1.000000000106614,1.0,./content/Images1/
948,noise 3 21949.0.png,40000.0,0.0,0.0,0.0,0.0,0.0,100.0,100.0,100.0,100.0,800.0,0.0,0.0,200.0,200.0,225.67583340707242,225.67583340707242,0.0,0.7853981633974483,282.842712474619,0.0,0.0,,,0.0,0.0,1.0,0.0,0.0,135.0,200.0,1.0,1.000000000106614,1.0,./content/Images1/
949,noise 3 21950.0.png,40000.0,0.0,0.0,0.0,0.0,0.0,100.0,100.0,100.0,100.0,800.0,0.0,0.0,200.0,200.0,225.67583340707242,225.67583340707242,0.0,0.7853981633974483,282.842712474619,0.0,0.0,,,0.0,0.0,1.0,0.0,0.0,135.0,200.0,1.0,1.000000000106614,1.0,./content/Images1/
950,noise 3 21951.0.png,40000.0,255.0,0.0,255.0,255.0,255.0,100.0,100.0,100.0,100.0,800.0,0.0,0.0,200.0,200.0,225.67583340707242,225.67583340707242,0.0,0.7853981633974483,282.842712474619,10200000.0,255.0,,,100.0,10200000.0,1.0,0.0,0.0,135.0,200.0,1.0,1.000000000106614,1.0,./content/Images1/
951,noise 3 21952.0.png,40000.0,106.953375,125.835138427869,0.0,0.0,255.0,100.0,100.0,100.00336770578768,100.41249925493234,800.0,0.0,0.0,200.0,200.0,225.67583340707242,225.67583340707242,0.0,0.7853981633974483,282.842712474619,4278135.0,0.0,0.32656827169790986,-1.8933531639202403,41.9425,4278135.0,1.0,0.0,0.0,135.0,200.0,1.0,1.000000000106614,1.0,./content/Images1/
952,noise 3 21953.0.png,40000.0,144.986625,126.29674072507699,255.0,0.0,255.0,100.0,100.0,100.3065778481291,99.84933825792551,800.0,0.0,0.0,200.0,200.0,225.67583340707242,225.67583340707242,0.0,0.7853981633974483,282.842712474619,5799465.0,255.0,-0.27691678322841884,-1.923317095166423,56.8575,5799465.0,1.0,0.0,0.0,135.0,200.0,1.0,1.000000000106614,1.0,./content/Images1/
953,noise 3 21954.0.png,40000.0,255.0,0.0,255.0,255.0,255.0,100.0,100.0,100.0,100.0,800.0,0.0,0.0,200.0,200.0,225.67583340707242,225.67583340707242,0.0,0.7853981633974483,282.842712474619,10200000.0,255.0,,,100.0,10200000.0,1.0,0.0,0.0,135.0,200.0,1.0,1.000000000106614,1.0,./content/Images1/
954,noise 3 21955.0.png,40000.0,255.0,0.0,255.0,255.0,255.0,100.0,100.0,100.0,100.0,800.0,0.0,0.0,200.0,200.0,225.67583340707242,225.67583340707242,0.0,0.7853981633974483,282.842712474619,10200000.0,255.0,,,100.0,10200000.0,1.0,0.0,0.0,135.0,200.0,1.0,1.000000000106614,1.0,./content/Images1/
955,noise 3 21956.0.png,40000.0,255.0,0.0,255.0,255.0,255.0,100.0,100.0,100.0,100.0,800.0,0.0,0.0,200.0,200.0,225.67583340707242,225.67583340707242,0.0,0.7853981633974483,282.842712474619,10200000.0,255.0,,,100.0,10200000.0,1.0,0.0,0.0,135.0,200.0,1.0,1.000000000106614,1.0,./content/Images1/
956,noise 3 21957.0.png,40000.0,255.0,0.0,255.0,255.0,255.0,100.0,100.0,100.0,100.0,800.0,0.0,0.0,200.0,200.0,225.67583340707242,225.67583340707242,0.0,0.7853981633974483,282.842712474619,10200000.0,255.0,,,100.0,10200000.0,1.0,0.0,0.0,135.0,200.0,1.0,1.000000000106614,1.0,./content/Images1/
957,noise 3 21958.0.png,40000.0,255.0,0.0,255.0,255.0,255.0,100.0,100.0,100.0,100.0,800.0,0.0,0.0,200.0,200.0,225.67583340707242,225.67583340707242,0.0,0.7853981633974483,282.842712474619,10200000.0,255.0,,,100.0,10200000.0,1.0,0.0,0.0,135.0,200.0,1.0,1.000000000106614,1.0,./content/Images1/
958,noise 3 21959.0.png,40000.0,255.0,0.0,255.0,255.0,255.0,100.0,100.0,100.0,100.0,800.0,0.0,0.0,200.0,200.0,225.67583340707242,225.67583340707242,0.0,0.7853981633974483,282.842712474619,10200000.0,255.0,,,100.0,10200000.0,1.0,0.0,0.0,135.0,200.0,1.0,1.000000000106614,1.0,./content/Images1/
959,noise 3 21960.0.png,40000.0,255.0,0.0,255.0,255.0,255.0,100.0,100.0,100.0,100.0,800.0,0.0,0.0,200.0,200.0,225.67583340707242,225.67583340707242,0.0,0.7853981633974483,282.842712474619,10200000.0,255.0,,,100.0,10200000.0,1.0,0.0,0.0,135.0,200.0,1.0,1.000000000106614,1.0,./content/Images1/
960,noise 3 21961.0.png,40000.0,0.0,0.0,0.0,0.0,0.0,100.0,100.0,100.0,100.0,800.0,0.0,0.0,200.0,200.0,225.67583340707242,225.67583340707242,0.0,0.7853981633974483,282.842712474619,0.0,0.0,,,0.0,0.0,1.0,0.0,0.0,135.0,200.0,1.0,1.000000000106614,1.0,./content/Images1/
961,noise 3 21962.0.png,40000.0,4.88325,34.948721790165216,0.0,0.0,255.0,100.0,100.0,99.66318537859007,101.54046997389034,800.0,0.0,0.0,200.0,200.0,225.67583340707242,225.67583340707242,0.0,0.7853981633974483,282.842712474619,195330.0,0.0,7.017039620179726,47.23884503117202,1.915,195330.0,1.0,0.0,0.0,135.0,200.0,1.0,1.000000000106614,1.0,./content/Images1/
962,noise 3 21963.0.png,40000.0,13.980375,58.04850541214554,0.0,0.0,255.0,100.0,100.0,100.81646146830825,101.41609667122663,800.0,0.0,0.0,200.0,200.0,225.67583340707242,225.67583340707242,0.0,0.7853981633974483,282.842712474619,559215.0,0.0,3.9112477820373686,13.297859212492234,5.4825,559215.0,1.0,0.0,0.0,135.0,200.0,1.0,1.000000000106614,1.0,./content/Images1/
963,noise 3 21964.0.png,40000.0,0.0,0.0,0.0,0.0,0.0,100.0,100.0,100.0,100.0,800.0,0.0,0.0,200.0,200.0,225.67583340707242,225.67583340707242,0.0,0.7853981633974483,282.842712474619,0.0,0.0,,,0.0,0.0,1.0,0.0,0.0,135.0,200.0,1.0,1.000000000106614,1.0,./content/Images1/
964,noise 3 21965.0.png,40000.0,255.0,0.0,255.0,255.0,255.0,100.0,100.0,100.0,100.0,800.0,0.0,0.0,200.0,200.0,225.67583340707242,225.67583340707242,0.0,0.7853981633974483,282.842712474619,10200000.0,255.0,,,100.0,10200000.0,1.0,0.0,0.0,135.0,200.0,1.0,1.000000000106614,1.0,./content/Images1/
965,noise 3 21966.0.png,40000.0,255.0,0.0,255.0,255.0,255.0,100.0,100.0,100.0,100.0,800.0,0.0,0.0,200.0,200.0,225.67583340707242,225.67583340707242,0.0,0.7853981633974483,282.842712474619,10200000.0,255.0,,,100.0,10200000.0,1.0,0.0,0.0,135.0,200.0,1.0,1.000000000106614,1.0,./content/Images1/
966,noise 3 21967.0.png,40000.0,0.0,0.0,0.0,0.0,0.0,100.0,100.0,100.0,100.0,800.0,0.0,0.0,200.0,200.0,225.67583340707242,225.67583340707242,0.0,0.7853981633974483,282.842712474619,0.0,0.0,,,0.0,0.0,1.0,0.0,0.0,135.0,200.0,1.0,1.000000000106614,1.0,./content/Images1/
967,noise 3 21968.0.png,40000.0,0.0,0.0,0.0,0.0,0.0,100.0,100.0,100.0,100.0,800.0,0.0,0.0,200.0,200.0,225.67583340707242,225.67583340707242,0.0,0.7853981633974483,282.842712474619,0.0,0.0,,,0.0,0.0,1.0,0.0,0.0,135.0,200.0,1.0,1.000000000106614,1.0,./content/Images1/
968,noise 3 21969.0.png,40000.0,0.0,0.0,0.0,0.0,0.0,100.0,100.0,100.0,100.0,800.0,0.0,0.0,200.0,200.0,225.67583340707242,225.67583340707242,0.0,0.7853981633974483,282.842712474619,0.0,0.0,,,0.0,0.0,1.0,0.0,0.0,135.0,200.0,1.0,1.000000000106614,1.0,./content/Images1/
969,noise 3 21970.0.png,40000.0,41.157,93.81554447376843,0.0,0.0,255.0,100.0,100.0,100.19563197026022,100.35951053283767,800.0,0.0,0.0,200.0,200.0,225.67583340707242,225.67583340707242,0.0,0.7853981633974483,282.842712474619,1646279.9999999998,0.0,1.8407201022401896,1.3882504947911354,16.14,1646279.9999999998,1.0,0.0,0.0,135.0,200.0,1.0,1.000000000106614,1.0,./content/Images1/
970,noise 3 21971.0.png,40000.0,0.0,0.0,0.0,0.0,0.0,100.0,100.0,100.0,100.0,800.0,0.0,0.0,200.0,200.0,225.67583340707242,225.67583340707242,0.0,0.7853981633974483,282.842712474619,0.0,0.0,,,0.0,0.0,1.0,0.0,0.0,135.0,200.0,1.0,1.000000000106614,1.0,./content/Images1/
971,noise 3 21972.0.png,40000.0,45.817125,97.8999363721597,0.0,0.0,255.0,100.0,100.0,100.28335884235425,99.24314734938082,800.0,0.0,0.0,200.0,200.0,225.67583340707242,225.67583340707242,0.0,0.7853981633974483,282.842712474619,1832685.0,0.0,1.6687221479811136,0.7846336071627005,17.9675,1832685.0,1.0,0.0,0.0,135.0,200.0,1.0,1.000000000106614,1.0,./content/Images1/
972,noise 3 21973.0.png,40000.0,255.0,0.0,255.0,255.0,255.0,100.0,100.0,100.0,100.0,800.0,0.0,0.0,200.0,200.0,225.67583340707242,225.67583340707242,0.0,0.7853981633974483,282.842712474619,10200000.0,255.0,,,100.0,10200000.0,1.0,0.0,0.0,135.0,200.0,1.0,1.000000000106614,1.0,./content/Images1/
973,noise 3 21974.0.png,40000.0,69.685125,113.63983931289832,0.0,0.0,255.0,100.0,100.0,100.31456408379837,99.64051779343153,800.0,0.0,0.0,200.0,200.0,225.67583340707242,225.67583340707242,0.0,0.7853981633974483,282.842712474619,2787405.0,0.0,1.0175233975876625,-0.9646461353616602,27.3275,2787405.0,1.0,0.0,0.0,135.0,200.0,1.0,1.000000000106614,1.0,./content/Images1/
974,noise 3 21975.0.png,40000.0,60.26925,108.33544973220548,0.0,0.0,255.0,100.0,100.0,101.40363867146182,97.84831817220224,800.0,0.0,0.0,200.0,200.0,225.67583340707242,225.67583340707242,0.0,0.7853981633974483,282.842712474619,2410770.0,0.0,1.241174344433376,-0.4594862467203793,23.635,2410770.0,1.0,0.0,0.0,135.0,200.0,1.0,1.000000000106614,1.0,./content/Images1/
975,noise 3 21976.0.png,40000.0,255.0,0.0,255.0,255.0,255.0,100.0,100.0,100.0,100.0,800.0,0.0,0.0,200.0,200.0,225.67583340707242,225.67583340707242,0.0,0.7853981633974483,282.842712474619,10200000.0,255.0,,,100.0,10200000.0,1.0,0.0,0.0,135.0,200.0,1.0,1.000000000106614,1.0,./content/Images1/
976,noise 3 21977.0.png,40000.0,255.0,0.0,255.0,255.0,255.0,100.0,100.0,100.0,100.0,800.0,0.0,0.0,200.0,200.0,225.67583340707242,225.67583340707242,0.0,0.7853981633974483,282.842712474619,10200000.0,255.0,,,100.0,10200000.0,1.0,0.0,0.0,135.0,200.0,1.0,1.000000000106614,1.0,./content/Images1/
977,noise 3 21978.0.png,40000.0,255.0,0.0,255.0,255.0,255.0,100.0,100.0,100.0,100.0,800.0,0.0,0.0,200.0,200.0,225.67583340707242,225.67583340707242,0.0,0.7853981633974483,282.842712474619,10200000.0,255.0,,,100.0,10200000.0,1.0,0.0,0.0,135.0,200.0,1.0,1.000000000106614,1.0,./content/Images1/
978,noise 3 21979.0.png,40000.0,25.8825,77.00832390591792,0.0,0.0,255.0,100.0,100.0,99.44261083743842,99.95246305418719,800.0,0.0,0.0,200.0,200.0,225.67583340707242,225.67583340707242,0.0,0.7853981633974483,282.842712474619,1035300.0,0.0,2.639163277120953,4.965182803303808,10.15,1035300.0,1.0,0.0,0.0,135.0,200.0,1.0,1.000000000106614,1.0,./content/Images1/
979,noise 3 21980.0.png,40000.0,16.58775,62.88737290171424,0.0,0.0,255.0,100.0,100.0,100.92159877017679,99.48462720983859,800.0,0.0,0.0,200.0,200.0,225.67583340707242,225.67583340707242,0.0,0.7853981633974483,282.842712474619,663510.0,0.0,3.5273738212110053,10.442366074564731,6.505,663510.0,1.0,0.0,0.0,135.0,200.0,1.0,1.000000000106614,1.0,./content/Images1/
980,noise 3 21981.0.png,40000.0,0.0,0.0,0.0,0.0,0.0,100.0,100.0,100.0,100.0,800.0,0.0,0.0,200.0,200.0,225.67583340707242,225.67583340707242,0.0,0.7853981633974483,282.842712474619,0.0,0.0,,,0.0,0.0,1.0,0.0,0.0,135.0,200.0,1.0,1.000000000106614,1.0,./content/Images1/
981,noise 3 21982.0.png,40000.0,255.0,0.0,255.0,255.0,255.0,100.0,100.0,100.0,100.0,800.0,0.0,0.0,200.0,200.0,225.67583340707242,225.67583340707242,0.0,0.7853981633974483,282.842712474619,10200000.0,255.0,,,100.0,10200000.0,1.0,0.0,0.0,135.0,200.0,1.0,1.000000000106614,1.0,./content/Images1/
982,noise 3 21983.0.png,40000.0,130.0245,127.47659846743997,255.0,0.0,255.0,100.0,100.0,100.1526279662679,99.60835457932929,800.0,0.0,0.0,200.0,200.0,225.67583340707242,225.67583340707242,0.0,0.7853981633974483,282.842712474619,5200980.0,255.0,-0.03960776467512216,-1.9984312249774416,50.99,5200980.0,1.0,0.0,0.0,135.0,200.0,1.0,1.000000000106614,1.0,./content/Images1/
983,noise 3 21984.0.png,40000.0,0.0,0.0,0.0,0.0,0.0,100.0,100.0,100.0,100.0,800.0,0.0,0.0,200.0,200.0,225.67583340707242,225.67583340707242,0.0,0.7853981633974483,282.842712474619,0.0,0.0,,,0.0,0.0,1.0,0.0,0.0,135.0,200.0,1.0,1.000000000106614,1.0,./content/Images1/
984,noise 3 21985.0.png,40000.0,255.0,0.0,255.0,255.0,255.0,100.0,100.0,100.0,100.0,800.0,0.0,0.0,200.0,200.0,225.67583340707242,225.67583340707242,0.0,0.7853981633974483,282.842712474619,10200000.0,255.0,,,100.0,10200000.0,1.0,0.0,0.0,135.0,200.0,1.0,1.000000000106614,1.0,./content/Images1/
985,noise 3 21986.0.png,40000.0,15.880125,61.62262927444221,0.0,0.0,255.0,100.0,100.0,100.85568044961863,100.46668004817343,800.0,0.0,0.0,200.0,200.0,225.67583340707242,225.67583340707242,0.0,0.7853981633974483,282.842712474619,635205.0,0.0,3.6227363742459944,11.124218837285015,6.2275,635205.0,1.0,0.0,0.0,135.0,200.0,1.0,1.000000000106614,1.0,./content/Images1/
986,noise 3 21987.0.png,40000.0,0.0,0.0,0.0,0.0,0.0,100.0,100.0,100.0,100.0,800.0,0.0,0.0,200.0,200.0,225.67583340707242,225.67583340707242,0.0,0.7853981633974483,282.842712474619,0.0,0.0,,,0.0,0.0,1.0,0.0,0.0,135.0,200.0,1.0,1.000000000106614,1.0,./content/Images1/
987,noise 3 21988.0.png,40000.0,14.80275,59.62942842385674,0.0,0.0,255.0,100.0,100.0,101.70542635658914,101.15633074935401,800.0,0.0,0.0,200.0,200.0,225.67583340707242,225.67583340707242,0.0,0.7853981633974483,282.842712474619,592110.0,0.0,3.7799677682957675,12.288156329354882,5.805,592110.0,1.0,0.0,0.0,135.0,200.0,1.0,1.000000000106614,1.0,./content/Images1/
988,noise 3 21989.0.png,40000.0,255.0,0.0,255.0,255.0,255.0,100.0,100.0,100.0,100.0,800.0,0.0,0.0,200.0,200.0,225.67583340707242,225.67583340707242,0.0,0.7853981633974483,282.842712474619,10200000.0,255.0,,,100.0,10200000.0,1.0,0.0,0.0,135.0,200.0,1.0,1.000000000106614,1.0,./content/Images1/
989,noise 3 21990.0.png,40000.0,255.0,0.0,255.0,255.0,255.0,100.0,100.0,100.0,100.0,800.0,0.0,0.0,200.0,200.0,225.67583340707242,225.67583340707242,0.0,0.7853981633974483,282.842712474619,10200000.0,255.0,,,100.0,10200000.0,1.0,0.0,0.0,135.0,200.0,1.0,1.000000000106614,1.0,./content/Images1/
990,noise 3 21991.0.png,40000.0,255.0,0.0,255.0,255.0,255.0,100.0,100.0,100.0,100.0,800.0,0.0,0.0,200.0,200.0,225.67583340707242,225.67583340707242,0.0,0.7853981633974483,282.842712474619,10200000.0,255.0,,,100.0,10200000.0,1.0,0.0,0.0,135.0,200.0,1.0,1.000000000106614,1.0,./content/Images1/
991,noise 3 21992.0.png,40000.0,231.65475,73.54028322469883,255.0,0.0,255.0,100.0,100.0,99.82618746216082,100.02782211459079,800.0,0.0,0.0,200.0,200.0,225.67583340707242,225.67583340707242,0.0,0.7853981633974483,282.842712474619,9266190.0,255.0,-2.8326258042967583,6.023768947167795,90.845,9266190.0,1.0,0.0,0.0,135.0,200.0,1.0,1.000000000106614,1.0,./content/Images1/
992,noise 3 21993.0.png,40000.0,83.569875,119.69441209301098,0.0,0.0,255.0,100.0,100.0,100.53432756121748,100.32348005187276,800.0,0.0,0.0,200.0,200.0,225.67583340707242,225.67583340707242,0.0,0.7853981633974483,282.842712474619,3342795.0,0.0,0.7340472018480126,-1.4611747054591036,32.7725,3342795.0,1.0,0.0,0.0,135.0,200.0,1.0,1.000000000106614,1.0,./content/Images1/
993,noise 3 21994.0.png,40000.0,255.0,0.0,255.0,255.0,255.0,100.0,100.0,100.0,100.0,800.0,0.0,0.0,200.0,200.0,225.67583340707242,225.67583340707242,0.0,0.7853981633974483,282.842712474619,10200000.0,255.0,,,100.0,10200000.0,1.0,0.0,0.0,135.0,200.0,1.0,1.000000000106614,1.0,./content/Images1/
994,noise 3 21995.0.png,40000.0,218.3055,89.50313648155579,255.0,0.0,255.0,100.0,100.0,99.81882957598411,100.50438032940077,800.0,0.0,0.0,200.0,200.0,225.67583340707242,225.67583340707242,0.0,0.7853981633974483,282.842712474619,8732220.0,255.0,-2.0291274397684647,2.117358166821277,85.61,8732220.0,1.0,0.0,0.0,135.0,200.0,1.0,1.000000000106614,1.0,./content/Images1/
995,noise 3 21996.0.png,40000.0,255.0,0.0,255.0,255.0,255.0,100.0,100.0,100.0,100.0,800.0,0.0,0.0,200.0,200.0,225.67583340707242,225.67583340707242,0.0,0.7853981633974483,282.842712474619,10200000.0,255.0,,,100.0,10200000.0,1.0,0.0,0.0,135.0,200.0,1.0,1.000000000106614,1.0,./content/Images1/
996,noise 3 21997.0.png,40000.0,255.0,0.0,255.0,255.0,255.0,100.0,100.0,100.0,100.0,800.0,0.0,0.0,200.0,200.0,225.67583340707242,225.67583340707242,0.0,0.7853981633974483,282.842712474619,10200000.0,255.0,,,100.0,10200000.0,1.0,0.0,0.0,135.0,200.0,1.0,1.000000000106614,1.0,./content/Images1/
997,noise 3 21998.0.png,40000.0,140.913,126.79409824429423,255.0,0.0,255.0,100.0,100.0,99.86825913861745,100.4194715888527,800.0,0.0,0.0,200.0,200.0,225.67583340707242,225.67583340707242,0.0,0.7853981633974483,282.842712474619,5636520.0,255.0,-0.21157400622544087,-1.9552364398897195,55.26,5636520.0,1.0,0.0,0.0,135.0,200.0,1.0,1.000000000106614,1.0,./content/Images1/
998,noise 3 21999.0.png,40000.0,0.0,0.0,0.0,0.0,0.0,100.0,100.0,100.0,100.0,800.0,0.0,0.0,200.0,200.0,225.67583340707242,225.67583340707242,0.0,0.7853981633974483,282.842712474619,0.0,0.0,,,0.0,0.0,1.0,0.0,0.0,135.0,200.0,1.0,1.000000000106614,1.0,./content/Images1/
999,noise 3 22000.0.png,40000.0,255.0,0.0,255.0,255.0,255.0,100.0,100.0,100.0,100.0,800.0,0.0,0.0,200.0,200.0,225.67583340707242,225.67583340707242,0.0,0.7853981633974483,282.842712474619,10200000.0,255.0,,,100.0,10200000.0,1.0,0.0,0.0,135.0,200.0,1.0,1.000000000106614,1.0,./content/Images1/
1000,noise 3 22001.0.png,40000.0,0.0,0.0,0.0,0.0,0.0,100.0,100.0,100.0,100.0,800.0,0.0,0.0,200.0,200.0,225.67583340707242,225.67583340707242,0.0,0.7853981633974483,282.842712474619,0.0,0.0,,,0.0,0.0,1.0,0.0,0.0,135.0,200.0,1.0,1.000000000106614,1.0,./content/Images1/
1001,noise 3 22002.0.png,40000.0,255.0,0.0,255.0,255.0,255.0,100.0,100.0,100.0,100.0,800.0,0.0,0.0,200.0,200.0,225.67583340707242,225.67583340707242,0.0,0.7853981633974483,282.842712474619,10200000.0,255.0,,,100.0,10200000.0,1.0,0.0,0.0,135.0,200.0,1.0,1.000000000106614,1.0,./content/Images1/
1002,noise 3 22003.0.png,40000.0,139.465875,126.93884619079843,255.0,0.0,255.0,100.0,100.0,100.34508844905609,99.80497783059835,800.0,0.0,0.0,200.0,200.0,225.67583340707242,225.67583340707242,0.0,0.7853981633974483,282.842712474619,5578635.0,255.0,-0.18853211503523964,-1.9644556416003425,54.6925,5578635.0,1.0,0.0,0.0,135.0,200.0,1.0,1.000000000106614,1.0,./content/Images1/
1003,noise 3 22004.0.png,40000.0,11.417625,52.73710026540125,0.0,0.0,255.0,100.0,100.0,101.84952540480178,101.9785036292574,800.0,0.0,0.0,200.0,200.0,225.67583340707242,225.67583340707242,0.0,0.7853981633974483,282.842712474619,456704.99999999994,0.0,4.402359078246587,17.380765453820146,4.4775,456704.99999999994,1.0,0.0,0.0,135.0,200.0,1.0,1.000000000106614,1.0,./content/Images1/
1004,noise 3 22005.0.png,40000.0,0.0,0.0,0.0,0.0,0.0,100.0,100.0,100.0,100.0,800.0,0.0,0.0,200.0,200.0,225.67583340707242,225.67583340707242,0.0,0.7853981633974483,282.842712474619,0.0,0.0,,,0.0,0.0,1.0,0.0,0.0,135.0,200.0,1.0,1.000000000106614,1.0,./content/Images1/
1005,noise 3 22006.0.png,40000.0,0.0,0.0,0.0,0.0,0.0,100.0,100.0,100.0,100.0,800.0,0.0,0.0,200.0,200.0,225.67583340707242,225.67583340707242,0.0,0.7853981633974483,282.842712474619,0.0,0.0,,,0.0,0.0,1.0,0.0,0.0,135.0,200.0,1.0,1.000000000106614,1.0,./content/Images1/
1006,noise 3 22007.0.png,40000.0,255.0,0.0,255.0,255.0,255.0,100.0,100.0,100.0,100.0,800.0,0.0,0.0,200.0,200.0,225.67583340707242,225.67583340707242,0.0,0.7853981633974483,282.842712474619,10200000.0,255.0,,,100.0,10200000.0,1.0,0.0,0.0,135.0,200.0,1.0,1.000000000106614,1.0,./content/Images1/
1007,noise 3 22008.0.png,40000.0,0.0,0.0,0.0,0.0,0.0,100.0,100.0,100.0,100.0,800.0,0.0,0.0,200.0,200.0,225.67583340707242,225.67583340707242,0.0,0.7853981633974483,282.842712474619,0.0,0.0,,,0.0,0.0,1.0,0.0,0.0,135.0,200.0,1.0,1.000000000106614,1.0,./content/Images1/
1008,noise 3 22009.0.png,40000.0,89.460375,121.69472942588199,0.0,0.0,255.0,100.0,100.0,100.0614622675123,100.12067982612413,800.0,0.0,0.0,200.0,200.0,225.67583340707242,225.67583340707242,0.0,0.7853981633974483,282.842712474619,3578415.0,0.0,0.6251725228149093,-1.6091593167172416,35.0825,3578415.0,1.0,0.0,0.0,135.0,200.0,1.0,1.000000000106614,1.0,./content/Images1/
1009,noise 3 22010.0.png,40000.0,255.0,0.0,255.0,255.0,255.0,100.0,100.0,100.0,100.0,800.0,0.0,0.0,200.0,200.0,225.67583340707242,225.67583340707242,0.0,0.7853981633974483,282.842712474619,10200000.0,255.0,,,100.0,10200000.0,1.0,0.0,0.0,135.0,200.0,1.0,1.000000000106614,1.0,./content/Images1/
1010,noise 3 22011.0.png,40000.0,255.0,0.0,255.0,255.0,255.0,100.0,100.0,100.0,100.0,800.0,0.0,0.0,200.0,200.0,225.67583340707242,225.67583340707242,0.0,0.7853981633974483,282.842712474619,10200000.0,255.0,,,100.0,10200000.0,1.0,0.0,0.0,135.0,200.0,1.0,1.000000000106614,1.0,./content/Images1/
1011,noise 3 22012.0.png,40000.0,5.8905,38.30686877251753,0.0,0.0,255.0,100.0,100.0,99.17316017316017,99.76948051948052,800.0,0.0,0.0,200.0,200.0,225.67583340707242,225.67583340707242,0.0,0.7853981633974483,282.842712474619,235620.0,0.0,6.349306223352827,38.31368951790694,2.31,235620.0,1.0,0.0,0.0,135.0,200.0,1.0,1.000000000106614,1.0,./content/Images1/
1012,noise 3 22013.0.png,40000.0,255.0,0.0,255.0,255.0,255.0,100.0,100.0,100.0,100.0,800.0,0.0,0.0,200.0,200.0,225.67583340707242,225.67583340707242,0.0,0.7853981633974483,282.842712474619,10200000.0,255.0,,,100.0,10200000.0,1.0,0.0,0.0,135.0,200.0,1.0,1.000000000106614,1.0,./content/Images1/
1013,noise 3 22014.0.png,40000.0,255.0,0.0,255.0,255.0,255.0,100.0,100.0,100.0,100.0,800.0,0.0,0.0,200.0,200.0,225.67583340707242,225.67583340707242,0.0,0.7853981633974483,282.842712474619,10200000.0,255.0,,,100.0,10200000.0,1.0,0.0,0.0,135.0,200.0,1.0,1.000000000106614,1.0,./content/Images1/
1014,noise 3 22015.0.png,40000.0,255.0,0.0,255.0,255.0,255.0,100.0,100.0,100.0,100.0,800.0,0.0,0.0,200.0,200.0,225.67583340707242,225.67583340707242,0.0,0.7853981633974483,282.842712474619,10200000.0,255.0,,,100.0,10200000.0,1.0,0.0,0.0,135.0,200.0,1.0,1.000000000106614,1.0,./content/Images1/
1015,noise 3 22016.0.png,40000.0,56.34225,105.7974689798795,0.0,0.0,255.0,100.0,100.0,99.88617334238515,100.4194387870559,800.0,0.0,0.0,200.0,200.0,225.67583340707242,225.67583340707242,0.0,0.7853981633974483,282.842712474619,2253690.0,0.0,1.345186046030758,-0.19047450156413515,22.095,2253690.0,1.0,0.0,0.0,135.0,200.0,1.0,1.000000000106614,1.0,./content/Images1/
1016,noise 3 22017.0.png,40000.0,42.616875,95.13848523872299,0.0,0.0,255.0,100.0,100.0,99.76551982049364,99.60471204188482,800.0,0.0,0.0,200.0,200.0,225.67583340707242,225.67583340707242,0.0,0.7853981633974483,282.842712474619,1704675.0,0.0,1.7844342559367987,1.1842056137607164,16.7125,1704675.0,1.0,0.0,0.0,135.0,200.0,1.0,1.000000000106614,1.0,./content/Images1/
1017,noise 3 22018.0.png,40000.0,255.0,0.0,255.0,255.0,255.0,100.0,100.0,100.0,100.0,800.0,0.0,0.0,200.0,200.0,225.67583340707242,225.67583340707242,0.0,0.7853981633974483,282.842712474619,10200000.0,255.0,,,100.0,10200000.0,1.0,0.0,0.0,135.0,200.0,1.0,1.000000000106614,1.0,./content/Images1/
1018,noise 3 22019.0.png,40000.0,0.0,0.0,0.0,0.0,0.0,100.0,100.0,100.0,100.0,800.0,0.0,0.0,200.0,200.0,225.67583340707242,225.67583340707242,0.0,0.7853981633974483,282.842712474619,0.0,0.0,,,0.0,0.0,1.0,0.0,0.0,135.0,200.0,1.0,1.000000000106614,1.0,./content/Images1/
1019,noise 3 22020.0.png,40000.0,78.17025,117.57198367052035,0.0,0.0,255.0,100.0,100.0,99.70127222312837,100.58522263904746,800.0,0.0,0.0,200.0,200.0,225.67583340707242,225.67583340707242,0.0,0.7853981633974483,282.842712474619,3126810.0,0.0,0.8391517280456646,-1.2958243773179752,30.655,3126810.0,1.0,0.0,0.0,135.0,200.0,1.0,1.000000000106614,1.0,./content/Images1/
1020,noise 3 22021.0.png,40000.0,0.0,0.0,0.0,0.0,0.0,100.0,100.0,100.0,100.0,800.0,0.0,0.0,200.0,200.0,225.67583340707242,225.67583340707242,0.0,0.7853981633974483,282.842712474619,0.0,0.0,,,0.0,0.0,1.0,0.0,0.0,135.0,200.0,1.0,1.000000000106614,1.0,./content/Images1/
1021,noise 3 22022.0.png,40000.0,255.0,0.0,255.0,255.0,255.0,100.0,100.0,100.0,100.0,800.0,0.0,0.0,200.0,200.0,225.67583340707242,225.67583340707242,0.0,0.7853981633974483,282.842712474619,10200000.0,255.0,,,100.0,10200000.0,1.0,0.0,0.0,135.0,200.0,1.0,1.000000000106614,1.0,./content/Images1/
1022,noise 3 22023.0.png,40000.0,0.0,0.0,0.0,0.0,0.0,100.0,100.0,100.0,100.0,800.0,0.0,0.0,200.0,200.0,225.67583340707242,225.67583340707242,0.0,0.7853981633974483,282.842712474619,0.0,0.0,,,0.0,0.0,1.0,0.0,0.0,135.0,200.0,1.0,1.000000000106614,1.0,./content/Images1/
1023,noise 3 22024.0.png,40000.0,0.0,0.0,0.0,0.0,0.0,100.0,100.0,100.0,100.0,800.0,0.0,0.0,200.0,200.0,225.67583340707242,225.67583340707242,0.0,0.7853981633974483,282.842712474619,0.0,0.0,,,0.0,0.0,1.0,0.0,0.0,135.0,200.0,1.0,1.000000000106614,1.0,./content/Images1/
1024,noise 3 22025.0.png,40000.0,0.0,0.0,0.0,0.0,0.0,100.0,100.0,100.0,100.0,800.0,0.0,0.0,200.0,200.0,225.67583340707242,225.67583340707242,0.0,0.7853981633974483,282.842712474619,0.0,0.0,,,0.0,0.0,1.0,0.0,0.0,135.0,200.0,1.0,1.000000000106614,1.0,./content/Images1/
1025,noise 3 22026.0.png,40000.0,0.0,0.0,0.0,0.0,0.0,100.0,100.0,100.0,100.0,800.0,0.0,0.0,200.0,200.0,225.67583340707242,225.67583340707242,0.0,0.7853981633974483,282.842712474619,0.0,0.0,,,0.0,0.0,1.0,0.0,0.0,135.0,200.0,1.0,1.000000000106614,1.0,./content/Images1/
1026,noise 3 22027.0.png,40000.0,153.08925,124.90728693793552,255.0,0.0,255.0,100.0,100.0,101.2791704838844,99.63104855500958,800.0,0.0,0.0,200.0,200.0,225.67583340707242,225.67583340707242,0.0,0.7853981633974483,282.842712474619,6123570.0,255.0,-0.40973702173737414,-1.8321155730177892,60.035,6123570.0,1.0,0.0,0.0,135.0,200.0,1.0,1.000000000106614,1.0,./content/Images1/
1027,noise 3 22028.0.png,40000.0,218.222625,89.58714170855303,255.0,0.0,255.0,100.0,100.0,100.04000759545441,99.27529140252987,800.0,0.0,0.0,200.0,200.0,225.67583340707242,225.67583340707242,0.0,0.7853981633974483,282.842712474619,8728905.0,255.0,-2.025374564336931,2.1021421258629847,85.5775,8728905.0,1.0,0.0,0.0,135.0,200.0,1.0,1.000000000106614,1.0,./content/Images1/
1028,noise 3 22029.0.png,40000.0,255.0,0.0,255.0,255.0,255.0,100.0,100.0,100.0,100.0,800.0,0.0,0.0,200.0,200.0,225.67583340707242,225.67583340707242,0.0,0.7853981633974483,282.842712474619,10200000.0,255.0,,,100.0,10200000.0,1.0,0.0,0.0,135.0,200.0,1.0,1.000000000106614,1.0,./content/Images1/
1029,noise 3 22030.0.png,40000.0,46.620375,98.5645937156834,0.0,0.0,255.0,100.0,100.0,100.08621632708875,99.87207712293177,800.0,0.0,0.0,200.0,200.0,225.67583340707242,225.67583340707242,0.0,0.7853981633974483,282.842712474619,1864815.0,0.0,1.6411701801881315,0.6934395603387453,18.2825,1864815.0,1.0,0.0,0.0,135.0,200.0,1.0,1.000000000106614,1.0,./content/Images1/
1030,noise 3 22031.0.png,40000.0,255.0,0.0,255.0,255.0,255.0,100.0,100.0,100.0,100.0,800.0,0.0,0.0,200.0,200.0,225.67583340707242,225.67583340707242,0.0,0.7853981633974483,282.842712474619,10200000.0,255.0,,,100.0,10200000.0,1.0,0.0,0.0,135.0,200.0,1.0,1.000000000106614,1.0,./content/Images1/
1031,noise 3 22032.0.png,40000.0,0.0,0.0,0.0,0.0,0.0,100.0,100.0,100.0,100.0,800.0,0.0,0.0,200.0,200.0,225.67583340707242,225.67583340707242,0.0,0.7853981633974483,282.842712474619,0.0,0.0,,,0.0,0.0,1.0,0.0,0.0,135.0,200.0,1.0,1.000000000106614,1.0,./content/Images1/
1032,noise 3 22033.0.png,40000.0,255.0,0.0,255.0,255.0,255.0,100.0,100.0,100.0,100.0,800.0,0.0,0.0,200.0,200.0,225.67583340707242,225.67583340707242,0.0,0.7853981633974483,282.842712474619,10200000.0,255.0,,,100.0,10200000.0,1.0,0.0,0.0,135.0,200.0,1.0,1.000000000106614,1.0,./content/Images1/
1033,noise 3 22034.0.png,40000.0,255.0,0.0,255.0,255.0,255.0,100.0,100.0,100.0,100.0,800.0,0.0,0.0,200.0,200.0,225.67583340707242,225.67583340707242,0.0,0.7853981633974483,282.842712474619,10200000.0,255.0,,,100.0,10200000.0,1.0,0.0,0.0,135.0,200.0,1.0,1.000000000106614,1.0,./content/Images1/
1034,noise 3 22035.0.png,40000.0,255.0,0.0,255.0,255.0,255.0,100.0,100.0,100.0,100.0,800.0,0.0,0.0,200.0,200.0,225.67583340707242,225.67583340707242,0.0,0.7853981633974483,282.842712474619,10200000.0,255.0,,,100.0,10200000.0,1.0,0.0,0.0,135.0,200.0,1.0,1.000000000106614,1.0,./content/Images1/
1035,noise 3 22036.0.png,40000.0,124.229625,127.45964379512162,0.0,0.0,255.0,100.0,100.0,100.11276748601632,99.72902447785704,800.0,0.0,0.0,200.0,200.0,225.67583340707242,225.67583340707242,0.0,0.7853981633974483,282.842712474619,4969185.0,0.0,0.051316884043876534,-1.9973665774120268,48.7175,4969185.0,1.0,0.0,0.0,135.0,200.0,1.0,1.000000000106614,1.0,./content/Images1/
1036,noise 3 22037.0.png,40000.0,255.0,0.0,255.0,255.0,255.0,100.0,100.0,100.0,100.0,800.0,0.0,0.0,200.0,200.0,225.67583340707242,225.67583340707242,0.0,0.7853981633974483,282.842712474619,10200000.0,255.0,,,100.0,10200000.0,1.0,0.0,0.0,135.0,200.0,1.0,1.000000000106614,1.0,./content/Images1/
1037,noise 3 22038.0.png,40000.0,151.8015,125.16420714293182,255.0,0.0,255.0,100.0,100.0,100.48937510498908,99.34570804636317,800.0,0.0,0.0,200.0,200.0,225.67583340707242,225.67583340707242,0.0,0.7853981633974483,282.842712474619,6072060.0,255.0,-0.3883187427008453,-1.849208554067233,59.53,6072060.0,1.0,0.0,0.0,135.0,200.0,1.0,1.000000000106614,1.0,./content/Images1/
1038,noise 3 22039.0.png,40000.0,255.0,0.0,255.0,255.0,255.0,100.0,100.0,100.0,100.0,800.0,0.0,0.0,200.0,200.0,225.67583340707242,225.67583340707242,0.0,0.7853981633974483,282.842712474619,10200000.0,255.0,,,100.0,10200000.0,1.0,0.0,0.0,135.0,200.0,1.0,1.000000000106614,1.0,./content/Images1/
1039,noise 3 22040.0.png,40000.0,0.0,0.0,0.0,0.0,0.0,100.0,100.0,100.0,100.0,800.0,0.0,0.0,200.0,200.0,225.67583340707242,225.67583340707242,0.0,0.7853981633974483,282.842712474619,0.0,0.0,,,0.0,0.0,1.0,0.0,0.0,135.0,200.0,1.0,1.000000000106614,1.0,./content/Images1/
1040,noise 3 22041.0.png,40000.0,116.2545,127.00469276585655,0.0,0.0,255.0,100.0,100.0,100.89751041895153,100.56706514586533,800.0,0.0,0.0,200.0,200.0,225.67583340707242,225.67583340707242,0.0,0.7853981633974483,282.842712474619,4650180.0,0.0,0.17709015826868674,-1.968639075844371,45.59,4650180.0,1.0,0.0,0.0,135.0,200.0,1.0,1.000000000106614,1.0,./content/Images1/
1041,noise 3 22042.0.png,40000.0,106.137375,125.6991776432562,0.0,0.0,255.0,100.0,100.0,100.21559853444651,99.9896390173584,800.0,0.0,0.0,200.0,200.0,225.67583340707242,225.67583340707242,0.0,0.7853981633974483,282.842712474619,4245495.0,0.0,0.3399050405635743,-1.8844645633994754,41.6225,4245495.0,1.0,0.0,0.0,135.0,200.0,1.0,1.000000000106614,1.0,./content/Images1/
1042,noise 3 22043.0.png,40000.0,0.0,0.0,0.0,0.0,0.0,100.0,100.0,100.0,100.0,800.0,0.0,0.0,200.0,200.0,225.67583340707242,225.67583340707242,0.0,0.7853981633974483,282.842712474619,0.0,0.0,,,0.0,0.0,1.0,0.0,0.0,135.0,200.0,1.0,1.000000000106614,1.0,./content/Images1/
1043,noise 3 22044.0.png,40000.0,66.6825,112.06157074858876,0.0,0.0,255.0,100.0,100.0,99.98298279158699,100.22208413001913,800.0,0.0,0.0,200.0,200.0,225.67583340707242,225.67583340707242,0.0,0.7853981633974483,282.842712474619,2667300.0,0.0,1.0854436507846346,-0.8218120809713239,26.15,2667300.0,1.0,0.0,0.0,135.0,200.0,1.0,1.000000000106614,1.0,./content/Images1/
1044,noise 3 22045.0.png,40000.0,0.0,0.0,0.0,0.0,0.0,100.0,100.0,100.0,100.0,800.0,0.0,0.0,200.0,200.0,225.67583340707242,225.67583340707242,0.0,0.7853981633974483,282.842712474619,0.0,0.0,,,0.0,0.0,1.0,0.0,0.0,135.0,200.0,1.0,1.000000000106614,1.0,./content/Images1/
1045,noise 3 22046.0.png,40000.0,0.0,0.0,0.0,0.0,0.0,100.0,100.0,100.0,100.0,800.0,0.0,0.0,200.0,200.0,225.67583340707242,225.67583340707242,0.0,0.7853981633974483,282.842712474619,0.0,0.0,,,0.0,0.0,1.0,0.0,0.0,135.0,200.0,1.0,1.000000000106614,1.0,./content/Images1/
1046,noise 3 22047.0.png,40000.0,255.0,0.0,255.0,255.0,255.0,100.0,100.0,100.0,100.0,800.0,0.0,0.0,200.0,200.0,225.67583340707242,225.67583340707242,0.0,0.7853981633974483,282.842712474619,10200000.0,255.0,,,100.0,10200000.0,1.0,0.0,0.0,135.0,200.0,1.0,1.000000000106614,1.0,./content/Images1/
1047,noise 3 22048.0.png,40000.0,131.3505,127.44343723979037,255.0,0.0,255.0,100.0,100.0,100.22801397786837,99.92821782178218,800.0,0.0,0.0,200.0,200.0,225.67583340707242,225.67583340707242,0.0,0.7853981633974483,282.842712474619,5254020.0,255.0,-0.06042756246298485,-1.9963485096947822,51.51,5254020.0,1.0,0.0,0.0,135.0,200.0,1.0,1.000000000106614,1.0,./content/Images1/
1048,noise 3 22049.0.png,40000.0,0.0,0.0,0.0,0.0,0.0,100.0,100.0,100.0,100.0,800.0,0.0,0.0,200.0,200.0,225.67583340707242,225.67583340707242,0.0,0.7853981633974483,282.842712474619,0.0,0.0,,,0.0,0.0,1.0,0.0,0.0,135.0,200.0,1.0,1.000000000106614,1.0,./content/Images1/
1049,noise 3 22050.0.png,40000.0,59.166375,107.64318543569604,0.0,0.0,255.0,100.0,100.0,100.16770822109686,99.73294903566426,800.0,0.0,0.0,200.0,200.0,225.67583340707242,225.67583340707242,0.0,0.7853981633974483,282.842712474619,2366655.0,0.0,1.2696480303836832,-0.38799387894283344,23.2025,2366655.0,1.0,0.0,0.0,135.0,200.0,1.0,1.000000000106614,1.0,./content/Images1/
1050,noise 3 22051.0.png,40000.0,255.0,0.0,255.0,255.0,255.0,100.0,100.0,100.0,100.0,800.0,0.0,0.0,200.0,200.0,225.67583340707242,225.67583340707242,0.0,0.7853981633974483,282.842712474619,10200000.0,255.0,,,100.0,10200000.0,1.0,0.0,0.0,135.0,200.0,1.0,1.000000000106614,1.0,./content/Images1/
1051,noise 3 22052.0.png,40000.0,255.0,0.0,255.0,255.0,255.0,100.0,100.0,100.0,100.0,800.0,0.0,0.0,200.0,200.0,225.67583340707242,225.67583340707242,0.0,0.7853981633974483,282.842712474619,10200000.0,255.0,,,100.0,10200000.0,1.0,0.0,0.0,135.0,200.0,1.0,1.000000000106614,1.0,./content/Images1/
1052,noise 3 22053.0.png,40000.0,255.0,0.0,255.0,255.0,255.0,100.0,100.0,100.0,100.0,800.0,0.0,0.0,200.0,200.0,225.67583340707242,225.67583340707242,0.0,0.7853981633974483,282.842712474619,10200000.0,255.0,,,100.0,10200000.0,1.0,0.0,0.0,135.0,200.0,1.0,1.000000000106614,1.0,./content/Images1/
1053,noise 3 22054.0.png,40000.0,8.75925,46.44284888863755,0.0,0.0,255.0,100.0,100.0,101.14847161572052,99.57278020378457,800.0,0.0,0.0,200.0,200.0,225.67583340707242,225.67583340707242,0.0,0.7853981633974483,282.842712474619,350370.0,0.0,5.113477623731918,24.14765340840702,3.435,350370.0,1.0,0.0,0.0,135.0,200.0,1.0,1.000000000106614,1.0,./content/Images1/
1054,noise 3 22055.0.png,40000.0,255.0,0.0,255.0,255.0,255.0,100.0,100.0,100.0,100.0,800.0,0.0,0.0,200.0,200.0,225.67583340707242,225.67583340707242,0.0,0.7853981633974483,282.842712474619,10200000.0,255.0,,,100.0,10200000.0,1.0,0.0,0.0,135.0,200.0,1.0,1.000000000106614,1.0,./content/Images1/
1055,noise 3 22056.0.png,40000.0,255.0,0.0,255.0,255.0,255.0,100.0,100.0,100.0,100.0,800.0,0.0,0.0,200.0,200.0,225.67583340707242,225.67583340707242,0.0,0.7853981633974483,282.842712474619,10200000.0,255.0,,,100.0,10200000.0,1.0,0.0,0.0,135.0,200.0,1.0,1.000000000106614,1.0,./content/Images1/
1056,noise 3 22057.0.png,40000.0,28.579125,80.44297524359119,0.0,0.0,255.0,100.0,100.0,100.16763328128485,100.9211465536471,800.0,0.0,0.0,200.0,200.0,225.67583340707242,225.67583340707242,0.0,0.7853981633974483,282.842712474619,1143165.0,0.0,2.4594344312744347,4.048817721738201,11.2075,1143165.0,1.0,0.0,0.0,135.0,200.0,1.0,1.000000000106614,1.0,./content/Images1/
1057,noise 3 22058.0.png,40000.0,0.0,0.0,0.0,0.0,0.0,100.0,100.0,100.0,100.0,800.0,0.0,0.0,200.0,200.0,225.67583340707242,225.67583340707242,0.0,0.7853981633974483,282.842712474619,0.0,0.0,,,0.0,0.0,1.0,0.0,0.0,135.0,200.0,1.0,1.000000000106614,1.0,./content/Images1/
1058,noise 3 22059.0.png,40000.0,255.0,0.0,255.0,255.0,255.0,100.0,100.0,100.0,100.0,800.0,0.0,0.0,200.0,200.0,225.67583340707242,225.67583340707242,0.0,0.7853981633974483,282.842712474619,10200000.0,255.0,,,100.0,10200000.0,1.0,0.0,0.0,135.0,200.0,1.0,1.000000000106614,1.0,./content/Images1/
1059,noise 3 22060.0.png,40000.0,49.514625,100.87014253856672,0.0,0.0,255.0,100.0,100.0,100.25653405433243,100.38064889918887,800.0,0.0,0.0,200.0,200.0,225.67583340707242,225.67583340707242,0.0,0.7853981633974483,282.842712474619,1980585.0,0.0,1.5462722243234337,0.39095779171413936,19.4175,1980585.0,1.0,0.0,0.0,135.0,200.0,1.0,1.000000000106614,1.0,./content/Images1/
1060,noise 3 22061.0.png,40000.0,43.139625,95.6023306462766,0.0,0.0,255.0,100.0,100.0,100.35089404462835,99.96977981380228,800.0,0.0,0.0,200.0,200.0,225.67583340707242,225.67583340707242,0.0,0.7853981633974483,282.842712474619,1725585.0,0.0,1.7648404375536102,1.1146617700244184,16.9175,1725585.0,1.0,0.0,0.0,135.0,200.0,1.0,1.000000000106614,1.0,./content/Images1/
1061,noise 3 22062.0.png,40000.0,0.0,0.0,0.0,0.0,0.0,100.0,100.0,100.0,100.0,800.0,0.0,0.0,200.0,200.0,225.67583340707242,225.67583340707242,0.0,0.7853981633974483,282.842712474619,0.0,0.0,,,0.0,0.0,1.0,0.0,0.0,135.0,200.0,1.0,1.000000000106614,1.0,./content/Images1/
1062,noise 3 22063.0.png,40000.0,0.0,0.0,0.0,0.0,0.0,100.0,100.0,100.0,100.0,800.0,0.0,0.0,200.0,200.0,225.67583340707242,225.67583340707242,0.0,0.7853981633974483,282.842712474619,0.0,0.0,,,0.0,0.0,1.0,0.0,0.0,135.0,200.0,1.0,1.000000000106614,1.0,./content/Images1/
1063,noise 3 22064.0.png,40000.0,59.931375,108.12503498815228,0.0,0.0,255.0,100.0,100.0,100.67221572173173,100.10982874162323,800.0,0.0,0.0,200.0,200.0,225.67583340707242,225.67583340707242,0.0,0.7853981633974483,282.842712474619,2397255.0,0.0,1.2498394961176769,-0.43790123394431113,23.5025,2397255.0,1.0,0.0,0.0,135.0,200.0,1.0,1.000000000106614,1.0,./content/Images1/
1064,noise 3 22065.0.png,40000.0,0.0,0.0,0.0,0.0,0.0,100.0,100.0,100.0,100.0,800.0,0.0,0.0,200.0,200.0,225.67583340707242,225.67583340707242,0.0,0.7853981633974483,282.842712474619,0.0,0.0,,,0.0,0.0,1.0,0.0,0.0,135.0,200.0,1.0,1.000000000106614,1.0,./content/Images1/
1065,noise 3 22066.0.png,40000.0,0.0,0.0,0.0,0.0,0.0,100.0,100.0,100.0,100.0,800.0,0.0,0.0,200.0,200.0,225.67583340707242,225.67583340707242,0.0,0.7853981633974483,282.842712474619,0.0,0.0,,,0.0,0.0,1.0,0.0,0.0,135.0,200.0,1.0,1.000000000106614,1.0,./content/Images1/
1066,noise 3 22067.0.png,40000.0,64.22175,110.6906472445716,0.0,0.0,255.0,100.0,100.0,99.94570180663094,99.99642644431209,800.0,0.0,0.0,200.0,200.0,225.67583340707242,225.67583340707242,0.0,0.7853981633974483,282.842712474619,2568870.0,0.0,1.1433493717520824,-0.6927522141141185,25.185,2568870.0,1.0,0.0,0.0,135.0,200.0,1.0,1.000000000106614,1.0,./content/Images1/
1067,noise 3 22068.0.png,40000.0,255.0,0.0,255.0,255.0,255.0,100.0,100.0,100.0,100.0,800.0,0.0,0.0,200.0,200.0,225.67583340707242,225.67583340707242,0.0,0.7853981633974483,282.842712474619,10200000.0,255.0,,,100.0,10200000.0,1.0,0.0,0.0,135.0,200.0,1.0,1.000000000106614,1.0,./content/Images1/
1068,noise 3 22069.0.png,40000.0,0.0,0.0,0.0,0.0,0.0,100.0,100.0,100.0,100.0,800.0,0.0,0.0,200.0,200.0,225.67583340707242,225.67583340707242,0.0,0.7853981633974483,282.842712474619,0.0,0.0,,,0.0,0.0,1.0,0.0,0.0,135.0,200.0,1.0,1.000000000106614,1.0,./content/Images1/
1069,noise 3 22070.0.png,40000.0,223.482,83.9278366994189,255.0,0.0,255.0,100.0,100.0,99.77592994066636,100.13820743952533,800.0,0.0,0.0,200.0,200.0,225.67583340707242,225.67583340707242,0.0,0.7853981633974483,282.842712474619,8939280.0,255.0,-2.287279252562008,3.231646379200602,87.64,8939280.0,1.0,0.0,0.0,135.0,200.0,1.0,1.000000000106614,1.0,./content/Images1/
1070,noise 3 22071.0.png,40000.0,255.0,0.0,255.0,255.0,255.0,100.0,100.0,100.0,100.0,800.0,0.0,0.0,200.0,200.0,225.67583340707242,225.67583340707242,0.0,0.7853981633974483,282.842712474619,10200000.0,255.0,,,100.0,10200000.0,1.0,0.0,0.0,135.0,200.0,1.0,1.000000000106614,1.0,./content/Images1/
1071,noise 3 22072.0.png,40000.0,0.0,0.0,0.0,0.0,0.0,100.0,100.0,100.0,100.0,800.0,0.0,0.0,200.0,200.0,225.67583340707242,225.67583340707242,0.0,0.7853981633974483,282.842712474619,0.0,0.0,,,0.0,0.0,1.0,0.0,0.0,135.0,200.0,1.0,1.000000000106614,1.0,./content/Images1/
1072,noise 3 22073.0.png,40000.0,255.0,0.0,255.0,255.0,255.0,100.0,100.0,100.0,100.0,800.0,0.0,0.0,200.0,200.0,225.67583340707242,225.67583340707242,0.0,0.7853981633974483,282.842712474619,10200000.0,255.0,,,100.0,10200000.0,1.0,0.0,0.0,135.0,200.0,1.0,1.000000000106614,1.0,./content/Images1/
1073,noise 3 22074.0.png,40000.0,255.0,0.0,255.0,255.0,255.0,100.0,100.0,100.0,100.0,800.0,0.0,0.0,200.0,200.0,225.67583340707242,225.67583340707242,0.0,0.7853981633974483,282.842712474619,10200000.0,255.0,,,100.0,10200000.0,1.0,0.0,0.0,135.0,200.0,1.0,1.000000000106614,1.0,./content/Images1/
1074,noise 3 22075.0.png,40000.0,251.94,27.76608855946129,255.0,0.0,255.0,100.0,100.0,99.34418016194331,99.92520242914979,800.0,0.0,0.0,200.0,200.0,225.67583340707242,225.67583340707242,0.0,0.7853981633974483,282.842712474619,10077600.0,255.0,-8.963563972121738,78.34547908232203,98.8,10077600.0,1.0,0.0,0.0,135.0,200.0,1.0,1.000000000106614,1.0,./content/Images1/
1075,noise 3 22076.0.png,40000.0,255.0,0.0,255.0,255.0,255.0,100.0,100.0,100.0,100.0,800.0,0.0,0.0,200.0,200.0,225.67583340707242,225.67583340707242,0.0,0.7853981633974483,282.842712474619,10200000.0,255.0,,,100.0,10200000.0,1.0,0.0,0.0,135.0,200.0,1.0,1.000000000106614,1.0,./content/Images1/
1076,noise 3 22077.0.png,40000.0,0.439875,10.581939067119764,0.0,0.0,255.0,100.0,100.0,93.76086956521739,86.3695652173913,800.0,0.0,0.0,200.0,200.0,225.67583340707242,225.67583340707242,0.0,0.7853981633974483,282.842712474619,17595.0,0.0,24.014826106143325,574.711872908303,0.1725,17595.0,1.0,0.0,0.0,135.0,200.0,1.0,1.000000000106614,1.0,./content/Images1/
1077,noise 3 22078.0.png,40000.0,0.0,0.0,0.0,0.0,0.0,100.0,100.0,100.0,100.0,800.0,0.0,0.0,200.0,200.0,225.67583340707242,225.67583340707242,0.0,0.7853981633974483,282.842712474619,0.0,0.0,,,0.0,0.0,1.0,0.0,0.0,135.0,200.0,1.0,1.000000000106614,1.0,./content/Images1/
1078,noise 3 22079.0.png,40000.0,0.0,0.0,0.0,0.0,0.0,100.0,100.0,100.0,100.0,800.0,0.0,0.0,200.0,200.0,225.67583340707242,225.67583340707242,0.0,0.7853981633974483,282.842712474619,0.0,0.0,,,0.0,0.0,1.0,0.0,0.0,135.0,200.0,1.0,1.000000000106614,1.0,./content/Images1/
1079,noise 3 22080.0.png,40000.0,0.0,0.0,0.0,0.0,0.0,100.0,100.0,100.0,100.0,800.0,0.0,0.0,200.0,200.0,225.67583340707242,225.67583340707242,0.0,0.7853981633974483,282.842712474619,0.0,0.0,,,0.0,0.0,1.0,0.0,0.0,135.0,200.0,1.0,1.000000000106614,1.0,./content/Images1/
1080,noise 3 22081.0.png,40000.0,0.0,0.0,0.0,0.0,0.0,100.0,100.0,100.0,100.0,800.0,0.0,0.0,200.0,200.0,225.67583340707242,225.67583340707242,0.0,0.7853981633974483,282.842712474619,0.0,0.0,,,0.0,0.0,1.0,0.0,0.0,135.0,200.0,1.0,1.000000000106614,1.0,./content/Images1/
1081,noise 3 22082.0.png,40000.0,31.435125,83.83296183704614,0.0,0.0,255.0,100.0,100.0,99.64378422226729,100.27469073210302,800.0,0.0,0.0,200.0,200.0,225.67583340707242,225.67583340707242,0.0,0.7853981633974483,282.842712474619,1257405.0,0.0,2.291844967142773,3.2525533534176594,12.3275,1257405.0,1.0,0.0,0.0,135.0,200.0,1.0,1.000000000106614,1.0,./content/Images1/
1082,noise 3 22083.0.png,40000.0,37.29375,90.10707765249951,0.0,0.0,255.0,100.0,100.0,100.4148717948718,99.28547008547008,800.0,0.0,0.0,200.0,200.0,225.67583340707242,225.67583340707242,0.0,0.7853981633974483,282.842712474619,1491750.0,0.0,2.0022262390342926,2.0089099122774092,14.625,1491750.0,1.0,0.0,0.0,135.0,200.0,1.0,1.000000000106614,1.0,./content/Images1/
1083,noise 3 22084.0.png,40000.0,255.0,0.0,255.0,255.0,255.0,100.0,100.0,100.0,100.0,800.0,0.0,0.0,200.0,200.0,225.67583340707242,225.67583340707242,0.0,0.7853981633974483,282.842712474619,10200000.0,255.0,,,100.0,10200000.0,1.0,0.0,0.0,135.0,200.0,1.0,1.000000000106614,1.0,./content/Images1/
1084,noise 3 22085.0.png,40000.0,255.0,0.0,255.0,255.0,255.0,100.0,100.0,100.0,100.0,800.0,0.0,0.0,200.0,200.0,225.67583340707242,225.67583340707242,0.0,0.7853981633974483,282.842712474619,10200000.0,255.0,,,100.0,10200000.0,1.0,0.0,0.0,135.0,200.0,1.0,1.000000000106614,1.0,./content/Images1/
1085,noise 3 22086.0.png,40000.0,0.0,0.0,0.0,0.0,0.0,100.0,100.0,100.0,100.0,800.0,0.0,0.0,200.0,200.0,225.67583340707242,225.67583340707242,0.0,0.7853981633974483,282.842712474619,0.0,0.0,,,0.0,0.0,1.0,0.0,0.0,135.0,200.0,1.0,1.000000000106614,1.0,./content/Images1/
1086,noise 3 22087.0.png,40000.0,255.0,0.0,255.0,255.0,255.0,100.0,100.0,100.0,100.0,800.0,0.0,0.0,200.0,200.0,225.67583340707242,225.67583340707242,0.0,0.7853981633974483,282.842712474619,10200000.0,255.0,,,100.0,10200000.0,1.0,0.0,0.0,135.0,200.0,1.0,1.000000000106614,1.0,./content/Images1/
1087,noise 3 22088.0.png,40000.0,23.09025,73.17778337471688,0.0,0.0,255.0,100.0,100.0,103.62617338487024,100.50607399226946,800.0,0.0,0.0,200.0,200.0,225.67583340707242,225.67583340707242,0.0,0.7853981633974483,282.842712474619,923610.0,0.0,2.8536271619952025,6.143187979676796,9.055,923610.0,1.0,0.0,0.0,135.0,200.0,1.0,1.000000000106614,1.0,./content/Images1/
1088,noise 3 22089.0.png,40000.0,255.0,0.0,255.0,255.0,255.0,100.0,100.0,100.0,100.0,800.0,0.0,0.0,200.0,200.0,225.67583340707242,225.67583340707242,0.0,0.7853981633974483,282.842712474619,10200000.0,255.0,,,100.0,10200000.0,1.0,0.0,0.0,135.0,200.0,1.0,1.000000000106614,1.0,./content/Images1/
1089,noise 3 22090.0.png,40000.0,80.9115,118.68493510380968,0.0,0.0,255.0,100.0,100.0,99.93799243618027,99.54097069019855,800.0,0.0,0.0,200.0,200.0,225.67583340707242,225.67583340707242,0.0,0.7853981633974483,282.842712474619,3236460.0,0.0,0.7850883909810379,-1.3836362183468045,31.73,3236460.0,1.0,0.0,0.0,135.0,200.0,1.0,1.000000000106614,1.0,./content/Images1/
1090,noise 3 22091.0.png,40000.0,255.0,0.0,255.0,255.0,255.0,100.0,100.0,100.0,100.0,800.0,0.0,0.0,200.0,200.0,225.67583340707242,225.67583340707242,0.0,0.7853981633974483,282.842712474619,10200000.0,255.0,,,100.0,10200000.0,1.0,0.0,0.0,135.0,200.0,1.0,1.000000000106614,1.0,./content/Images1/
1091,noise 3 22092.0.png,40000.0,0.0,0.0,0.0,0.0,0.0,100.0,100.0,100.0,100.0,800.0,0.0,0.0,200.0,200.0,225.67583340707242,225.67583340707242,0.0,0.7853981633974483,282.842712474619,0.0,0.0,,,0.0,0.0,1.0,0.0,0.0,135.0,200.0,1.0,1.000000000106614,1.0,./content/Images1/
1092,noise 3 22093.0.png,40000.0,0.0,0.0,0.0,0.0,0.0,100.0,100.0,100.0,100.0,800.0,0.0,0.0,200.0,200.0,225.67583340707242,225.67583340707242,0.0,0.7853981633974483,282.842712474619,0.0,0.0,,,0.0,0.0,1.0,0.0,0.0,135.0,200.0,1.0,1.000000000106614,1.0,./content/Images1/
1093,noise 3 22094.0.png,40000.0,188.604375,111.9053994511437,255.0,0.0,255.0,100.0,100.0,99.88289673821193,99.59200608416427,800.0,0.0,0.0,200.0,200.0,225.67583340707242,225.67583340707242,0.0,0.7853981633974483,282.842712474619,7544175.0,255.0,-1.092085620867414,-0.8073489966946328,73.9625,7544175.0,1.0,0.0,0.0,135.0,200.0,1.0,1.000000000106614,1.0,./content/Images1/
1094,noise 3 22095.0.png,40000.0,0.0,0.0,0.0,0.0,0.0,100.0,100.0,100.0,100.0,800.0,0.0,0.0,200.0,200.0,225.67583340707242,225.67583340707242,0.0,0.7853981633974483,282.842712474619,0.0,0.0,,,0.0,0.0,1.0,0.0,0.0,135.0,200.0,1.0,1.000000000106614,1.0,./content/Images1/
1095,noise 3 22096.0.png,40000.0,255.0,0.0,255.0,255.0,255.0,100.0,100.0,100.0,100.0,800.0,0.0,0.0,200.0,200.0,225.67583340707242,225.67583340707242,0.0,0.7853981633974483,282.842712474619,10200000.0,255.0,,,100.0,10200000.0,1.0,0.0,0.0,135.0,200.0,1.0,1.000000000106614,1.0,./content/Images1/
1096,noise 3 22097.0.png,40000.0,255.0,0.0,255.0,255.0,255.0,100.0,100.0,100.0,100.0,800.0,0.0,0.0,200.0,200.0,225.67583340707242,225.67583340707242,0.0,0.7853981633974483,282.842712474619,10200000.0,255.0,,,100.0,10200000.0,1.0,0.0,0.0,135.0,200.0,1.0,1.000000000106614,1.0,./content/Images1/
1097,noise 3 22098.0.png,40000.0,0.0,0.0,0.0,0.0,0.0,100.0,100.0,100.0,100.0,800.0,0.0,0.0,200.0,200.0,225.67583340707242,225.67583340707242,0.0,0.7853981633974483,282.842712474619,0.0,0.0,,,0.0,0.0,1.0,0.0,0.0,135.0,200.0,1.0,1.000000000106614,1.0,./content/Images1/
1098,noise 3 22099.0.png,40000.0,0.0,0.0,0.0,0.0,0.0,100.0,100.0,100.0,100.0,800.0,0.0,0.0,200.0,200.0,225.67583340707242,225.67583340707242,0.0,0.7853981633974483,282.842712474619,0.0,0.0,,,0.0,0.0,1.0,0.0,0.0,135.0,200.0,1.0,1.000000000106614,1.0,./content/Images1/
1099,noise 3 22100.0.png,40000.0,23.6895,74.02544889378989,0.0,0.0,255.0,100.0,100.0,100.5034983853606,100.53471474703983,800.0,0.0,0.0,200.0,200.0,225.67583340707242,225.67583340707242,0.0,0.7853981633974483,282.842712474619,947580.0,0.0,2.804759692967968,5.866676935297772,9.29,947580.0,1.0,0.0,0.0,135.0,200.0,1.0,1.000000000106614,1.0,./content/Images1/
1100,noise 3 22101.0.png,40000.0,84.85125,120.15696012222573,0.0,0.0,255.0,100.0,100.0,101.06198347107438,99.79729526671676,800.0,0.0,0.0,200.0,200.0,225.67583340707242,225.67583340707242,0.0,0.7853981633974483,282.842712474619,3394049.9999999995,0.0,0.7098928447588462,-1.4960521489601935,33.275,3394049.9999999995,1.0,0.0,0.0,135.0,200.0,1.0,1.000000000106614,1.0,./content/Images1/
1101,noise 3 22102.0.png,40000.0,48.112125,99.77005640265139,0.0,0.0,255.0,100.0,100.0,99.3013780310057,100.23048893600107,800.0,0.0,0.0,200.0,200.0,225.67583340707242,225.67583340707242,0.0,0.7853981633974483,282.842712474619,1924485.0,0.0,1.591436754263169,0.5326709428196912,18.8675,1924485.0,1.0,0.0,0.0,135.0,200.0,1.0,1.000000000106614,1.0,./content/Images1/
1102,noise 3 22103.0.png,40000.0,255.0,0.0,255.0,255.0,255.0,100.0,100.0,100.0,100.0,800.0,0.0,0.0,200.0,200.0,225.67583340707242,225.67583340707242,0.0,0.7853981633974483,282.842712474619,10200000.0,255.0,,,100.0,10200000.0,1.0,0.0,0.0,135.0,200.0,1.0,1.000000000106614,1.0,./content/Images1/
1103,noise 3 22104.0.png,40000.0,254.49,11.392679440264292,255.0,0.0,255.0,100.0,100.0,99.95130260521042,100.10453406813627,800.0,0.0,0.0,200.0,200.0,225.67583340707242,225.67583340707242,0.0,0.7853981633974483,282.842712474619,10179600.0,255.0,-22.293541755584027,495.002004008015,99.8,10179600.0,1.0,0.0,0.0,135.0,200.0,1.0,1.000000000106614,1.0,./content/Images1/
1104,noise 3 22105.0.png,40000.0,255.0,0.0,255.0,255.0,255.0,100.0,100.0,100.0,100.0,800.0,0.0,0.0,200.0,200.0,225.67583340707242,225.67583340707242,0.0,0.7853981633974483,282.842712474619,10200000.0,255.0,,,100.0,10200000.0,1.0,0.0,0.0,135.0,200.0,1.0,1.000000000106614,1.0,./content/Images1/
1105,noise 3 22106.0.png,40000.0,0.0,0.0,0.0,0.0,0.0,100.0,100.0,100.0,100.0,800.0,0.0,0.0,200.0,200.0,225.67583340707242,225.67583340707242,0.0,0.7853981633974483,282.842712474619,0.0,0.0,,,0.0,0.0,1.0,0.0,0.0,135.0,200.0,1.0,1.000000000106614,1.0,./content/Images1/
1106,noise 3 22107.0.png,40000.0,255.0,0.0,255.0,255.0,255.0,100.0,100.0,100.0,100.0,800.0,0.0,0.0,200.0,200.0,225.67583340707242,225.67583340707242,0.0,0.7853981633974483,282.842712474619,10200000.0,255.0,,,100.0,10200000.0,1.0,0.0,0.0,135.0,200.0,1.0,1.000000000106614,1.0,./content/Images1/
1107,noise 3 22108.0.png,40000.0,255.0,0.0,255.0,255.0,255.0,100.0,100.0,100.0,100.0,800.0,0.0,0.0,200.0,200.0,225.67583340707242,225.67583340707242,0.0,0.7853981633974483,282.842712474619,10200000.0,255.0,,,100.0,10200000.0,1.0,0.0,0.0,135.0,200.0,1.0,1.000000000106614,1.0,./content/Images1/
1108,noise 3 22109.0.png,40000.0,255.0,0.0,255.0,255.0,255.0,100.0,100.0,100.0,100.0,800.0,0.0,0.0,200.0,200.0,225.67583340707242,225.67583340707242,0.0,0.7853981633974483,282.842712474619,10200000.0,255.0,,,100.0,10200000.0,1.0,0.0,0.0,135.0,200.0,1.0,1.000000000106614,1.0,./content/Images1/
1109,noise 3 22110.0.png,40000.0,255.0,0.0,255.0,255.0,255.0,100.0,100.0,100.0,100.0,800.0,0.0,0.0,200.0,200.0,225.67583340707242,225.67583340707242,0.0,0.7853981633974483,282.842712474619,10200000.0,255.0,,,100.0,10200000.0,1.0,0.0,0.0,135.0,200.0,1.0,1.000000000106614,1.0,./content/Images1/
1110,noise 3 22111.0.png,40000.0,255.0,0.0,255.0,255.0,255.0,100.0,100.0,100.0,100.0,800.0,0.0,0.0,200.0,200.0,225.67583340707242,225.67583340707242,0.0,0.7853981633974483,282.842712474619,10200000.0,255.0,,,100.0,10200000.0,1.0,0.0,0.0,135.0,200.0,1.0,1.000000000106614,1.0,./content/Images1/
1111,noise 3 22112.0.png,40000.0,0.0,0.0,0.0,0.0,0.0,100.0,100.0,100.0,100.0,800.0,0.0,0.0,200.0,200.0,225.67583340707242,225.67583340707242,0.0,0.7853981633974483,282.842712474619,0.0,0.0,,,0.0,0.0,1.0,0.0,0.0,135.0,200.0,1.0,1.000000000106614,1.0,./content/Images1/
1112,noise 3 22113.0.png,40000.0,140.562375,126.83070018738415,255.0,0.0,255.0,100.0,100.0,100.25345820672139,99.76119098371808,800.0,0.0,0.0,200.0,200.0,225.67583340707242,225.67583340707242,0.0,0.7853981633974483,282.842712474619,5622495.0,255.0,-0.20598385506742492,-1.9575706514515614,55.1225,5622495.0,1.0,0.0,0.0,135.0,200.0,1.0,1.000000000106614,1.0,./content/Images1/
1113,noise 3 22114.0.png,40000.0,0.0,0.0,0.0,0.0,0.0,100.0,100.0,100.0,100.0,800.0,0.0,0.0,200.0,200.0,225.67583340707242,225.67583340707242,0.0,0.7853981633974483,282.842712474619,0.0,0.0,,,0.0,0.0,1.0,0.0,0.0,135.0,200.0,1.0,1.000000000106614,1.0,./content/Images1/
1114,noise 3 22115.0.png,40000.0,0.0,0.0,0.0,0.0,0.0,100.0,100.0,100.0,100.0,800.0,0.0,0.0,200.0,200.0,225.67583340707242,225.67583340707242,0.0,0.7853981633974483,282.842712474619,0.0,0.0,,,0.0,0.0,1.0,0.0,0.0,135.0,200.0,1.0,1.000000000106614,1.0,./content/Images1/
1115,noise 3 22116.0.png,40000.0,255.0,0.0,255.0,255.0,255.0,100.0,100.0,100.0,100.0,800.0,0.0,0.0,200.0,200.0,225.67583340707242,225.67583340707242,0.0,0.7853981633974483,282.842712474619,10200000.0,255.0,,,100.0,10200000.0,1.0,0.0,0.0,135.0,200.0,1.0,1.000000000106614,1.0,./content/Images1/
1116,noise 3 22117.0.png,40000.0,6.8595,41.257269829786914,0.0,0.0,255.0,100.0,100.0,100.40799256505576,99.44423791821562,800.0,0.0,0.0,200.0,200.0,225.67583340707242,225.67583340707242,0.0,0.7853981633974483,282.842712474619,274380.0,0.0,5.848278789762509,32.20236480278602,2.69,274380.0,1.0,0.0,0.0,135.0,200.0,1.0,1.000000000106614,1.0,./content/Images1/
1117,noise 3 22118.0.png,40000.0,119.86275,127.27264973521123,0.0,0.0,255.0,100.0,100.0,99.7299755345176,99.45457930007446,800.0,0.0,0.0,200.0,200.0,225.67583340707242,225.67583340707242,0.0,0.7853981633974483,282.842712474619,4794510.0,0.0,0.12001550188990927,-1.9855962793061126,47.005,4794510.0,1.0,0.0,0.0,135.0,200.0,1.0,1.000000000106614,1.0,./content/Images1/
1118,noise 3 22119.0.png,40000.0,0.0,0.0,0.0,0.0,0.0,100.0,100.0,100.0,100.0,800.0,0.0,0.0,200.0,200.0,225.67583340707242,225.67583340707242,0.0,0.7853981633974483,282.842712474619,0.0,0.0,,,0.0,0.0,1.0,0.0,0.0,135.0,200.0,1.0,1.000000000106614,1.0,./content/Images1/
1119,noise 3 22120.0.png,40000.0,255.0,0.0,255.0,255.0,255.0,100.0,100.0,100.0,100.0,800.0,0.0,0.0,200.0,200.0,225.67583340707242,225.67583340707242,0.0,0.7853981633974483,282.842712474619,10200000.0,255.0,,,100.0,10200000.0,1.0,0.0,0.0,135.0,200.0,1.0,1.000000000106614,1.0,./content/Images1/
1120,noise 3 22121.0.png,40000.0,0.0,0.0,0.0,0.0,0.0,100.0,100.0,100.0,100.0,800.0,0.0,0.0,200.0,200.0,225.67583340707242,225.67583340707242,0.0,0.7853981633974483,282.842712474619,0.0,0.0,,,0.0,0.0,1.0,0.0,0.0,135.0,200.0,1.0,1.000000000106614,1.0,./content/Images1/
1121,noise 3 22122.0.png,40000.0,255.0,0.0,255.0,255.0,255.0,100.0,100.0,100.0,100.0,800.0,0.0,0.0,200.0,200.0,225.67583340707242,225.67583340707242,0.0,0.7853981633974483,282.842712474619,10200000.0,255.0,,,100.0,10200000.0,1.0,0.0,0.0,135.0,200.0,1.0,1.000000000106614,1.0,./content/Images1/
1122,noise 3 22123.0.png,40000.0,0.0,0.0,0.0,0.0,0.0,100.0,100.0,100.0,100.0,800.0,0.0,0.0,200.0,200.0,225.67583340707242,225.67583340707242,0.0,0.7853981633974483,282.842712474619,0.0,0.0,,,0.0,0.0,1.0,0.0,0.0,135.0,200.0,1.0,1.000000000106614,1.0,./content/Images1/
1123,noise 3 22124.0.png,40000.0,255.0,0.0,255.0,255.0,255.0,100.0,100.0,100.0,100.0,800.0,0.0,0.0,200.0,200.0,225.67583340707242,225.67583340707242,0.0,0.7853981633974483,282.842712474619,10200000.0,255.0,,,100.0,10200000.0,1.0,0.0,0.0,135.0,200.0,1.0,1.000000000106614,1.0,./content/Images1/
1124,noise 3 22125.0.png,40000.0,0.0,0.0,0.0,0.0,0.0,100.0,100.0,100.0,100.0,800.0,0.0,0.0,200.0,200.0,225.67583340707242,225.67583340707242,0.0,0.7853981633974483,282.842712474619,0.0,0.0,,,0.0,0.0,1.0,0.0,0.0,135.0,200.0,1.0,1.000000000106614,1.0,./content/Images1/
1125,noise 3 22126.0.png,40000.0,0.0,0.0,0.0,0.0,0.0,100.0,100.0,100.0,100.0,800.0,0.0,0.0,200.0,200.0,225.67583340707242,225.67583340707242,0.0,0.7853981633974483,282.842712474619,0.0,0.0,,,0.0,0.0,1.0,0.0,0.0,135.0,200.0,1.0,1.000000000106614,1.0,./content/Images1/
1126,noise 3 22127.0.png,40000.0,132.899625,127.3872039780794,255.0,0.0,255.0,100.0,100.0,99.75149901664508,99.7099582673766,800.0,0.0,0.0,200.0,200.0,225.67583340707242,225.67583340707242,0.0,0.7853981633974483,282.842712474619,5315984.999999999,255.0,-0.08477605800198298,-1.9928130199896426,52.1175,5315984.999999999,1.0,0.0,0.0,135.0,200.0,1.0,1.000000000106614,1.0,./content/Images1/
1127,noise 3 22128.0.png,40000.0,255.0,0.0,255.0,255.0,255.0,100.0,100.0,100.0,100.0,800.0,0.0,0.0,200.0,200.0,225.67583340707242,225.67583340707242,0.0,0.7853981633974483,282.842712474619,10200000.0,255.0,,,100.0,10200000.0,1.0,0.0,0.0,135.0,200.0,1.0,1.000000000106614,1.0,./content/Images1/
1128,noise 3 22129.0.png,40000.0,255.0,0.0,255.0,255.0,255.0,100.0,100.0,100.0,100.0,800.0,0.0,0.0,200.0,200.0,225.67583340707242,225.67583340707242,0.0,0.7853981633974483,282.842712474619,10200000.0,255.0,,,100.0,10200000.0,1.0,0.0,0.0,135.0,200.0,1.0,1.000000000106614,1.0,./content/Images1/
1129,noise 3 22130.0.png,40000.0,0.0,0.0,0.0,0.0,0.0,100.0,100.0,100.0,100.0,800.0,0.0,0.0,200.0,200.0,225.67583340707242,225.67583340707242,0.0,0.7853981633974483,282.842712474619,0.0,0.0,,,0.0,0.0,1.0,0.0,0.0,135.0,200.0,1.0,1.000000000106614,1.0,./content/Images1/
1130,noise 3 22131.0.png,40000.0,255.0,0.0,255.0,255.0,255.0,100.0,100.0,100.0,100.0,800.0,0.0,0.0,200.0,200.0,225.67583340707242,225.67583340707242,0.0,0.7853981633974483,282.842712474619,10200000.0,255.0,,,100.0,10200000.0,1.0,0.0,0.0,135.0,200.0,1.0,1.000000000106614,1.0,./content/Images1/
1131,noise 3 22132.0.png,40000.0,0.0,0.0,0.0,0.0,0.0,100.0,100.0,100.0,100.0,800.0,0.0,0.0,200.0,200.0,225.67583340707242,225.67583340707242,0.0,0.7853981633974483,282.842712474619,0.0,0.0,,,0.0,0.0,1.0,0.0,0.0,135.0,200.0,1.0,1.000000000106614,1.0,./content/Images1/
1132,noise 3 22133.0.png,40000.0,56.654625,106.00690438694934,0.0,0.0,255.0,100.0,100.0,100.64571846517384,99.58326769438506,800.0,0.0,0.0,200.0,200.0,225.67583340707242,225.67583340707242,0.0,0.7853981633974483,282.842712474619,2266185.0,0.0,1.336634835127102,-0.21340731752474484,22.2175,2266185.0,1.0,0.0,0.0,135.0,200.0,1.0,1.000000000106614,1.0,./content/Images1/
1133,noise 3 22134.0.png,40000.0,255.0,0.0,255.0,255.0,255.0,100.0,100.0,100.0,100.0,800.0,0.0,0.0,200.0,200.0,225.67583340707242,225.67583340707242,0.0,0.7853981633974483,282.842712474619,10200000.0,255.0,,,100.0,10200000.0,1.0,0.0,0.0,135.0,200.0,1.0,1.000000000106614,1.0,./content/Images1/
1134,noise 3 22135.0.png,40000.0,35.374875,88.14423168236165,0.0,0.0,255.0,100.0,100.0,100.8187961794918,100.26734546765184,800.0,0.0,0.0,200.0,200.0,225.67583340707242,225.67583340707242,0.0,0.7853981633974483,282.842712474619,1414995.0000000002,0.0,2.0903529323993184,2.3695753819904297,13.8725,1414995.0000000002,1.0,0.0,0.0,135.0,200.0,1.0,1.000000000106614,1.0,./content/Images1/
1135,noise 3 22136.0.png,40000.0,0.0,0.0,0.0,0.0,0.0,100.0,100.0,100.0,100.0,800.0,0.0,0.0,200.0,200.0,225.67583340707242,225.67583340707242,0.0,0.7853981633974483,282.842712474619,0.0,0.0,,,0.0,0.0,1.0,0.0,0.0,135.0,200.0,1.0,1.000000000106614,1.0,./content/Images1/
1136,noise 3 22137.0.png,40000.0,0.0,0.0,0.0,0.0,0.0,100.0,100.0,100.0,100.0,800.0,0.0,0.0,200.0,200.0,225.67583340707242,225.67583340707242,0.0,0.7853981633974483,282.842712474619,0.0,0.0,,,0.0,0.0,1.0,0.0,0.0,135.0,200.0,1.0,1.000000000106614,1.0,./content/Images1/
1137,noise 3 22138.0.png,40000.0,9.415875,48.087911518023205,0.0,0.0,255.0,100.0,100.0,103.78436018957346,102.28063642518619,800.0,0.0,0.0,200.0,200.0,225.67583340707242,225.67583340707242,0.0,0.7853981633974483,282.842712474619,376635.0,0.0,4.911238494313936,22.120263548031023,3.6925,376635.0,1.0,0.0,0.0,135.0,200.0,1.0,1.000000000106614,1.0,./content/Images1/
1138,noise 3 22139.0.png,40000.0,47.328,99.14104165104123,0.0,0.0,255.0,100.0,100.0,100.7482489224138,100.53758081896552,800.0,0.0,0.0,200.0,200.0,225.67583340707242,225.67583340707242,0.0,0.7853981633974483,282.842712474619,1893120.0000000002,0.0,1.617352427080308,0.6158288733825628,18.56,1893120.0000000002,1.0,0.0,0.0,135.0,200.0,1.0,1.000000000106614,1.0,./content/Images1/
1139,noise 3 22140.0.png,40000.0,78.992625,117.91366401487747,0.0,0.0,255.0,100.0,100.0,99.8869744169155,99.8907674925349,800.0,0.0,0.0,200.0,200.0,225.67583340707242,225.67583340707242,0.0,0.7853981633974483,282.842712474619,3159705.0,0.0,0.8227711649675523,-1.323047610097936,30.9775,3159705.0,1.0,0.0,0.0,135.0,200.0,1.0,1.000000000106614,1.0,./content/Images1/
1140,noise 3 22141.0.png,40000.0,16.422,62.59413604042048,0.0,0.0,255.0,100.0,100.0,99.86335403726709,99.84937888198758,800.0,0.0,0.0,200.0,200.0,225.67583340707242,225.67583340707242,0.0,0.7853981633974483,282.842712474619,656880.0,0.0,3.549194717834411,10.596783145103686,6.44,656880.0,1.0,0.0,0.0,135.0,200.0,1.0,1.000000000106614,1.0,./content/Images1/
1141,noise 3 22142.0.png,40000.0,255.0,0.0,255.0,255.0,255.0,100.0,100.0,100.0,100.0,800.0,0.0,0.0,200.0,200.0,225.67583340707242,225.67583340707242,0.0,0.7853981633974483,282.842712474619,10200000.0,255.0,,,100.0,10200000.0,1.0,0.0,0.0,135.0,200.0,1.0,1.000000000106614,1.0,./content/Images1/
1142,noise 3 22143.0.png,40000.0,6.878625,41.31315241570701,0.0,0.0,255.0,100.0,100.0,100.43605189990733,98.60379981464318,800.0,0.0,0.0,200.0,200.0,225.67583340707242,225.67583340707242,0.0,0.7853981633974483,282.842712474619,275145.0,0.0,5.839442199022248,32.099085195721784,2.6975,275145.0,1.0,0.0,0.0,135.0,200.0,1.0,1.000000000106614,1.0,./content/Images1/
1143,noise 3 22144.0.png,40000.0,114.386625,126.82543717014032,0.0,0.0,255.0,100.0,100.0,99.64172657861005,98.98403277043973,800.0,0.0,0.0,200.0,200.0,225.67583340707242,225.67583340707242,0.0,0.7853981633974483,282.842712474619,4575465.0,0.0,0.206796668126896,-1.957235138051615,44.8575,4575465.0,1.0,0.0,0.0,135.0,200.0,1.0,1.000000000106614,1.0,./content/Images1/
1144,noise 3 22145.0.png,40000.0,255.0,0.0,255.0,255.0,255.0,100.0,100.0,100.0,100.0,800.0,0.0,0.0,200.0,200.0,225.67583340707242,225.67583340707242,0.0,0.7853981633974483,282.842712474619,10200000.0,255.0,,,100.0,10200000.0,1.0,0.0,0.0,135.0,200.0,1.0,1.000000000106614,1.0,./content/Images1/
1145,noise 3 22146.0.png,40000.0,0.0,0.0,0.0,0.0,0.0,100.0,100.0,100.0,100.0,800.0,0.0,0.0,200.0,200.0,225.67583340707242,225.67583340707242,0.0,0.7853981633974483,282.842712474619,0.0,0.0,,,0.0,0.0,1.0,0.0,0.0,135.0,200.0,1.0,1.000000000106614,1.0,./content/Images1/
1146,noise 3 22147.0.png,40000.0,255.0,0.0,255.0,255.0,255.0,100.0,100.0,100.0,100.0,800.0,0.0,0.0,200.0,200.0,225.67583340707242,225.67583340707242,0.0,0.7853981633974483,282.842712474619,10200000.0,255.0,,,100.0,10200000.0,1.0,0.0,0.0,135.0,200.0,1.0,1.000000000106614,1.0,./content/Images1/
1147,noise 3 22148.0.png,40000.0,0.0,0.0,0.0,0.0,0.0,100.0,100.0,100.0,100.0,800.0,0.0,0.0,200.0,200.0,225.67583340707242,225.67583340707242,0.0,0.7853981633974483,282.842712474619,0.0,0.0,,,0.0,0.0,1.0,0.0,0.0,135.0,200.0,1.0,1.000000000106614,1.0,./content/Images1/
1148,noise 3 22149.0.png,40000.0,9.231,47.63140096363894,0.0,0.0,255.0,100.0,100.0,101.08839779005525,100.10773480662984,800.0,0.0,0.0,200.0,200.0,225.67583340707242,225.67583340707242,0.0,0.7853981633974483,282.842712474619,369240.0,0.0,4.966071792870662,22.661869051945622,3.62,369240.0,1.0,0.0,0.0,135.0,200.0,1.0,1.000000000106614,1.0,./content/Images1/
1149,noise 3 22150.0.png,40000.0,255.0,0.0,255.0,255.0,255.0,100.0,100.0,100.0,100.0,800.0,0.0,0.0,200.0,200.0,225.67583340707242,225.67583340707242,0.0,0.7853981633974483,282.842712474619,10200000.0,255.0,,,100.0,10200000.0,1.0,0.0,0.0,135.0,200.0,1.0,1.000000000106614,1.0,./content/Images1/
1150,noise 3 22151.0.png,40000.0,163.64625,122.27048851929302,255.0,0.0,255.0,100.0,100.0,100.15695364238411,99.404090377873,800.0,0.0,0.0,200.0,200.0,225.67583340707242,225.67583340707242,0.0,0.7853981633974483,282.842712474619,6545850.0,255.0,-0.5912579932302032,-1.6504139854413886,64.175,6545850.0,1.0,0.0,0.0,135.0,200.0,1.0,1.000000000106614,1.0,./content/Images1/
1151,noise 3 22152.0.png,40000.0,0.0,0.0,0.0,0.0,0.0,100.0,100.0,100.0,100.0,800.0,0.0,0.0,200.0,200.0,225.67583340707242,225.67583340707242,0.0,0.7853981633974483,282.842712474619,0.0,0.0,,,0.0,0.0,1.0,0.0,0.0,135.0,200.0,1.0,1.000000000106614,1.0,./content/Images1/
1152,noise 3 22153.0.png,40000.0,255.0,0.0,255.0,255.0,255.0,100.0,100.0,100.0,100.0,800.0,0.0,0.0,200.0,200.0,225.67583340707242,225.67583340707242,0.0,0.7853981633974483,282.842712474619,10200000.0,255.0,,,100.0,10200000.0,1.0,0.0,0.0,135.0,200.0,1.0,1.000000000106614,1.0,./content/Images1/
1153,noise 3 22154.0.png,40000.0,0.0,0.0,0.0,0.0,0.0,100.0,100.0,100.0,100.0,800.0,0.0,0.0,200.0,200.0,225.67583340707242,225.67583340707242,0.0,0.7853981633974483,282.842712474619,0.0,0.0,,,0.0,0.0,1.0,0.0,0.0,135.0,200.0,1.0,1.000000000106614,1.0,./content/Images1/
1154,noise 3 22155.0.png,40000.0,0.0,0.0,0.0,0.0,0.0,100.0,100.0,100.0,100.0,800.0,0.0,0.0,200.0,200.0,225.67583340707242,225.67583340707242,0.0,0.7853981633974483,282.842712474619,0.0,0.0,,,0.0,0.0,1.0,0.0,0.0,135.0,200.0,1.0,1.000000000106614,1.0,./content/Images1/
1155,noise 3 22156.0.png,40000.0,4.048125,31.87334241546207,0.0,0.0,255.0,100.0,100.0,100.98976377952756,101.40551181102362,800.0,0.0,0.0,200.0,200.0,225.67583340707242,225.67583340707242,0.0,0.7853981633974483,282.842712474619,161925.0,0.0,7.746499665343142,58.008257065161416,1.5875,161925.0,1.0,0.0,0.0,135.0,200.0,1.0,1.000000000106614,1.0,./content/Images1/
1156,noise 3 22157.0.png,40000.0,0.0,0.0,0.0,0.0,0.0,100.0,100.0,100.0,100.0,800.0,0.0,0.0,200.0,200.0,225.67583340707242,225.67583340707242,0.0,0.7853981633974483,282.842712474619,0.0,0.0,,,0.0,0.0,1.0,0.0,0.0,135.0,200.0,1.0,1.000000000106614,1.0,./content/Images1/
1157,noise 3 22158.0.png,40000.0,78.253125,117.60672211341293,0.0,0.0,255.0,100.0,100.0,100.54757637474542,101.23539714867617,800.0,0.0,0.0,200.0,200.0,225.67583340707242,225.67583340707242,0.0,0.7853981633974483,282.842712474619,3130125.0,0.0,0.8374944852214934,-1.2986029872235871,30.6875,3130125.0,1.0,0.0,0.0,135.0,200.0,1.0,1.000000000106614,1.0,./content/Images1/
1158,noise 3 22159.0.png,40000.0,173.100375,119.06809073011597,255.0,0.0,255.0,100.0,100.0,100.14714764482746,99.851452878135,800.0,0.0,0.0,200.0,200.0,225.67583340707242,225.67583340707242,0.0,0.7853981633974483,282.842712474619,6924015.000000001,255.0,-0.7659641594276688,-1.4132989064722585,67.8825,6924015.000000001,1.0,0.0,0.0,135.0,200.0,1.0,1.000000000106614,1.0,./content/Images1/
1159,noise 3 22160.0.png,40000.0,0.0,0.0,0.0,0.0,0.0,100.0,100.0,100.0,100.0,800.0,0.0,0.0,200.0,200.0,225.67583340707242,225.67583340707242,0.0,0.7853981633974483,282.842712474619,0.0,0.0,,,0.0,0.0,1.0,0.0,0.0,135.0,200.0,1.0,1.000000000106614,1.0,./content/Images1/
1160,noise 3 22161.0.png,40000.0,155.89425,124.29964934386652,255.0,0.0,255.0,100.0,100.0,102.31373190480085,98.02596712194324,800.0,0.0,0.0,200.0,200.0,225.67583340707242,225.67583340707242,0.0,0.7853981633974483,282.842712474619,6235770.0,255.0,-0.4568734519311204,-1.7912666489205449,61.135,6235770.0,1.0,0.0,0.0,135.0,200.0,1.0,1.000000000106614,1.0,./content/Images1/
1161,noise 3 22162.0.png,40000.0,255.0,0.0,255.0,255.0,255.0,100.0,100.0,100.0,100.0,800.0,0.0,0.0,200.0,200.0,225.67583340707242,225.67583340707242,0.0,0.7853981633974483,282.842712474619,10200000.0,255.0,,,100.0,10200000.0,1.0,0.0,0.0,135.0,200.0,1.0,1.000000000106614,1.0,./content/Images1/
1162,noise 3 22163.0.png,40000.0,172.552125,119.2766184370475,255.0,0.0,255.0,100.0,100.0,100.22830383862268,99.52796763586656,800.0,0.0,0.0,200.0,200.0,225.67583340707242,225.67583340707242,0.0,0.7853981633974483,282.842712474619,6902085.0,255.0,-0.7554320159721855,-1.4293224692442124,67.6675,6902085.0,1.0,0.0,0.0,135.0,200.0,1.0,1.000000000106614,1.0,./content/Images1/
1163,noise 3 22164.0.png,40000.0,111.976875,126.55308365389179,0.0,0.0,255.0,100.0,100.0,100.91679476231141,99.14765157984628,800.0,0.0,0.0,200.0,200.0,225.67583340707242,225.67583340707242,0.0,0.7853981633974483,282.842712474619,4479075.0,0.0,0.24532502242545634,-1.9398156333719514,43.9125,4479075.0,1.0,0.0,0.0,135.0,200.0,1.0,1.000000000106614,1.0,./content/Images1/
1164,noise 3 22165.0.png,40000.0,255.0,0.0,255.0,255.0,255.0,100.0,100.0,100.0,100.0,800.0,0.0,0.0,200.0,200.0,225.67583340707242,225.67583340707242,0.0,0.7853981633974483,282.842712474619,10200000.0,255.0,,,100.0,10200000.0,1.0,0.0,0.0,135.0,200.0,1.0,1.000000000106614,1.0,./content/Images1/
1165,noise 3 22166.0.png,40000.0,147.237,125.96466769867537,255.0,0.0,255.0,100.0,100.0,100.17293037755455,99.51662625562868,800.0,0.0,0.0,200.0,200.0,225.67583340707242,225.67583340707242,0.0,0.7853981633974483,282.842712474619,5889480.0,255.0,-0.3133775062121413,-1.9017945386002595,57.74,5889480.0,1.0,0.0,0.0,135.0,200.0,1.0,1.000000000106614,1.0,./content/Images1/
1166,noise 3 22167.0.png,40000.0,255.0,0.0,255.0,255.0,255.0,100.0,100.0,100.0,100.0,800.0,0.0,0.0,200.0,200.0,225.67583340707242,225.67583340707242,0.0,0.7853981633974483,282.842712474619,10200000.0,255.0,,,100.0,10200000.0,1.0,0.0,0.0,135.0,200.0,1.0,1.000000000106614,1.0,./content/Images1/
1167,noise 3 22168.0.png,40000.0,255.0,0.0,255.0,255.0,255.0,100.0,100.0,100.0,100.0,800.0,0.0,0.0,200.0,200.0,225.67583340707242,225.67583340707242,0.0,0.7853981633974483,282.842712474619,10200000.0,255.0,,,100.0,10200000.0,1.0,0.0,0.0,135.0,200.0,1.0,1.000000000106614,1.0,./content/Images1/
1168,noise 3 22169.0.png,40000.0,91.9785,122.4534520091113,0.0,0.0,255.0,100.0,100.0,100.79075408927086,100.23052398114777,800.0,0.0,0.0,200.0,200.0,225.67583340707242,225.67583340707242,0.0,0.7853981633974483,282.842712474619,3679140.0,0.0,0.5801705618626816,-1.6634021191479407,36.07,3679140.0,1.0,0.0,0.0,135.0,200.0,1.0,1.000000000106614,1.0,./content/Images1/
1169,noise 3 22170.0.png,40000.0,0.0,0.0,0.0,0.0,0.0,100.0,100.0,100.0,100.0,800.0,0.0,0.0,200.0,200.0,225.67583340707242,225.67583340707242,0.0,0.7853981633974483,282.842712474619,0.0,0.0,,,0.0,0.0,1.0,0.0,0.0,135.0,200.0,1.0,1.000000000106614,1.0,./content/Images1/
1170,noise 3 22171.0.png,40000.0,255.0,0.0,255.0,255.0,255.0,100.0,100.0,100.0,100.0,800.0,0.0,0.0,200.0,200.0,225.67583340707242,225.67583340707242,0.0,0.7853981633974483,282.842712474619,10200000.0,255.0,,,100.0,10200000.0,1.0,0.0,0.0,135.0,200.0,1.0,1.000000000106614,1.0,./content/Images1/
1171,noise 3 22172.0.png,40000.0,0.0,0.0,0.0,0.0,0.0,100.0,100.0,100.0,100.0,800.0,0.0,0.0,200.0,200.0,225.67583340707242,225.67583340707242,0.0,0.7853981633974483,282.842712474619,0.0,0.0,,,0.0,0.0,1.0,0.0,0.0,135.0,200.0,1.0,1.000000000106614,1.0,./content/Images1/
1172,noise 3 22173.0.png,40000.0,0.0,0.0,0.0,0.0,0.0,100.0,100.0,100.0,100.0,800.0,0.0,0.0,200.0,200.0,225.67583340707242,225.67583340707242,0.0,0.7853981633974483,282.842712474619,0.0,0.0,,,0.0,0.0,1.0,0.0,0.0,135.0,200.0,1.0,1.000000000106614,1.0,./content/Images1/
1173,noise 3 22174.0.png,40000.0,0.0,0.0,0.0,0.0,0.0,100.0,100.0,100.0,100.0,800.0,0.0,0.0,200.0,200.0,225.67583340707242,225.67583340707242,0.0,0.7853981633974483,282.842712474619,0.0,0.0,,,0.0,0.0,1.0,0.0,0.0,135.0,200.0,1.0,1.000000000106614,1.0,./content/Images1/
1174,noise 3 22175.0.png,40000.0,22.12125,71.7753289151887,0.0,0.0,255.0,100.0,100.0,100.46772334293948,100.22564841498559,800.0,0.0,0.0,200.0,200.0,225.67583340707242,225.67583340707242,0.0,0.7853981633974483,282.842712474619,884850.0,0.0,2.936386885348671,6.6223679404476705,8.675,884850.0,1.0,0.0,0.0,135.0,200.0,1.0,1.000000000106614,1.0,./content/Images1/
1175,noise 3 22176.0.png,40000.0,10.79925,51.354171015697624,0.0,0.0,255.0,100.0,100.0,100.12514757969304,100.26328217237308,800.0,0.0,0.0,200.0,200.0,225.67583340707242,225.67583340707242,0.0,0.7853981633974483,282.842712474619,431970.0,0.0,4.544994358921867,18.6569737226316,4.235,431970.0,1.0,0.0,0.0,135.0,200.0,1.0,1.000000000106614,1.0,./content/Images1/
1176,noise 3 22177.0.png,40000.0,0.0,0.0,0.0,0.0,0.0,100.0,100.0,100.0,100.0,800.0,0.0,0.0,200.0,200.0,225.67583340707242,225.67583340707242,0.0,0.7853981633974483,282.842712474619,0.0,0.0,,,0.0,0.0,1.0,0.0,0.0,135.0,200.0,1.0,1.000000000106614,1.0,./content/Images1/
1177,noise 3 22178.0.png,40000.0,117.676125,127.12256087579996,0.0,0.0,255.0,100.0,100.0,99.9985643859364,100.47833035375697,800.0,0.0,0.0,200.0,200.0,225.67583340707242,225.67583340707242,0.0,0.7853981633974483,282.842712474619,4707045.0,0.0,0.15455946974413443,-1.976111370312412,46.1475,4707045.0,1.0,0.0,0.0,135.0,200.0,1.0,1.000000000106614,1.0,./content/Images1/
1178,noise 3 22179.0.png,40000.0,255.0,0.0,255.0,255.0,255.0,100.0,100.0,100.0,100.0,800.0,0.0,0.0,200.0,200.0,225.67583340707242,225.67583340707242,0.0,0.7853981633974483,282.842712474619,10200000.0,255.0,,,100.0,10200000.0,1.0,0.0,0.0,135.0,200.0,1.0,1.000000000106614,1.0,./content/Images1/
1179,noise 3 22180.0.png,40000.0,255.0,0.0,255.0,255.0,255.0,100.0,100.0,100.0,100.0,800.0,0.0,0.0,200.0,200.0,225.67583340707242,225.67583340707242,0.0,0.7853981633974483,282.842712474619,10200000.0,255.0,,,100.0,10200000.0,1.0,0.0,0.0,135.0,200.0,1.0,1.000000000106614,1.0,./content/Images1/
1180,noise 3 22181.0.png,40000.0,255.0,0.0,255.0,255.0,255.0,100.0,100.0,100.0,100.0,800.0,0.0,0.0,200.0,200.0,225.67583340707242,225.67583340707242,0.0,0.7853981633974483,282.842712474619,10200000.0,255.0,,,100.0,10200000.0,1.0,0.0,0.0,135.0,200.0,1.0,1.000000000106614,1.0,./content/Images1/
1181,noise 3 22182.0.png,40000.0,255.0,0.0,255.0,255.0,255.0,100.0,100.0,100.0,100.0,800.0,0.0,0.0,200.0,200.0,225.67583340707242,225.67583340707242,0.0,0.7853981633974483,282.842712474619,10200000.0,255.0,,,100.0,10200000.0,1.0,0.0,0.0,135.0,200.0,1.0,1.000000000106614,1.0,./content/Images1/
1182,noise 3 22183.0.png,40000.0,43.203375,95.65854785409307,0.0,0.0,255.0,100.0,100.0,100.17670060498746,100.17566769957209,800.0,0.0,0.0,200.0,200.0,225.67583340707242,225.67583340707242,0.0,0.7853981633974483,282.842712474619,1728135.0,0.0,1.7624703828067358,1.1063018502709223,16.9425,1728135.0,1.0,0.0,0.0,135.0,200.0,1.0,1.000000000106614,1.0,./content/Images1/
1183,noise 3 22184.0.png,40000.0,255.0,0.0,255.0,255.0,255.0,100.0,100.0,100.0,100.0,800.0,0.0,0.0,200.0,200.0,225.67583340707242,225.67583340707242,0.0,0.7853981633974483,282.842712474619,10200000.0,255.0,,,100.0,10200000.0,1.0,0.0,0.0,135.0,200.0,1.0,1.000000000106614,1.0,./content/Images1/
1184,noise 3 22185.0.png,40000.0,255.0,0.0,255.0,255.0,255.0,100.0,100.0,100.0,100.0,800.0,0.0,0.0,200.0,200.0,225.67583340707242,225.67583340707242,0.0,0.7853981633974483,282.842712474619,10200000.0,255.0,,,100.0,10200000.0,1.0,0.0,0.0,135.0,200.0,1.0,1.000000000106614,1.0,./content/Images1/
1185,noise 3 22186.0.png,40000.0,121.258875,127.3487487230613,0.0,0.0,255.0,100.0,100.0,100.27141054623837,99.61629251879502,800.0,0.0,0.0,200.0,200.0,225.67583340707242,225.67583340707242,0.0,0.7853981633974483,282.842712474619,4850355.0,0.0,0.09801750041687037,-1.9903925696120288,47.5525,4850355.0,1.0,0.0,0.0,135.0,200.0,1.0,1.000000000106614,1.0,./content/Images1/
1186,noise 3 22187.0.png,40000.0,255.0,0.0,255.0,255.0,255.0,100.0,100.0,100.0,100.0,800.0,0.0,0.0,200.0,200.0,225.67583340707242,225.67583340707242,0.0,0.7853981633974483,282.842712474619,10200000.0,255.0,,,100.0,10200000.0,1.0,0.0,0.0,135.0,200.0,1.0,1.000000000106614,1.0,./content/Images1/
1187,noise 3 22188.0.png,40000.0,18.723375,66.51320510823936,0.0,0.0,255.0,100.0,100.0,100.16939053455907,100.73220973782772,800.0,0.0,0.0,200.0,200.0,225.67583340707242,225.67583340707242,0.0,0.7853981633974483,282.842712474619,748935.0,0.0,3.2708688314234493,8.698582912377402,7.3425,748935.0,1.0,0.0,0.0,135.0,200.0,1.0,1.000000000106614,1.0,./content/Images1/
1188,noise 3 22189.0.png,40000.0,0.0,0.0,0.0,0.0,0.0,100.0,100.0,100.0,100.0,800.0,0.0,0.0,200.0,200.0,225.67583340707242,225.67583340707242,0.0,0.7853981633974483,282.842712474619,0.0,0.0,,,0.0,0.0,1.0,0.0,0.0,135.0,200.0,1.0,1.000000000106614,1.0,./content/Images1/
1189,noise 3 22190.0.png,40000.0,32.283,84.79476790944486,0.0,0.0,255.0,100.0,100.0,101.05766192733017,99.97985781990522,800.0,0.0,0.0,200.0,200.0,225.67583340707242,225.67583340707242,0.0,0.7853981633974483,282.842712474619,1291320.0,0.0,2.2458506009829184,3.043844921935338,12.66,1291320.0,1.0,0.0,0.0,135.0,200.0,1.0,1.000000000106614,1.0,./content/Images1/
1190,noise 3 22191.0.png,40000.0,15.54225,61.00660013530504,0.0,0.0,255.0,100.0,100.0,100.42616899097621,100.52255947497949,800.0,0.0,0.0,200.0,200.0,225.67583340707242,225.67583340707242,0.0,0.7853981633974483,282.842712474619,621690.0,0.0,3.670394654014621,11.471796916219109,6.095,621690.0,1.0,0.0,0.0,135.0,200.0,1.0,1.000000000106614,1.0,./content/Images1/
1191,noise 3 22192.0.png,40000.0,3.232125,28.526576856048695,0.0,0.0,255.0,100.0,100.0,101.16074950690336,101.91420118343196,800.0,0.0,0.0,200.0,200.0,225.67583340707242,225.67583340707242,0.0,0.7853981633974483,282.842712474619,129285.0,0.0,8.712537014493812,73.90830122892476,1.2675,129285.0,1.0,0.0,0.0,135.0,200.0,1.0,1.000000000106614,1.0,./content/Images1/
1192,noise 3 22193.0.png,40000.0,36.3375,89.13948193663119,0.0,0.0,255.0,100.0,100.0,101.22350877192983,99.6998245614035,800.0,0.0,0.0,200.0,200.0,225.67583340707242,225.67583340707242,0.0,0.7853981633974483,282.842712474619,1453500.0,0.0,2.0454155122289004,2.1837246176666154,14.25,1453500.0,1.0,0.0,0.0,135.0,200.0,1.0,1.000000000106614,1.0,./content/Images1/
1193,noise 3 22194.0.png,40000.0,0.0,0.0,0.0,0.0,0.0,100.0,100.0,100.0,100.0,800.0,0.0,0.0,200.0,200.0,225.67583340707242,225.67583340707242,0.0,0.7853981633974483,282.842712474619,0.0,0.0,,,0.0,0.0,1.0,0.0,0.0,135.0,200.0,1.0,1.000000000106614,1.0,./content/Images1/
1194,noise 3 22195.0.png,40000.0,18.04125,65.38454654511777,0.0,0.0,255.0,100.0,100.0,101.60671378091872,101.52897526501766,800.0,0.0,0.0,200.0,200.0,225.67583340707242,225.67583340707242,0.0,0.7853981633974483,282.842712474619,721650.0000000001,0.0,3.348195377771669,9.210412287731568,7.075,721650.0000000001,1.0,0.0,0.0,135.0,200.0,1.0,1.000000000106614,1.0,./content/Images1/
1195,noise 3 22196.0.png,40000.0,61.537875,109.11253687879766,0.0,0.0,255.0,100.0,100.0,100.7217963327463,100.13762560861909,800.0,0.0,0.0,200.0,200.0,225.67583340707242,225.67583340707242,0.0,0.7853981633974483,282.842712474619,2461515.0,0.0,1.209081035578788,-0.5381230494037252,24.1325,2461515.0,1.0,0.0,0.0,135.0,200.0,1.0,1.000000000106614,1.0,./content/Images1/
1196,noise 3 22197.0.png,40000.0,0.0,0.0,0.0,0.0,0.0,100.0,100.0,100.0,100.0,800.0,0.0,0.0,200.0,200.0,225.67583340707242,225.67583340707242,0.0,0.7853981633974483,282.842712474619,0.0,0.0,,,0.0,0.0,1.0,0.0,0.0,135.0,200.0,1.0,1.000000000106614,1.0,./content/Images1/
1197,noise 3 22198.0.png,40000.0,2.3715,24.476998709740663,0.0,0.0,255.0,100.0,100.0,97.11827956989248,97.13978494623656,800.0,0.0,0.0,200.0,200.0,225.67583340707242,225.67583340707242,0.0,0.7853981633974483,282.842712474619,94860.0,0.0,10.22429797210243,102.53626902233783,0.93,94860.0,1.0,0.0,0.0,135.0,200.0,1.0,1.000000000106614,1.0,./content/Images1/
1198,noise 3 22199.0.png,40000.0,14.860125,59.73774162896308,0.0,0.0,255.0,100.0,100.0,101.09502359502359,101.32410982410983,800.0,0.0,0.0,200.0,200.0,225.67583340707242,225.67583340707242,0.0,0.7853981633974483,282.842712474619,594405.0,0.0,3.771193217328636,12.221898282425508,5.8275,594405.0,1.0,0.0,0.0,135.0,200.0,1.0,1.000000000106614,1.0,./content/Images1/
1199,noise 3 22200.0.png,40000.0,255.0,0.0,255.0,255.0,255.0,100.0,100.0,100.0,100.0,800.0,0.0,0.0,200.0,200.0,225.67583340707242,225.67583340707242,0.0,0.7853981633974483,282.842712474619,10200000.0,255.0,,,100.0,10200000.0,1.0,0.0,0.0,135.0,200.0,1.0,1.000000000106614,1.0,./content/Images1/
1200,noise 3 22201.0.png,40000.0,128.30325,127.49906348564778,255.0,0.0,255.0,100.0,100.0,99.7608566033986,99.75643446288383,800.0,0.0,0.0,200.0,200.0,225.67583340707242,225.67583340707242,0.0,0.7853981633974483,282.842712474619,5132130.0,255.0,-0.012600250054443771,-1.9998412336985674,50.315,5132130.0,1.0,0.0,0.0,135.0,200.0,1.0,1.000000000106614,1.0,./content/Images1/
1201,noise 3 22202.0.png,40000.0,230.105625,75.68671567938877,255.0,0.0,255.0,100.0,100.0,99.65689153622385,100.31379692478183,800.0,0.0,0.0,200.0,200.0,225.67583340707242,225.67583340707242,0.0,0.7853981633974483,282.842712474619,9204225.0,255.0,-2.7113584378269793,5.351464578375646,90.2375,9204225.0,1.0,0.0,0.0,135.0,200.0,1.0,1.000000000106614,1.0,./content/Images1/
1202,noise 3 22203.0.png,40000.0,0.0,0.0,0.0,0.0,0.0,100.0,100.0,100.0,100.0,800.0,0.0,0.0,200.0,200.0,225.67583340707242,225.67583340707242,0.0,0.7853981633974483,282.842712474619,0.0,0.0,,,0.0,0.0,1.0,0.0,0.0,135.0,200.0,1.0,1.000000000106614,1.0,./content/Images1/
1203,noise 3 22204.0.png,40000.0,111.67725,126.5159702950817,0.0,0.0,255.0,100.0,100.0,100.08653955931042,100.49263614567873,800.0,0.0,0.0,200.0,200.0,225.67583340707242,225.67583340707242,0.0,0.7853981633974483,282.842712474619,4467090.0,0.0,0.25013360370518634,-1.9374331802974574,43.795,4467090.0,1.0,0.0,0.0,135.0,200.0,1.0,1.000000000106614,1.0,./content/Images1/
1204,noise 3 22205.0.png,40000.0,51.6885,102.51404389633598,0.0,0.0,255.0,100.0,100.0,99.46521953626048,100.21645288603848,800.0,0.0,0.0,200.0,200.0,225.67583340707242,225.67583340707242,0.0,0.7853981633974483,282.842712474619,2067540.0,0.0,1.4790646194424169,0.18763214848634124,20.27,2067540.0,1.0,0.0,0.0,135.0,200.0,1.0,1.000000000106614,1.0,./content/Images1/
1205,noise 3 22206.0.png,40000.0,74.205,115.82844374638519,0.0,0.0,255.0,100.0,100.0,99.6548969072165,100.0643470790378,800.0,0.0,0.0,200.0,200.0,225.67583340707242,225.67583340707242,0.0,0.7853981633974483,282.842712474619,2968200.0,0.0,0.9202517874916114,-1.153136647618494,29.1,2968200.0,1.0,0.0,0.0,135.0,200.0,1.0,1.000000000106614,1.0,./content/Images1/
1206,noise 3 22207.0.png,40000.0,255.0,0.0,255.0,255.0,255.0,100.0,100.0,100.0,100.0,800.0,0.0,0.0,200.0,200.0,225.67583340707242,225.67583340707242,0.0,0.7853981633974483,282.842712474619,10200000.0,255.0,,,100.0,10200000.0,1.0,0.0,0.0,135.0,200.0,1.0,1.000000000106614,1.0,./content/Images1/
1207,noise 3 22208.0.png,40000.0,22.318875,72.06462916371517,0.0,0.0,255.0,100.0,100.0,99.8690374178806,100.14467295058554,800.0,0.0,0.0,200.0,200.0,225.67583340707242,225.67583340707242,0.0,0.7853981633974483,282.842712474619,892754.9999999999,0.0,2.9191141620881225,6.521227491303442,8.7525,892754.9999999999,1.0,0.0,0.0,135.0,200.0,1.0,1.000000000106614,1.0,./content/Images1/
1208,noise 3 22209.0.png,40000.0,102.210375,124.96829715668582,0.0,0.0,255.0,100.0,100.0,100.21683402981351,99.58070853863906,800.0,0.0,0.0,200.0,200.0,225.67583340707242,225.67583340707242,0.0,0.7853981633974483,282.842712474619,4088415.0,0.0,0.40474170972388696,-1.8361841484097856,40.0825,4088415.0,1.0,0.0,0.0,135.0,200.0,1.0,1.000000000106614,1.0,./content/Images1/
1209,noise 3 22210.0.png,40000.0,0.0,0.0,0.0,0.0,0.0,100.0,100.0,100.0,100.0,800.0,0.0,0.0,200.0,200.0,225.67583340707242,225.67583340707242,0.0,0.7853981633974483,282.842712474619,0.0,0.0,,,0.0,0.0,1.0,0.0,0.0,135.0,200.0,1.0,1.000000000106614,1.0,./content/Images1/
1210,noise 3 22211.0.png,40000.0,255.0,0.0,255.0,255.0,255.0,100.0,100.0,100.0,100.0,800.0,0.0,0.0,200.0,200.0,225.67583340707242,225.67583340707242,0.0,0.7853981633974483,282.842712474619,10200000.0,255.0,,,100.0,10200000.0,1.0,0.0,0.0,135.0,200.0,1.0,1.000000000106614,1.0,./content/Images1/
1211,noise 3 22212.0.png,40000.0,172.437375,119.31989883948884,255.0,0.0,255.0,100.0,100.0,100.30195201301342,99.39548596990646,800.0,0.0,0.0,200.0,200.0,225.67583340707242,225.67583340707242,0.0,0.7853981633974483,282.842712474619,6897495.0,255.0,-0.7532345763747446,-1.4326376729535584,67.6225,6897495.0,1.0,0.0,0.0,135.0,200.0,1.0,1.000000000106614,1.0,./content/Images1/
1212,noise 3 22213.0.png,40000.0,255.0,0.0,255.0,255.0,255.0,100.0,100.0,100.0,100.0,800.0,0.0,0.0,200.0,200.0,225.67583340707242,225.67583340707242,0.0,0.7853981633974483,282.842712474619,10200000.0,255.0,,,100.0,10200000.0,1.0,0.0,0.0,135.0,200.0,1.0,1.000000000106614,1.0,./content/Images1/
1213,noise 3 22214.0.png,40000.0,103.880625,125.29472292877789,0.0,0.0,255.0,100.0,100.0,101.40586069346425,100.34719239030377,800.0,0.0,0.0,200.0,200.0,225.67583340707242,225.67583340707242,0.0,0.7853981633974483,282.842712474619,4155225.0,0.0,0.37702577882948385,-1.8578515620980212,40.7375,4155225.0,1.0,0.0,0.0,135.0,200.0,1.0,1.000000000106614,1.0,./content/Images1/
1214,noise 3 22215.0.png,40000.0,255.0,0.0,255.0,255.0,255.0,100.0,100.0,100.0,100.0,800.0,0.0,0.0,200.0,200.0,225.67583340707242,225.67583340707242,0.0,0.7853981633974483,282.842712474619,10200000.0,255.0,,,100.0,10200000.0,1.0,0.0,0.0,135.0,200.0,1.0,1.000000000106614,1.0,./content/Images1/
1215,noise 3 22216.0.png,40000.0,0.0,0.0,0.0,0.0,0.0,100.0,100.0,100.0,100.0,800.0,0.0,0.0,200.0,200.0,225.67583340707242,225.67583340707242,0.0,0.7853981633974483,282.842712474619,0.0,0.0,,,0.0,0.0,1.0,0.0,0.0,135.0,200.0,1.0,1.000000000106614,1.0,./content/Images1/
1216,noise 3 22217.0.png,40000.0,0.0,0.0,0.0,0.0,0.0,100.0,100.0,100.0,100.0,800.0,0.0,0.0,200.0,200.0,225.67583340707242,225.67583340707242,0.0,0.7853981633974483,282.842712474619,0.0,0.0,,,0.0,0.0,1.0,0.0,0.0,135.0,200.0,1.0,1.000000000106614,1.0,./content/Images1/
1217,noise 3 22218.0.png,40000.0,255.0,0.0,255.0,255.0,255.0,100.0,100.0,100.0,100.0,800.0,0.0,0.0,200.0,200.0,225.67583340707242,225.67583340707242,0.0,0.7853981633974483,282.842712474619,10200000.0,255.0,,,100.0,10200000.0,1.0,0.0,0.0,135.0,200.0,1.0,1.000000000106614,1.0,./content/Images1/
1218,noise 3 22219.0.png,40000.0,255.0,0.0,255.0,255.0,255.0,100.0,100.0,100.0,100.0,800.0,0.0,0.0,200.0,200.0,225.67583340707242,225.67583340707242,0.0,0.7853981633974483,282.842712474619,10200000.0,255.0,,,100.0,10200000.0,1.0,0.0,0.0,135.0,200.0,1.0,1.000000000106614,1.0,./content/Images1/
1219,noise 3 22220.0.png,40000.0,254.866125,5.841323095905821,255.0,0.0,255.0,100.0,100.0,99.99973736211511,100.03913304484854,800.0,0.0,0.0,200.0,200.0,225.67583340707242,225.67583340707242,0.0,0.7853981633974483,282.842712474619,10194645.0,255.0,-43.60920120844215,1899.762430036758,99.9475,10194645.0,1.0,0.0,0.0,135.0,200.0,1.0,1.000000000106614,1.0,./content/Images1/
1220,noise 3 22221.0.png,40000.0,108.54075,126.08407619241311,0.0,0.0,255.0,100.0,100.0,100.00775284858452,100.2338188652649,800.0,0.0,0.0,200.0,200.0,225.67583340707242,225.67583340707242,0.0,0.7853981633974483,282.842712474619,4341630.0,0.0,0.3007435604498564,-1.9095533108479437,42.565,4341630.0,1.0,0.0,0.0,135.0,200.0,1.0,1.000000000106614,1.0,./content/Images1/
1221,noise 3 22222.0.png,40000.0,2.1165,23.13528276859221,0.0,0.0,255.0,100.0,100.0,98.2078313253012,97.0421686746988,800.0,0.0,0.0,200.0,200.0,225.67583340707242,225.67583340707242,0.0,0.7853981633974483,282.842712474619,84660.0,0.0,10.83929412726751,115.49029717741594,0.83,84660.0,1.0,0.0,0.0,135.0,200.0,1.0,1.000000000106614,1.0,./content/Images1/
1222,noise 3 22223.0.png,40000.0,0.0,0.0,0.0,0.0,0.0,100.0,100.0,100.0,100.0,800.0,0.0,0.0,200.0,200.0,225.67583340707242,225.67583340707242,0.0,0.7853981633974483,282.842712474619,0.0,0.0,,,0.0,0.0,1.0,0.0,0.0,135.0,200.0,1.0,1.000000000106614,1.0,./content/Images1/
1223,noise 3 22224.0.png,40000.0,255.0,0.0,255.0,255.0,255.0,100.0,100.0,100.0,100.0,800.0,0.0,0.0,200.0,200.0,225.67583340707242,225.67583340707242,0.0,0.7853981633974483,282.842712474619,10200000.0,255.0,,,100.0,10200000.0,1.0,0.0,0.0,135.0,200.0,1.0,1.000000000106614,1.0,./content/Images1/
1224,noise 3 22225.0.png,40000.0,255.0,0.0,255.0,255.0,255.0,100.0,100.0,100.0,100.0,800.0,0.0,0.0,200.0,200.0,225.67583340707242,225.67583340707242,0.0,0.7853981633974483,282.842712474619,10200000.0,255.0,,,100.0,10200000.0,1.0,0.0,0.0,135.0,200.0,1.0,1.000000000106614,1.0,./content/Images1/
1225,noise 3 22226.0.png,40000.0,255.0,0.0,255.0,255.0,255.0,100.0,100.0,100.0,100.0,800.0,0.0,0.0,200.0,200.0,225.67583340707242,225.67583340707242,0.0,0.7853981633974483,282.842712474619,10200000.0,255.0,,,100.0,10200000.0,1.0,0.0,0.0,135.0,200.0,1.0,1.000000000106614,1.0,./content/Images1/
1226,noise 3 22227.0.png,40000.0,255.0,0.0,255.0,255.0,255.0,100.0,100.0,100.0,100.0,800.0,0.0,0.0,200.0,200.0,225.67583340707242,225.67583340707242,0.0,0.7853981633974483,282.842712474619,10200000.0,255.0,,,100.0,10200000.0,1.0,0.0,0.0,135.0,200.0,1.0,1.000000000106614,1.0,./content/Images1/
1227,noise 3 22228.0.png,40000.0,255.0,0.0,255.0,255.0,255.0,100.0,100.0,100.0,100.0,800.0,0.0,0.0,200.0,200.0,225.67583340707242,225.67583340707242,0.0,0.7853981633974483,282.842712474619,10200000.0,255.0,,,100.0,10200000.0,1.0,0.0,0.0,135.0,200.0,1.0,1.000000000106614,1.0,./content/Images1/
1228,noise 3 22229.0.png,40000.0,255.0,0.0,255.0,255.0,255.0,100.0,100.0,100.0,100.0,800.0,0.0,0.0,200.0,200.0,225.67583340707242,225.67583340707242,0.0,0.7853981633974483,282.842712474619,10200000.0,255.0,,,100.0,10200000.0,1.0,0.0,0.0,135.0,200.0,1.0,1.000000000106614,1.0,./content/Images1/
1229,noise 3 22230.0.png,40000.0,193.1115,109.3237387750094,255.0,0.0,255.0,100.0,100.0,98.76046480919055,101.82840353888815,800.0,0.0,0.0,200.0,200.0,225.67583340707242,225.67583340707242,0.0,0.7853981633974483,282.842712474619,7724460.0,255.0,-1.2003307039134403,-0.5592062012426626,75.73,7724460.0,1.0,0.0,0.0,135.0,200.0,1.0,1.000000000106614,1.0,./content/Images1/
1230,noise 3 22231.0.png,40000.0,1.383375,18.73114171643376,0.0,0.0,255.0,100.0,100.0,104.91013824884793,102.08986175115207,800.0,0.0,0.0,200.0,200.0,225.67583340707242,225.67583340707242,0.0,0.7853981633974483,282.842712474619,55335.0,0.0,13.466152079424177,179.3372518261801,0.5425,55335.0,1.0,0.0,0.0,135.0,200.0,1.0,1.000000000106614,1.0,./content/Images1/
1231,noise 3 22232.0.png,40000.0,255.0,0.0,255.0,255.0,255.0,100.0,100.0,100.0,100.0,800.0,0.0,0.0,200.0,200.0,225.67583340707242,225.67583340707242,0.0,0.7853981633974483,282.842712474619,10200000.0,255.0,,,100.0,10200000.0,1.0,0.0,0.0,135.0,200.0,1.0,1.000000000106614,1.0,./content/Images1/
1232,noise 3 22233.0.png,40000.0,255.0,0.0,255.0,255.0,255.0,100.0,100.0,100.0,100.0,800.0,0.0,0.0,200.0,200.0,225.67583340707242,225.67583340707242,0.0,0.7853981633974483,282.842712474619,10200000.0,255.0,,,100.0,10200000.0,1.0,0.0,0.0,135.0,200.0,1.0,1.000000000106614,1.0,./content/Images1/
1233,noise 3 22234.0.png,40000.0,0.0,0.0,0.0,0.0,0.0,100.0,100.0,100.0,100.0,800.0,0.0,0.0,200.0,200.0,225.67583340707242,225.67583340707242,0.0,0.7853981633974483,282.842712474619,0.0,0.0,,,0.0,0.0,1.0,0.0,0.0,135.0,200.0,1.0,1.000000000106614,1.0,./content/Images1/
1234,noise 3 22235.0.png,40000.0,0.197625,7.096236909364839,0.0,0.0,255.0,100.0,100.0,96.30645161290323,77.1774193548387,800.0,0.0,0.0,200.0,200.0,225.67583340707242,225.67583340707242,0.0,0.7853981633974483,282.842712474619,7905.0,0.0,35.87928868088458,1285.3233562462524,0.0775,7905.0,1.0,0.0,0.0,135.0,200.0,1.0,1.000000000106614,1.0,./content/Images1/
1235,noise 3 22236.0.png,40000.0,183.580875,114.50551622985485,255.0,0.0,255.0,100.0,100.0,99.93698996423238,99.79655866930582,800.0,0.0,0.0,200.0,200.0,225.67583340707242,225.67583340707242,0.0,0.7853981633974483,282.842712474619,7343235.0,255.0,-0.979543656420976,-1.0404942251654263,71.9925,7343235.0,1.0,0.0,0.0,135.0,200.0,1.0,1.000000000106614,1.0,./content/Images1/
1236,noise 3 22237.0.png,40000.0,0.0,0.0,0.0,0.0,0.0,100.0,100.0,100.0,100.0,800.0,0.0,0.0,200.0,200.0,225.67583340707242,225.67583340707242,0.0,0.7853981633974483,282.842712474619,0.0,0.0,,,0.0,0.0,1.0,0.0,0.0,135.0,200.0,1.0,1.000000000106614,1.0,./content/Images1/
1237,noise 3 22238.0.png,40000.0,4.947,35.17162374810022,0.0,0.0,255.0,100.0,100.0,96.87371134020619,98.91237113402062,800.0,0.0,0.0,200.0,200.0,225.67583340707242,225.67583340707242,0.0,0.7853981633974483,282.842712474619,197880.0,0.0,6.968943647240271,46.5661755584105,1.94,197880.0,1.0,0.0,0.0,135.0,200.0,1.0,1.000000000106614,1.0,./content/Images1/
1238,noise 3 22239.0.png,40000.0,255.0,0.0,255.0,255.0,255.0,100.0,100.0,100.0,100.0,800.0,0.0,0.0,200.0,200.0,225.67583340707242,225.67583340707242,0.0,0.7853981633974483,282.842712474619,10200000.0,255.0,,,100.0,10200000.0,1.0,0.0,0.0,135.0,200.0,1.0,1.000000000106614,1.0,./content/Images1/
1239,noise 3 22240.0.png,40000.0,0.0,0.0,0.0,0.0,0.0,100.0,100.0,100.0,100.0,800.0,0.0,0.0,200.0,200.0,225.67583340707242,225.67583340707242,0.0,0.7853981633974483,282.842712474619,0.0,0.0,,,0.0,0.0,1.0,0.0,0.0,135.0,200.0,1.0,1.000000000106614,1.0,./content/Images1/
1240,noise 3 22241.0.png,40000.0,89.855625,121.81757680609907,0.0,0.0,255.0,100.0,100.0,100.83309684285207,100.11277048598794,800.0,0.0,0.0,200.0,200.0,225.67583340707242,225.67583340707242,0.0,0.7853981633974483,282.842712474619,3594225.0,0.0,0.618052772851181,-1.618010769970967,35.2375,3594225.0,1.0,0.0,0.0,135.0,200.0,1.0,1.000000000106614,1.0,./content/Images1/
1241,noise 3 22242.0.png,40000.0,0.0,0.0,0.0,0.0,0.0,100.0,100.0,100.0,100.0,800.0,0.0,0.0,200.0,200.0,225.67583340707242,225.67583340707242,0.0,0.7853981633974483,282.842712474619,0.0,0.0,,,0.0,0.0,1.0,0.0,0.0,135.0,200.0,1.0,1.000000000106614,1.0,./content/Images1/
1242,noise 3 22243.0.png,40000.0,0.0,0.0,0.0,0.0,0.0,100.0,100.0,100.0,100.0,800.0,0.0,0.0,200.0,200.0,225.67583340707242,225.67583340707242,0.0,0.7853981633974483,282.842712474619,0.0,0.0,,,0.0,0.0,1.0,0.0,0.0,135.0,200.0,1.0,1.000000000106614,1.0,./content/Images1/
1243,noise 3 22244.0.png,40000.0,105.831375,125.64678813441108,0.0,0.0,255.0,100.0,100.0,99.1933919643395,100.18905487621228,800.0,0.0,0.0,200.0,200.0,225.67583340707242,225.67583340707242,0.0,0.7853981633974483,282.842712474619,4233255.0,0.0,0.34491762478975235,-1.8810318321093955,41.5025,4233255.0,1.0,0.0,0.0,135.0,200.0,1.0,1.000000000106614,1.0,./content/Images1/
1244,noise 3 22245.0.png,40000.0,255.0,0.0,255.0,255.0,255.0,100.0,100.0,100.0,100.0,800.0,0.0,0.0,200.0,200.0,225.67583340707242,225.67583340707242,0.0,0.7853981633974483,282.842712474619,10200000.0,255.0,,,100.0,10200000.0,1.0,0.0,0.0,135.0,200.0,1.0,1.000000000106614,1.0,./content/Images1/
1245,noise 3 22246.0.png,40000.0,1.5555,19.855547734056483,0.0,0.0,255.0,100.0,100.0,101.75,107.15983606557377,800.0,0.0,0.0,200.0,200.0,225.67583340707242,225.67583340707242,0.0,0.7853981633974483,282.842712474619,62220.00000000001,0.0,12.686235204657144,158.94056366788234,0.61,62220.00000000001,1.0,0.0,0.0,135.0,200.0,1.0,1.000000000106614,1.0,./content/Images1/
1246,noise 3 22247.0.png,40000.0,0.0,0.0,0.0,0.0,0.0,100.0,100.0,100.0,100.0,800.0,0.0,0.0,200.0,200.0,225.67583340707242,225.67583340707242,0.0,0.7853981633974483,282.842712474619,0.0,0.0,,,0.0,0.0,1.0,0.0,0.0,135.0,200.0,1.0,1.000000000106614,1.0,./content/Images1/
1247,noise 3 22248.0.png,40000.0,255.0,0.0,255.0,255.0,255.0,100.0,100.0,100.0,100.0,800.0,0.0,0.0,200.0,200.0,225.67583340707242,225.67583340707242,0.0,0.7853981633974483,282.842712474619,10200000.0,255.0,,,100.0,10200000.0,1.0,0.0,0.0,135.0,200.0,1.0,1.000000000106614,1.0,./content/Images1/
1248,noise 3 22249.0.png,40000.0,255.0,0.0,255.0,255.0,255.0,100.0,100.0,100.0,100.0,800.0,0.0,0.0,200.0,200.0,225.67583340707242,225.67583340707242,0.0,0.7853981633974483,282.842712474619,10200000.0,255.0,,,100.0,10200000.0,1.0,0.0,0.0,135.0,200.0,1.0,1.000000000106614,1.0,./content/Images1/
1249,noise 3 22250.0.png,40000.0,255.0,0.0,255.0,255.0,255.0,100.0,100.0,100.0,100.0,800.0,0.0,0.0,200.0,200.0,225.67583340707242,225.67583340707242,0.0,0.7853981633974483,282.842712474619,10200000.0,255.0,,,100.0,10200000.0,1.0,0.0,0.0,135.0,200.0,1.0,1.000000000106614,1.0,./content/Images1/
1250,noise 3 22251.0.png,40000.0,17.104125,63.78951724654404,0.0,0.0,255.0,100.0,100.0,101.42471114424153,101.96664181885949,800.0,0.0,0.0,200.0,200.0,225.67583340707242,225.67583340707242,0.0,0.7853981633974483,282.842712474619,684165.0,0.0,3.4612977097045876,9.980581835206221,6.7075,684165.0,1.0,0.0,0.0,135.0,200.0,1.0,1.000000000106614,1.0,./content/Images1/
1251,noise 3 22252.0.png,40000.0,255.0,0.0,255.0,255.0,255.0,100.0,100.0,100.0,100.0,800.0,0.0,0.0,200.0,200.0,225.67583340707242,225.67583340707242,0.0,0.7853981633974483,282.842712474619,10200000.0,255.0,,,100.0,10200000.0,1.0,0.0,0.0,135.0,200.0,1.0,1.000000000106614,1.0,./content/Images1/
1252,noise 3 22253.0.png,40000.0,27.1575,78.66249035235734,0.0,0.0,255.0,100.0,100.0,99.7413145539906,99.10492957746479,800.0,0.0,0.0,200.0,200.0,225.67583340707242,225.67583340707242,0.0,0.7853981633974483,282.842712474619,1086300.0,0.0,2.5512478401152268,4.508865541692608,10.65,1086300.0,1.0,0.0,0.0,135.0,200.0,1.0,1.000000000106614,1.0,./content/Images1/
1253,noise 3 22254.0.png,40000.0,255.0,0.0,255.0,255.0,255.0,100.0,100.0,100.0,100.0,800.0,0.0,0.0,200.0,200.0,225.67583340707242,225.67583340707242,0.0,0.7853981633974483,282.842712474619,10200000.0,255.0,,,100.0,10200000.0,1.0,0.0,0.0,135.0,200.0,1.0,1.000000000106614,1.0,./content/Images1/
1254,noise 3 22255.0.png,40000.0,0.0,0.0,0.0,0.0,0.0,100.0,100.0,100.0,100.0,800.0,0.0,0.0,200.0,200.0,225.67583340707242,225.67583340707242,0.0,0.7853981633974483,282.842712474619,0.0,0.0,,,0.0,0.0,1.0,0.0,0.0,135.0,200.0,1.0,1.000000000106614,1.0,./content/Images1/
1255,noise 3 22256.0.png,40000.0,131.752125,127.4306689826641,255.0,0.0,255.0,100.0,100.0,99.97510524023807,100.56164416702957,800.0,0.0,0.0,200.0,200.0,225.67583340707242,225.67583340707242,0.0,0.7853981633974483,282.842712474619,5270085.0,255.0,-0.0667371235905166,-1.9955461563348638,51.6675,5270085.0,1.0,0.0,0.0,135.0,200.0,1.0,1.000000000106614,1.0,./content/Images1/
1256,noise 3 22257.0.png,40000.0,0.0,0.0,0.0,0.0,0.0,100.0,100.0,100.0,100.0,800.0,0.0,0.0,200.0,200.0,225.67583340707242,225.67583340707242,0.0,0.7853981633974483,282.842712474619,0.0,0.0,,,0.0,0.0,1.0,0.0,0.0,135.0,200.0,1.0,1.000000000106614,1.0,./content/Images1/
1257,noise 3 22258.0.png,40000.0,39.0405,91.82253342285381,0.0,0.0,255.0,100.0,100.0,100.32772697583279,100.0930764206401,800.0,0.0,0.0,200.0,200.0,225.67583340707242,225.67583340707242,0.0,0.7853981633974483,282.842712474619,1561620.0,0.0,1.9267733630722519,1.7124555926447549,15.31,1561620.0,1.0,0.0,0.0,135.0,200.0,1.0,1.000000000106614,1.0,./content/Images1/
1258,noise 3 22259.0.png,40000.0,254.649375,9.449268189976838,255.0,0.0,255.0,100.0,100.0,99.8688571786206,99.86838152459632,800.0,0.0,0.0,200.0,200.0,225.67583340707242,225.67583340707242,0.0,0.7853981633974483,282.842712474619,10185975.0,255.0,-26.912341112697398,722.2741041664381,99.8625,10185975.0,1.0,0.0,0.0,135.0,200.0,1.0,1.000000000106614,1.0,./content/Images1/
1259,noise 3 22260.0.png,40000.0,0.0,0.0,0.0,0.0,0.0,100.0,100.0,100.0,100.0,800.0,0.0,0.0,200.0,200.0,225.67583340707242,225.67583340707242,0.0,0.7853981633974483,282.842712474619,0.0,0.0,,,0.0,0.0,1.0,0.0,0.0,135.0,200.0,1.0,1.000000000106614,1.0,./content/Images1/
1260,noise 3 22261.0.png,40000.0,255.0,0.0,255.0,255.0,255.0,100.0,100.0,100.0,100.0,800.0,0.0,0.0,200.0,200.0,225.67583340707242,225.67583340707242,0.0,0.7853981633974483,282.842712474619,10200000.0,255.0,,,100.0,10200000.0,1.0,0.0,0.0,135.0,200.0,1.0,1.000000000106614,1.0,./content/Images1/
1261,noise 3 22262.0.png,40000.0,255.0,0.0,255.0,255.0,255.0,100.0,100.0,100.0,100.0,800.0,0.0,0.0,200.0,200.0,225.67583340707242,225.67583340707242,0.0,0.7853981633974483,282.842712474619,10200000.0,255.0,,,100.0,10200000.0,1.0,0.0,0.0,135.0,200.0,1.0,1.000000000106614,1.0,./content/Images1/
1262,noise 3 22263.0.png,40000.0,255.0,0.0,255.0,255.0,255.0,100.0,100.0,100.0,100.0,800.0,0.0,0.0,200.0,200.0,225.67583340707242,225.67583340707242,0.0,0.7853981633974483,282.842712474619,10200000.0,255.0,,,100.0,10200000.0,1.0,0.0,0.0,135.0,200.0,1.0,1.000000000106614,1.0,./content/Images1/
1263,noise 3 22264.0.png,40000.0,0.0,0.0,0.0,0.0,0.0,100.0,100.0,100.0,100.0,800.0,0.0,0.0,200.0,200.0,225.67583340707242,225.67583340707242,0.0,0.7853981633974483,282.842712474619,0.0,0.0,,,0.0,0.0,1.0,0.0,0.0,135.0,200.0,1.0,1.000000000106614,1.0,./content/Images1/
1264,noise 3 22265.0.png,40000.0,255.0,0.0,255.0,255.0,255.0,100.0,100.0,100.0,100.0,800.0,0.0,0.0,200.0,200.0,225.67583340707242,225.67583340707242,0.0,0.7853981633974483,282.842712474619,10200000.0,255.0,,,100.0,10200000.0,1.0,0.0,0.0,135.0,200.0,1.0,1.000000000106614,1.0,./content/Images1/
1265,noise 3 22266.0.png,40000.0,0.0,0.0,0.0,0.0,0.0,100.0,100.0,100.0,100.0,800.0,0.0,0.0,200.0,200.0,225.67583340707242,225.67583340707242,0.0,0.7853981633974483,282.842712474619,0.0,0.0,,,0.0,0.0,1.0,0.0,0.0,135.0,200.0,1.0,1.000000000106614,1.0,./content/Images1/
1266,noise 3 22267.0.png,40000.0,255.0,0.0,255.0,255.0,255.0,100.0,100.0,100.0,100.0,800.0,0.0,0.0,200.0,200.0,225.67583340707242,225.67583340707242,0.0,0.7853981633974483,282.842712474619,10200000.0,255.0,,,100.0,10200000.0,1.0,0.0,0.0,135.0,200.0,1.0,1.000000000106614,1.0,./content/Images1/
1267,noise 3 22268.0.png,40000.0,30.810375,83.11160632449008,0.0,0.0,255.0,100.0,100.0,99.6392509828264,100.01831160769709,800.0,0.0,0.0,200.0,200.0,225.67583340707242,225.67583340707242,0.0,0.7853981633974483,282.842712474619,1232415.0,0.0,2.3267709028620516,3.413862834405487,12.0825,1232415.0,1.0,0.0,0.0,135.0,200.0,1.0,1.000000000106614,1.0,./content/Images1/
1268,noise 3 22269.0.png,40000.0,47.576625,99.34158669651175,0.0,0.0,255.0,100.0,100.0,100.18538121398902,100.19301889320649,800.0,0.0,0.0,200.0,200.0,225.67583340707242,225.67583340707242,0.0,0.7853981633974483,282.842712474619,1903065.0,0.0,1.6090818904491364,0.5891445301713656,18.6575,1903065.0,1.0,0.0,0.0,135.0,200.0,1.0,1.000000000106614,1.0,./content/Images1/
1269,noise 3 22270.0.png,40000.0,255.0,0.0,255.0,255.0,255.0,100.0,100.0,100.0,100.0,800.0,0.0,0.0,200.0,200.0,225.67583340707242,225.67583340707242,0.0,0.7853981633974483,282.842712474619,10200000.0,255.0,,,100.0,10200000.0,1.0,0.0,0.0,135.0,200.0,1.0,1.000000000106614,1.0,./content/Images1/
1270,noise 3 22271.0.png,40000.0,0.0,0.0,0.0,0.0,0.0,100.0,100.0,100.0,100.0,800.0,0.0,0.0,200.0,200.0,225.67583340707242,225.67583340707242,0.0,0.7853981633974483,282.842712474619,0.0,0.0,,,0.0,0.0,1.0,0.0,0.0,135.0,200.0,1.0,1.000000000106614,1.0,./content/Images1/
1271,noise 3 22272.0.png,40000.0,3.716625,30.56058609295531,0.0,0.0,255.0,100.0,100.0,99.88936535162951,98.81389365351629,800.0,0.0,0.0,200.0,200.0,225.67583340707242,225.67583340707242,0.0,0.7853981633974483,282.842712474619,148665.0,0.0,8.100952118175128,63.62542522096609,1.4575,148665.0,1.0,0.0,0.0,135.0,200.0,1.0,1.000000000106614,1.0,./content/Images1/
1272,noise 3 22273.0.png,40000.0,255.0,0.0,255.0,255.0,255.0,100.0,100.0,100.0,100.0,800.0,0.0,0.0,200.0,200.0,225.67583340707242,225.67583340707242,0.0,0.7853981633974483,282.842712474619,10200000.0,255.0,,,100.0,10200000.0,1.0,0.0,0.0,135.0,200.0,1.0,1.000000000106614,1.0,./content/Images1/
1273,noise 3 22274.0.png,40000.0,254.0565,15.48251596018914,255.0,0.0,255.0,100.0,100.0,99.91596406704808,100.0199237177557,800.0,0.0,0.0,200.0,200.0,225.67583340707242,225.67583340707242,0.0,0.7853981633974483,282.842712474619,10162260.0,255.0,-16.348516263290357,265.2739840111145,99.63,10162260.0,1.0,0.0,0.0,135.0,200.0,1.0,1.000000000106614,1.0,./content/Images1/
1274,noise 3 22275.0.png,40000.0,0.0,0.0,0.0,0.0,0.0,100.0,100.0,100.0,100.0,800.0,0.0,0.0,200.0,200.0,225.67583340707242,225.67583340707242,0.0,0.7853981633974483,282.842712474619,0.0,0.0,,,0.0,0.0,1.0,0.0,0.0,135.0,200.0,1.0,1.000000000106614,1.0,./content/Images1/
1275,noise 3 22276.0.png,40000.0,2.10375,23.066074374114375,0.0,0.0,255.0,100.0,100.0,98.72424242424242,97.84242424242424,800.0,0.0,0.0,200.0,200.0,225.67583340707242,225.67583340707242,0.0,0.7853981633974483,282.842712474619,84149.99999999999,0.0,10.872922322945561,116.22043984080788,0.825,84149.99999999999,1.0,0.0,0.0,135.0,200.0,1.0,1.000000000106614,1.0,./content/Images1/
1276,noise 3 22277.0.png,40000.0,0.0,0.0,0.0,0.0,0.0,100.0,100.0,100.0,100.0,800.0,0.0,0.0,200.0,200.0,225.67583340707242,225.67583340707242,0.0,0.7853981633974483,282.842712474619,0.0,0.0,,,0.0,0.0,1.0,0.0,0.0,135.0,200.0,1.0,1.000000000106614,1.0,./content/Images1/
1277,noise 3 22278.0.png,40000.0,209.1255,97.94777993369655,255.0,0.0,255.0,100.0,100.0,99.92153395927326,99.43991586391904,800.0,0.0,0.0,200.0,200.0,225.67583340707242,225.67583340707242,0.0,0.7853981633974483,282.842712474619,8365019.999999999,255.0,-1.6667354868714015,0.7780071831964523,82.01,8365019.999999999,1.0,0.0,0.0,135.0,200.0,1.0,1.000000000106614,1.0,./content/Images1/
1278,noise 3 22279.0.png,40000.0,8.1345,44.81269478831143,0.0,0.0,255.0,100.0,100.0,99.5987460815047,99.43260188087774,800.0,0.0,0.0,200.0,200.0,225.67583340707242,225.67583340707242,0.0,0.7853981633974483,282.842712474619,325379.99999999994,0.0,5.327373980100903,26.38091352385615,3.19,325379.99999999994,1.0,0.0,0.0,135.0,200.0,1.0,1.000000000106614,1.0,./content/Images1/
1279,noise 3 22280.0.png,40000.0,255.0,0.0,255.0,255.0,255.0,100.0,100.0,100.0,100.0,800.0,0.0,0.0,200.0,200.0,225.67583340707242,225.67583340707242,0.0,0.7853981633974483,282.842712474619,10200000.0,255.0,,,100.0,10200000.0,1.0,0.0,0.0,135.0,200.0,1.0,1.000000000106614,1.0,./content/Images1/
1280,noise 3 22281.0.png,40000.0,255.0,0.0,255.0,255.0,255.0,100.0,100.0,100.0,100.0,800.0,0.0,0.0,200.0,200.0,225.67583340707242,225.67583340707242,0.0,0.7853981633974483,282.842712474619,10200000.0,255.0,,,100.0,10200000.0,1.0,0.0,0.0,135.0,200.0,1.0,1.000000000106614,1.0,./content/Images1/
1281,noise 3 22282.0.png,40000.0,17.14875,63.86668613038751,0.0,0.0,255.0,100.0,100.0,100.0899628252788,100.29219330855018,800.0,0.0,0.0,200.0,200.0,225.67583340707242,225.67583340707242,0.0,0.7853981633974483,282.842712474619,685950.0,0.0,3.4557180308744337,9.941987108910675,6.725,685950.0,1.0,0.0,0.0,135.0,200.0,1.0,1.000000000106614,1.0,./content/Images1/
1282,noise 3 22283.0.png,40000.0,10.149,49.850325228358685,0.0,0.0,255.0,100.0,100.0,100.4572864321608,100.56909547738694,800.0,0.0,0.0,200.0,200.0,225.67583340707242,225.67583340707242,0.0,0.7853981633974483,282.842712474619,405959.99999999994,0.0,4.708192629734165,20.167077838683102,3.98,405959.99999999994,1.0,0.0,0.0,135.0,200.0,1.0,1.000000000106614,1.0,./content/Images1/
1283,noise 3 22284.0.png,40000.0,0.0,0.0,0.0,0.0,0.0,100.0,100.0,100.0,100.0,800.0,0.0,0.0,200.0,200.0,225.67583340707242,225.67583340707242,0.0,0.7853981633974483,282.842712474619,0.0,0.0,,,0.0,0.0,1.0,0.0,0.0,135.0,200.0,1.0,1.000000000106614,1.0,./content/Images1/
1284,noise 3 22285.0.png,40000.0,0.0,0.0,0.0,0.0,0.0,100.0,100.0,100.0,100.0,800.0,0.0,0.0,200.0,200.0,225.67583340707242,225.67583340707242,0.0,0.7853981633974483,282.842712474619,0.0,0.0,,,0.0,0.0,1.0,0.0,0.0,135.0,200.0,1.0,1.000000000106614,1.0,./content/Images1/
1285,noise 3 22286.0.png,40000.0,255.0,0.0,255.0,255.0,255.0,100.0,100.0,100.0,100.0,800.0,0.0,0.0,200.0,200.0,225.67583340707242,225.67583340707242,0.0,0.7853981633974483,282.842712474619,10200000.0,255.0,,,100.0,10200000.0,1.0,0.0,0.0,135.0,200.0,1.0,1.000000000106614,1.0,./content/Images1/
1286,noise 3 22287.0.png,40000.0,255.0,0.0,255.0,255.0,255.0,100.0,100.0,100.0,100.0,800.0,0.0,0.0,200.0,200.0,225.67583340707242,225.67583340707242,0.0,0.7853981633974483,282.842712474619,10200000.0,255.0,,,100.0,10200000.0,1.0,0.0,0.0,135.0,200.0,1.0,1.000000000106614,1.0,./content/Images1/
1287,noise 3 22288.0.png,40000.0,0.286875,8.548254473910962,0.0,0.0,255.0,100.0,100.0,51.05555555555556,166.5888888888889,800.0,0.0,0.0,200.0,200.0,225.67583340707242,225.67583340707242,0.0,0.7853981633974483,282.842712474619,11475.0,0.0,29.763904568385165,883.8900151559394,0.1125,11475.0,1.0,0.0,0.0,135.0,200.0,1.0,1.000000000106614,1.0,./content/Images1/
1288,noise 3 22289.0.png,40000.0,95.76525,123.48901522345832,0.0,0.0,255.0,100.0,100.0,100.11676208227932,100.3050193050193,800.0,0.0,0.0,200.0,200.0,225.67583340707242,225.67583340707242,0.0,0.7853981633974483,282.842712474619,3830610.0,0.0,0.5139752168949923,-1.7358294764177458,37.555,3830610.0,1.0,0.0,0.0,135.0,200.0,1.0,1.000000000106614,1.0,./content/Images1/
1289,noise 3 22290.0.png,40000.0,0.0,0.0,0.0,0.0,0.0,100.0,100.0,100.0,100.0,800.0,0.0,0.0,200.0,200.0,225.67583340707242,225.67583340707242,0.0,0.7853981633974483,282.842712474619,0.0,0.0,,,0.0,0.0,1.0,0.0,0.0,135.0,200.0,1.0,1.000000000106614,1.0,./content/Images1/
1290,noise 3 22291.0.png,40000.0,255.0,0.0,255.0,255.0,255.0,100.0,100.0,100.0,100.0,800.0,0.0,0.0,200.0,200.0,225.67583340707242,225.67583340707242,0.0,0.7853981633974483,282.842712474619,10200000.0,255.0,,,100.0,10200000.0,1.0,0.0,0.0,135.0,200.0,1.0,1.000000000106614,1.0,./content/Images1/
1291,noise 3 22292.0.png,40000.0,51.969,102.7208928531373,0.0,0.0,255.0,100.0,100.0,100.59470068694799,100.14487242394505,800.0,0.0,0.0,200.0,200.0,225.67583340707242,225.67583340707242,0.0,0.7853981633974483,282.842712474619,2078760.0,0.0,1.4706247591362527,0.16273718218456246,20.38,2078760.0,1.0,0.0,0.0,135.0,200.0,1.0,1.000000000106614,1.0,./content/Images1/
1292,noise 3 22293.0.png,40000.0,255.0,0.0,255.0,255.0,255.0,100.0,100.0,100.0,100.0,800.0,0.0,0.0,200.0,200.0,225.67583340707242,225.67583340707242,0.0,0.7853981633974483,282.842712474619,10200000.0,255.0,,,100.0,10200000.0,1.0,0.0,0.0,135.0,200.0,1.0,1.000000000106614,1.0,./content/Images1/
1293,noise 3 22294.0.png,40000.0,255.0,0.0,255.0,255.0,255.0,100.0,100.0,100.0,100.0,800.0,0.0,0.0,200.0,200.0,225.67583340707242,225.67583340707242,0.0,0.7853981633974483,282.842712474619,10200000.0,255.0,,,100.0,10200000.0,1.0,0.0,0.0,135.0,200.0,1.0,1.000000000106614,1.0,./content/Images1/
1294,noise 3 22295.0.png,40000.0,255.0,0.0,255.0,255.0,255.0,100.0,100.0,100.0,100.0,800.0,0.0,0.0,200.0,200.0,225.67583340707242,225.67583340707242,0.0,0.7853981633974483,282.842712474619,10200000.0,255.0,,,100.0,10200000.0,1.0,0.0,0.0,135.0,200.0,1.0,1.000000000106614,1.0,./content/Images1/
1295,noise 3 22296.0.png,40000.0,255.0,0.0,255.0,255.0,255.0,100.0,100.0,100.0,100.0,800.0,0.0,0.0,200.0,200.0,225.67583340707242,225.67583340707242,0.0,0.7853981633974483,282.842712474619,10200000.0,255.0,,,100.0,10200000.0,1.0,0.0,0.0,135.0,200.0,1.0,1.000000000106614,1.0,./content/Images1/
1296,noise 3 22297.0.png,40000.0,0.0,0.0,0.0,0.0,0.0,100.0,100.0,100.0,100.0,800.0,0.0,0.0,200.0,200.0,225.67583340707242,225.67583340707242,0.0,0.7853981633974483,282.842712474619,0.0,0.0,,,0.0,0.0,1.0,0.0,0.0,135.0,200.0,1.0,1.000000000106614,1.0,./content/Images1/
1297,noise 3 22298.0.png,40000.0,255.0,0.0,255.0,255.0,255.0,100.0,100.0,100.0,100.0,800.0,0.0,0.0,200.0,200.0,225.67583340707242,225.67583340707242,0.0,0.7853981633974483,282.842712474619,10200000.0,255.0,,,100.0,10200000.0,1.0,0.0,0.0,135.0,200.0,1.0,1.000000000106614,1.0,./content/Images1/
1298,noise 3 22299.0.png,40000.0,23.007375,73.0593920210019,0.0,0.0,255.0,100.0,100.0,99.65128844555278,100.44901634801884,800.0,0.0,0.0,200.0,200.0,225.67583340707242,225.67583340707242,0.0,0.7853981633974483,282.842712474619,920295.0,0.0,2.8605201409906416,6.182575477013124,9.0225,920295.0,1.0,0.0,0.0,135.0,200.0,1.0,1.000000000106614,1.0,./content/Images1/
1299,noise 3 22300.0.png,40000.0,255.0,0.0,255.0,255.0,255.0,100.0,100.0,100.0,100.0,800.0,0.0,0.0,200.0,200.0,225.67583340707242,225.67583340707242,0.0,0.7853981633974483,282.842712474619,10200000.0,255.0,,,100.0,10200000.0,1.0,0.0,0.0,135.0,200.0,1.0,1.000000000106614,1.0,./content/Images1/
1300,noise 3 22301.0.png,40000.0,96.951,123.78768793297698,0.0,0.0,255.0,100.0,100.0,100.86737243556023,99.49158337716992,800.0,0.0,0.0,200.0,200.0,225.67583340707242,225.67583340707242,0.0,0.7853981633974483,282.842712474619,3878039.9999999995,0.0,0.4935770653734252,-1.756381680537358,38.02,3878039.9999999995,1.0,0.0,0.0,135.0,200.0,1.0,1.000000000106614,1.0,./content/Images1/
1301,noise 3 22302.0.png,40000.0,28.196625,79.9703044563996,0.0,0.0,255.0,100.0,100.0,100.2465521139498,100.43443364232421,800.0,0.0,0.0,200.0,200.0,225.67583340707242,225.67583340707242,0.0,0.7853981633974483,282.842712474619,1127865.0,0.0,2.483537282757347,4.167957434845748,11.0575,1127865.0,1.0,0.0,0.0,135.0,200.0,1.0,1.000000000106614,1.0,./content/Images1/
1302,noise 3 22303.0.png,40000.0,0.0,0.0,0.0,0.0,0.0,100.0,100.0,100.0,100.0,800.0,0.0,0.0,200.0,200.0,225.67583340707242,225.67583340707242,0.0,0.7853981633974483,282.842712474619,0.0,0.0,,,0.0,0.0,1.0,0.0,0.0,135.0,200.0,1.0,1.000000000106614,1.0,./content/Images1/
1303,noise 3 22304.0.png,40000.0,45.65775,97.766738072385,0.0,0.0,255.0,100.0,100.0,100.17355487294051,99.9572745043284,800.0,0.0,0.0,200.0,200.0,225.67583340707242,225.67583340707242,0.0,0.7853981633974483,282.842712474619,1826310.0,0.0,1.6742559823712575,0.8031330945059443,17.905,1826310.0,1.0,0.0,0.0,135.0,200.0,1.0,1.000000000106614,1.0,./content/Images1/
1304,noise 3 22305.0.png,40000.0,0.0,0.0,0.0,0.0,0.0,100.0,100.0,100.0,100.0,800.0,0.0,0.0,200.0,200.0,225.67583340707242,225.67583340707242,0.0,0.7853981633974483,282.842712474619,0.0,0.0,,,0.0,0.0,1.0,0.0,0.0,135.0,200.0,1.0,1.000000000106614,1.0,./content/Images1/
1305,noise 3 22306.0.png,40000.0,108.018,126.00435946214355,0.0,0.0,255.0,100.0,100.0,100.52944995278564,99.8251298394712,800.0,0.0,0.0,200.0,200.0,225.67583340707242,225.67583340707242,0.0,0.7853981633974483,282.842712474619,4320720.0,0.0,0.3092312617234391,-1.904376026772931,42.36,4320720.0,1.0,0.0,0.0,135.0,200.0,1.0,1.000000000106614,1.0,./content/Images1/
1306,noise 3 22307.0.png,40000.0,255.0,0.0,255.0,255.0,255.0,100.0,100.0,100.0,100.0,800.0,0.0,0.0,200.0,200.0,225.67583340707242,225.67583340707242,0.0,0.7853981633974483,282.842712474619,10200000.0,255.0,,,100.0,10200000.0,1.0,0.0,0.0,135.0,200.0,1.0,1.000000000106614,1.0,./content/Images1/
1307,noise 3 22308.0.png,40000.0,0.0,0.0,0.0,0.0,0.0,100.0,100.0,100.0,100.0,800.0,0.0,0.0,200.0,200.0,225.67583340707242,225.67583340707242,0.0,0.7853981633974483,282.842712474619,0.0,0.0,,,0.0,0.0,1.0,0.0,0.0,135.0,200.0,1.0,1.000000000106614,1.0,./content/Images1/
1308,noise 3 22309.0.png,40000.0,38.84925,91.6378986121411,0.0,0.0,255.0,100.0,100.0,99.95503774204136,99.64309156547424,800.0,0.0,0.0,200.0,200.0,225.67583340707242,225.67583340707242,0.0,0.7853981633974483,282.842712474619,1553970.0,0.0,1.9348295737416108,1.7435654794251425,15.235,1553970.0,1.0,0.0,0.0,135.0,200.0,1.0,1.000000000106614,1.0,./content/Images1/
1309,noise 3 22310.0.png,40000.0,69.3855,113.48690176259016,0.0,0.0,255.0,100.0,100.0,100.18063212054392,100.22592796765895,800.0,0.0,0.0,200.0,200.0,225.67583340707242,225.67583340707242,0.0,0.7853981633974483,282.842712474619,2775419.9999999995,0.0,1.0241750464991186,-0.9510654741285278,27.21,2775419.9999999995,1.0,0.0,0.0,135.0,200.0,1.0,1.000000000106614,1.0,./content/Images1/
1310,noise 3 22311.0.png,40000.0,255.0,0.0,255.0,255.0,255.0,100.0,100.0,100.0,100.0,800.0,0.0,0.0,200.0,200.0,225.67583340707242,225.67583340707242,0.0,0.7853981633974483,282.842712474619,10200000.0,255.0,,,100.0,10200000.0,1.0,0.0,0.0,135.0,200.0,1.0,1.000000000106614,1.0,./content/Images1/
1311,noise 3 22312.0.png,40000.0,0.0,0.0,0.0,0.0,0.0,100.0,100.0,100.0,100.0,800.0,0.0,0.0,200.0,200.0,225.67583340707242,225.67583340707242,0.0,0.7853981633974483,282.842712474619,0.0,0.0,,,0.0,0.0,1.0,0.0,0.0,135.0,200.0,1.0,1.000000000106614,1.0,./content/Images1/
1312,noise 3 22313.0.png,40000.0,0.0,0.0,0.0,0.0,0.0,100.0,100.0,100.0,100.0,800.0,0.0,0.0,200.0,200.0,225.67583340707242,225.67583340707242,0.0,0.7853981633974483,282.842712474619,0.0,0.0,,,0.0,0.0,1.0,0.0,0.0,135.0,200.0,1.0,1.000000000106614,1.0,./content/Images1/
1313,noise 3 22314.0.png,40000.0,28.4325,80.26232923848752,0.0,0.0,255.0,100.0,100.0,99.6957399103139,100.12780269058295,800.0,0.0,0.0,200.0,200.0,225.67583340707242,225.67583340707242,0.0,0.7853981633974483,282.842712474619,1137300.0,0.0,2.4686235574500075,4.0941022683971315,11.15,1137300.0,1.0,0.0,0.0,135.0,200.0,1.0,1.000000000106614,1.0,./content/Images1/
1314,noise 3 22315.0.png,40000.0,255.0,0.0,255.0,255.0,255.0,100.0,100.0,100.0,100.0,800.0,0.0,0.0,200.0,200.0,225.67583340707242,225.67583340707242,0.0,0.7853981633974483,282.842712474619,10200000.0,255.0,,,100.0,10200000.0,1.0,0.0,0.0,135.0,200.0,1.0,1.000000000106614,1.0,./content/Images1/
1315,noise 3 22316.0.png,40000.0,0.0,0.0,0.0,0.0,0.0,100.0,100.0,100.0,100.0,800.0,0.0,0.0,200.0,200.0,225.67583340707242,225.67583340707242,0.0,0.7853981633974483,282.842712474619,0.0,0.0,,,0.0,0.0,1.0,0.0,0.0,135.0,200.0,1.0,1.000000000106614,1.0,./content/Images1/
1316,noise 3 22317.0.png,40000.0,0.0,0.0,0.0,0.0,0.0,100.0,100.0,100.0,100.0,800.0,0.0,0.0,200.0,200.0,225.67583340707242,225.67583340707242,0.0,0.7853981633974483,282.842712474619,0.0,0.0,,,0.0,0.0,1.0,0.0,0.0,135.0,200.0,1.0,1.000000000106614,1.0,./content/Images1/
1317,noise 3 22318.0.png,40000.0,255.0,0.0,255.0,255.0,255.0,100.0,100.0,100.0,100.0,800.0,0.0,0.0,200.0,200.0,225.67583340707242,225.67583340707242,0.0,0.7853981633974483,282.842712474619,10200000.0,255.0,,,100.0,10200000.0,1.0,0.0,0.0,135.0,200.0,1.0,1.000000000106614,1.0,./content/Images1/
1318,noise 3 22319.0.png,40000.0,0.0,0.0,0.0,0.0,0.0,100.0,100.0,100.0,100.0,800.0,0.0,0.0,200.0,200.0,225.67583340707242,225.67583340707242,0.0,0.7853981633974483,282.842712474619,0.0,0.0,,,0.0,0.0,1.0,0.0,0.0,135.0,200.0,1.0,1.000000000106614,1.0,./content/Images1/
1319,noise 3 22320.0.png,40000.0,255.0,0.0,255.0,255.0,255.0,100.0,100.0,100.0,100.0,800.0,0.0,0.0,200.0,200.0,225.67583340707242,225.67583340707242,0.0,0.7853981633974483,282.842712474619,10200000.0,255.0,,,100.0,10200000.0,1.0,0.0,0.0,135.0,200.0,1.0,1.000000000106614,1.0,./content/Images1/
1320,noise 3 22321.0.png,40000.0,0.0,0.0,0.0,0.0,0.0,100.0,100.0,100.0,100.0,800.0,0.0,0.0,200.0,200.0,225.67583340707242,225.67583340707242,0.0,0.7853981633974483,282.842712474619,0.0,0.0,,,0.0,0.0,1.0,0.0,0.0,135.0,200.0,1.0,1.000000000106614,1.0,./content/Images1/
1321,noise 3 22322.0.png,40000.0,254.93625,4.031450390654251,255.0,0.0,255.0,100.0,100.0,100.0247311827957,99.98317079269817,800.0,0.0,0.0,200.0,200.0,225.67583340707242,225.67583340707242,0.0,0.7853981633974483,282.842712474619,10197450.0,255.0,-63.22183364992412,3995.000250070457,99.975,10197450.0,1.0,0.0,0.0,135.0,200.0,1.0,1.000000000106614,1.0,./content/Images1/
1322,noise 3 22323.0.png,40000.0,255.0,0.0,255.0,255.0,255.0,100.0,100.0,100.0,100.0,800.0,0.0,0.0,200.0,200.0,225.67583340707242,225.67583340707242,0.0,0.7853981633974483,282.842712474619,10200000.0,255.0,,,100.0,10200000.0,1.0,0.0,0.0,135.0,200.0,1.0,1.000000000106614,1.0,./content/Images1/
1323,noise 3 22324.0.png,40000.0,40.35375,93.06985366314392,0.0,0.0,255.0,100.0,100.0,100.76334913112164,100.96793048973144,800.0,0.0,0.0,200.0,200.0,225.67583340707242,225.67583340707242,0.0,0.7853981633974483,282.842712474619,1614150.0,0.0,1.8727296953527082,1.5071165118558483,15.825,1614150.0,1.0,0.0,0.0,135.0,200.0,1.0,1.000000000106614,1.0,./content/Images1/
1324,noise 3 22325.0.png,40000.0,0.0,0.0,0.0,0.0,0.0,100.0,100.0,100.0,100.0,800.0,0.0,0.0,200.0,200.0,225.67583340707242,225.67583340707242,0.0,0.7853981633974483,282.842712474619,0.0,0.0,,,0.0,0.0,1.0,0.0,0.0,135.0,200.0,1.0,1.000000000106614,1.0,./content/Images1/
1325,noise 3 22326.0.png,40000.0,255.0,0.0,255.0,255.0,255.0,100.0,100.0,100.0,100.0,800.0,0.0,0.0,200.0,200.0,225.67583340707242,225.67583340707242,0.0,0.7853981633974483,282.842712474619,10200000.0,255.0,,,100.0,10200000.0,1.0,0.0,0.0,135.0,200.0,1.0,1.000000000106614,1.0,./content/Images1/
1326,noise 3 22327.0.png,40000.0,34.673625,87.40540656610894,0.0,0.0,255.0,100.0,100.0,100.82744989887847,100.12860820003677,800.0,0.0,0.0,200.0,200.0,225.67583340707242,225.67583340707242,0.0,0.7853981633974483,282.842712474619,1386945.0,0.0,2.1240684986971408,2.5116669871575272,13.5975,1386945.0,1.0,0.0,0.0,135.0,200.0,1.0,1.000000000106614,1.0,./content/Images1/
1327,noise 3 22328.0.png,40000.0,0.0,0.0,0.0,0.0,0.0,100.0,100.0,100.0,100.0,800.0,0.0,0.0,200.0,200.0,225.67583340707242,225.67583340707242,0.0,0.7853981633974483,282.842712474619,0.0,0.0,,,0.0,0.0,1.0,0.0,0.0,135.0,200.0,1.0,1.000000000106614,1.0,./content/Images1/
1328,noise 3 22329.0.png,40000.0,255.0,0.0,255.0,255.0,255.0,100.0,100.0,100.0,100.0,800.0,0.0,0.0,200.0,200.0,225.67583340707242,225.67583340707242,0.0,0.7853981633974483,282.842712474619,10200000.0,255.0,,,100.0,10200000.0,1.0,0.0,0.0,135.0,200.0,1.0,1.000000000106614,1.0,./content/Images1/
1329,noise 3 22330.0.png,40000.0,25.200375,76.09981277504554,0.0,0.0,255.0,100.0,100.0,100.49696433088793,100.02592967366557,800.0,0.0,0.0,200.0,200.0,225.67583340707242,225.67583340707242,0.0,0.7853981633974483,282.842712474619,1008015.0,0.0,2.6885980408833734,5.228559425441913,9.8825,1008015.0,1.0,0.0,0.0,135.0,200.0,1.0,1.000000000106614,1.0,./content/Images1/
1330,noise 3 22331.0.png,40000.0,255.0,0.0,255.0,255.0,255.0,100.0,100.0,100.0,100.0,800.0,0.0,0.0,200.0,200.0,225.67583340707242,225.67583340707242,0.0,0.7853981633974483,282.842712474619,10200000.0,255.0,,,100.0,10200000.0,1.0,0.0,0.0,135.0,200.0,1.0,1.000000000106614,1.0,./content/Images1/
1331,noise 3 22332.0.png,40000.0,16.014,61.864509085881465,0.0,0.0,255.0,100.0,100.0,99.86902866242038,99.79578025477707,800.0,0.0,0.0,200.0,200.0,225.67583340707242,225.67583340707242,0.0,0.7853981633974483,282.842712474619,640560.0,0.0,3.6042440245136733,10.990574988242521,6.28,640560.0,1.0,0.0,0.0,135.0,200.0,1.0,1.000000000106614,1.0,./content/Images1/
1332,noise 3 22333.0.png,40000.0,182.69475,114.93528538022227,255.0,0.0,255.0,100.0,100.0,99.81540930979133,100.98754274548119,800.0,0.0,0.0,200.0,200.0,225.67583340707242,225.67583340707242,0.0,0.7853981633974483,282.842712474619,7307790.0,255.0,-0.9604611806499133,-1.0775143204645774,71.645,7307790.0,1.0,0.0,0.0,135.0,200.0,1.0,1.000000000106614,1.0,./content/Images1/
1333,noise 3 22334.0.png,40000.0,68.665125,113.11510668084242,0.0,0.0,255.0,100.0,100.0,100.32146504502832,100.30382508587874,800.0,0.0,0.0,200.0,200.0,225.67583340707242,225.67583340707242,0.0,0.7853981633974483,282.842712474619,2746605.0,0.0,1.0402785653685247,-0.9178205064348028,26.9275,2746605.0,1.0,0.0,0.0,135.0,200.0,1.0,1.000000000106614,1.0,./content/Images1/
1334,noise 3 22335.0.png,40000.0,255.0,0.0,255.0,255.0,255.0,100.0,100.0,100.0,100.0,800.0,0.0,0.0,200.0,200.0,225.67583340707242,225.67583340707242,0.0,0.7853981633974483,282.842712474619,10200000.0,255.0,,,100.0,10200000.0,1.0,0.0,0.0,135.0,200.0,1.0,1.000000000106614,1.0,./content/Images1/
1335,noise 3 22336.0.png,40000.0,67.938375,112.73411441029361,0.0,0.0,255.0,100.0,100.0,100.65182509148916,99.66280379093554,800.0,0.0,0.0,200.0,200.0,225.67583340707242,225.67583340707242,0.0,0.7853981633974483,282.842712474619,2717534.9999999995,0.0,1.056687584691471,-0.883411348358905,26.6425,2717534.9999999995,1.0,0.0,0.0,135.0,200.0,1.0,1.000000000106614,1.0,./content/Images1/
1336,noise 3 22337.0.png,40000.0,255.0,0.0,255.0,255.0,255.0,100.0,100.0,100.0,100.0,800.0,0.0,0.0,200.0,200.0,225.67583340707242,225.67583340707242,0.0,0.7853981633974483,282.842712474619,10200000.0,255.0,,,100.0,10200000.0,1.0,0.0,0.0,135.0,200.0,1.0,1.000000000106614,1.0,./content/Images1/
1337,noise 3 22338.0.png,40000.0,255.0,0.0,255.0,255.0,255.0,100.0,100.0,100.0,100.0,800.0,0.0,0.0,200.0,200.0,225.67583340707242,225.67583340707242,0.0,0.7853981633974483,282.842712474619,10200000.0,255.0,,,100.0,10200000.0,1.0,0.0,0.0,135.0,200.0,1.0,1.000000000106614,1.0,./content/Images1/
1338,noise 3 22339.0.png,40000.0,77.947125,117.47811543825746,0.0,0.0,255.0,100.0,100.0,100.31769853602682,100.57442545186882,800.0,0.0,0.0,200.0,200.0,225.67583340707242,225.67583340707242,0.0,0.7853981633974483,282.842712474619,3117885.0,0.0,0.8436208605779915,-1.2883038435976495,30.5675,3117885.0,1.0,0.0,0.0,135.0,200.0,1.0,1.000000000106614,1.0,./content/Images1/
1339,noise 3 22340.0.png,40000.0,106.488,125.75826507443105,0.0,0.0,255.0,100.0,100.0,100.3515924329502,100.012811302682,800.0,0.0,0.0,200.0,200.0,225.67583340707242,225.67583340707242,0.0,0.7853981633974483,282.842712474619,4259520.0,0.0,0.33416909246463417,-1.8883310176413624,41.76,4259520.0,1.0,0.0,0.0,135.0,200.0,1.0,1.000000000106614,1.0,./content/Images1/
1340,noise 3 22341.0.png,40000.0,255.0,0.0,255.0,255.0,255.0,100.0,100.0,100.0,100.0,800.0,0.0,0.0,200.0,200.0,225.67583340707242,225.67583340707242,0.0,0.7853981633974483,282.842712474619,10200000.0,255.0,,,100.0,10200000.0,1.0,0.0,0.0,135.0,200.0,1.0,1.000000000106614,1.0,./content/Images1/
1341,noise 3 22342.0.png,40000.0,0.0,0.0,0.0,0.0,0.0,100.0,100.0,100.0,100.0,800.0,0.0,0.0,200.0,200.0,225.67583340707242,225.67583340707242,0.0,0.7853981633974483,282.842712474619,0.0,0.0,,,0.0,0.0,1.0,0.0,0.0,135.0,200.0,1.0,1.000000000106614,1.0,./content/Images1/
1342,noise 3 22343.0.png,40000.0,202.55925,103.06611739583177,255.0,0.0,255.0,100.0,100.0,99.84572291810915,100.01469755145716,800.0,0.0,0.0,200.0,200.0,225.67583340707242,225.67583340707242,0.0,0.7853981633974483,282.842712474619,8102370.0,255.0,-1.4565444038207853,0.12152160030164838,79.435,8102370.0,1.0,0.0,0.0,135.0,200.0,1.0,1.000000000106614,1.0,./content/Images1/
1343,noise 3 22344.0.png,40000.0,255.0,0.0,255.0,255.0,255.0,100.0,100.0,100.0,100.0,800.0,0.0,0.0,200.0,200.0,225.67583340707242,225.67583340707242,0.0,0.7853981633974483,282.842712474619,10200000.0,255.0,,,100.0,10200000.0,1.0,0.0,0.0,135.0,200.0,1.0,1.000000000106614,1.0,./content/Images1/
1344,noise 3 22345.0.png,40000.0,0.0,0.0,0.0,0.0,0.0,100.0,100.0,100.0,100.0,800.0,0.0,0.0,200.0,200.0,225.67583340707242,225.67583340707242,0.0,0.7853981633974483,282.842712474619,0.0,0.0,,,0.0,0.0,1.0,0.0,0.0,135.0,200.0,1.0,1.000000000106614,1.0,./content/Images1/
1345,noise 3 22346.0.png,40000.0,118.524,127.18524217119553,0.0,0.0,255.0,100.0,100.0,100.12951807228916,99.97434380378658,800.0,0.0,0.0,200.0,200.0,225.67583340707242,225.67583340707242,0.0,0.7853981633974483,282.842712474619,4740960.0,0.0,0.14115021599788566,-1.9800766165237507,46.48,4740960.0,1.0,0.0,0.0,135.0,200.0,1.0,1.000000000106614,1.0,./content/Images1/
1346,noise 3 22347.0.png,40000.0,0.0,0.0,0.0,0.0,0.0,100.0,100.0,100.0,100.0,800.0,0.0,0.0,200.0,200.0,225.67583340707242,225.67583340707242,0.0,0.7853981633974483,282.842712474619,0.0,0.0,,,0.0,0.0,1.0,0.0,0.0,135.0,200.0,1.0,1.000000000106614,1.0,./content/Images1/
1347,noise 3 22348.0.png,40000.0,0.0,0.0,0.0,0.0,0.0,100.0,100.0,100.0,100.0,800.0,0.0,0.0,200.0,200.0,225.67583340707242,225.67583340707242,0.0,0.7853981633974483,282.842712474619,0.0,0.0,,,0.0,0.0,1.0,0.0,0.0,135.0,200.0,1.0,1.000000000106614,1.0,./content/Images1/
1348,noise 3 22349.0.png,40000.0,0.0,0.0,0.0,0.0,0.0,100.0,100.0,100.0,100.0,800.0,0.0,0.0,200.0,200.0,225.67583340707242,225.67583340707242,0.0,0.7853981633974483,282.842712474619,0.0,0.0,,,0.0,0.0,1.0,0.0,0.0,135.0,200.0,1.0,1.000000000106614,1.0,./content/Images1/
1349,noise 3 22350.0.png,40000.0,1.281375,18.03099639593305,0.0,0.0,255.0,100.0,100.0,98.62437810945273,101.30597014925372,800.0,0.0,0.0,200.0,200.0,225.67583340707242,225.67583340707242,0.0,0.7853981633974483,282.842712474619,51255.0,0.0,14.000358049083182,194.01002550252826,0.5025,51255.0,1.0,0.0,0.0,135.0,200.0,1.0,1.000000000106614,1.0,./content/Images1/
1350,noise 3 22351.0.png,40000.0,255.0,0.0,255.0,255.0,255.0,100.0,100.0,100.0,100.0,800.0,0.0,0.0,200.0,200.0,225.67583340707242,225.67583340707242,0.0,0.7853981633974483,282.842712474619,10200000.0,255.0,,,100.0,10200000.0,1.0,0.0,0.0,135.0,200.0,1.0,1.000000000106614,1.0,./content/Images1/
1351,noise 3 22352.0.png,40000.0,255.0,0.0,255.0,255.0,255.0,100.0,100.0,100.0,100.0,800.0,0.0,0.0,200.0,200.0,225.67583340707242,225.67583340707242,0.0,0.7853981633974483,282.842712474619,10200000.0,255.0,,,100.0,10200000.0,1.0,0.0,0.0,135.0,200.0,1.0,1.000000000106614,1.0,./content/Images1/
1352,noise 3 22353.0.png,40000.0,0.0,0.0,0.0,0.0,0.0,100.0,100.0,100.0,100.0,800.0,0.0,0.0,200.0,200.0,225.67583340707242,225.67583340707242,0.0,0.7853981633974483,282.842712474619,0.0,0.0,,,0.0,0.0,1.0,0.0,0.0,135.0,200.0,1.0,1.000000000106614,1.0,./content/Images1/
1353,noise 3 22354.0.png,40000.0,92.443875,122.58749443694974,0.0,0.0,255.0,100.0,100.0,100.70591683332184,100.03851458520101,800.0,0.0,0.0,200.0,200.0,225.67583340707242,225.67583340707242,0.0,0.7853981633974483,282.842712474619,3697755.0,0.0,0.5719435472728343,-1.6728805787329666,36.2525,3697755.0,1.0,0.0,0.0,135.0,200.0,1.0,1.000000000106614,1.0,./content/Images1/
1354,noise 3 22355.0.png,40000.0,255.0,0.0,255.0,255.0,255.0,100.0,100.0,100.0,100.0,800.0,0.0,0.0,200.0,200.0,225.67583340707242,225.67583340707242,0.0,0.7853981633974483,282.842712474619,10200000.0,255.0,,,100.0,10200000.0,1.0,0.0,0.0,135.0,200.0,1.0,1.000000000106614,1.0,./content/Images1/
1355,noise 3 22356.0.png,40000.0,4.845,34.814239554841556,0.0,0.0,255.0,100.0,100.0,98.02763157894736,100.9,800.0,0.0,0.0,200.0,200.0,225.67583340707242,225.67583340707242,0.0,0.7853981633974483,282.842712474619,193800.0,0.0,7.046342805967753,47.65094693921349,1.9,193800.0,1.0,0.0,0.0,135.0,200.0,1.0,1.000000000106614,1.0,./content/Images1/
1356,noise 3 22357.0.png,40000.0,255.0,0.0,255.0,255.0,255.0,100.0,100.0,100.0,100.0,800.0,0.0,0.0,200.0,200.0,225.67583340707242,225.67583340707242,0.0,0.7853981633974483,282.842712474619,10200000.0,255.0,,,100.0,10200000.0,1.0,0.0,0.0,135.0,200.0,1.0,1.000000000106614,1.0,./content/Images1/
1357,noise 3 22358.0.png,40000.0,52.357875,103.00571005964669,0.0,0.0,255.0,100.0,100.0,100.41635212468039,100.53811031291855,800.0,0.0,0.0,200.0,200.0,225.67583340707242,225.67583340707242,0.0,0.7853981633974483,282.842712474619,2094315.0,0.0,1.4590077433699906,0.12870359521359154,20.5325,2094315.0,1.0,0.0,0.0,135.0,200.0,1.0,1.000000000106614,1.0,./content/Images1/
1358,noise 3 22359.0.png,40000.0,255.0,0.0,255.0,255.0,255.0,100.0,100.0,100.0,100.0,800.0,0.0,0.0,200.0,200.0,225.67583340707242,225.67583340707242,0.0,0.7853981633974483,282.842712474619,10200000.0,255.0,,,100.0,10200000.0,1.0,0.0,0.0,135.0,200.0,1.0,1.000000000106614,1.0,./content/Images1/
1359,noise 3 22360.0.png,40000.0,255.0,0.0,255.0,255.0,255.0,100.0,100.0,100.0,100.0,800.0,0.0,0.0,200.0,200.0,225.67583340707242,225.67583340707242,0.0,0.7853981633974483,282.842712474619,10200000.0,255.0,,,100.0,10200000.0,1.0,0.0,0.0,135.0,200.0,1.0,1.000000000106614,1.0,./content/Images1/
1360,noise 3 22361.0.png,40000.0,0.0,0.0,0.0,0.0,0.0,100.0,100.0,100.0,100.0,800.0,0.0,0.0,200.0,200.0,225.67583340707242,225.67583340707242,0.0,0.7853981633974483,282.842712474619,0.0,0.0,,,0.0,0.0,1.0,0.0,0.0,135.0,200.0,1.0,1.000000000106614,1.0,./content/Images1/
1361,noise 3 22362.0.png,40000.0,0.0,0.0,0.0,0.0,0.0,100.0,100.0,100.0,100.0,800.0,0.0,0.0,200.0,200.0,225.67583340707242,225.67583340707242,0.0,0.7853981633974483,282.842712474619,0.0,0.0,,,0.0,0.0,1.0,0.0,0.0,135.0,200.0,1.0,1.000000000106614,1.0,./content/Images1/
1362,noise 3 22363.0.png,40000.0,255.0,0.0,255.0,255.0,255.0,100.0,100.0,100.0,100.0,800.0,0.0,0.0,200.0,200.0,225.67583340707242,225.67583340707242,0.0,0.7853981633974483,282.842712474619,10200000.0,255.0,,,100.0,10200000.0,1.0,0.0,0.0,135.0,200.0,1.0,1.000000000106614,1.0,./content/Images1/
1363,noise 3 22364.0.png,40000.0,0.0,0.0,0.0,0.0,0.0,100.0,100.0,100.0,100.0,800.0,0.0,0.0,200.0,200.0,225.67583340707242,225.67583340707242,0.0,0.7853981633974483,282.842712474619,0.0,0.0,,,0.0,0.0,1.0,0.0,0.0,135.0,200.0,1.0,1.000000000106614,1.0,./content/Images1/
1364,noise 3 22365.0.png,40000.0,0.0,0.0,0.0,0.0,0.0,100.0,100.0,100.0,100.0,800.0,0.0,0.0,200.0,200.0,225.67583340707242,225.67583340707242,0.0,0.7853981633974483,282.842712474619,0.0,0.0,,,0.0,0.0,1.0,0.0,0.0,135.0,200.0,1.0,1.000000000106614,1.0,./content/Images1/
1365,noise 3 22366.0.png,40000.0,26.475375,77.78448691268383,0.0,0.0,255.0,100.0,100.0,99.98543221767397,100.07909944618348,800.0,0.0,0.0,200.0,200.0,225.67583340707242,225.67583340707242,0.0,0.7853981633974483,282.842712474619,1059015.0,0.0,2.5975844758067557,4.747445108952258,10.3825,1059015.0,1.0,0.0,0.0,135.0,200.0,1.0,1.000000000106614,1.0,./content/Images1/
1366,noise 3 22367.0.png,40000.0,102.31875,124.99018046257795,0.0,0.0,255.0,100.0,100.0,100.14168224299065,99.8833644859813,800.0,0.0,0.0,200.0,200.0,225.67583340707242,225.67583340707242,0.0,0.7853981633974483,282.842712474619,4092750.0,0.0,0.40293668955964695,-1.8376420242067142,40.125,4092750.0,1.0,0.0,0.0,135.0,200.0,1.0,1.000000000106614,1.0,./content/Images1/
1367,noise 3 22368.0.png,40000.0,0.0,0.0,0.0,0.0,0.0,100.0,100.0,100.0,100.0,800.0,0.0,0.0,200.0,200.0,225.67583340707242,225.67583340707242,0.0,0.7853981633974483,282.842712474619,0.0,0.0,,,0.0,0.0,1.0,0.0,0.0,135.0,200.0,1.0,1.000000000106614,1.0,./content/Images1/
1368,noise 3 22369.0.png,40000.0,14.382,58.82732861829448,0.0,0.0,255.0,100.0,100.0,99.53945035460993,100.22872340425532,800.0,0.0,0.0,200.0,200.0,225.67583340707242,225.67583340707242,0.0,0.7853981633974483,282.842712474619,575280.0,0.0,3.8458116884924802,12.790267543345388,5.64,575280.0,1.0,0.0,0.0,135.0,200.0,1.0,1.000000000106614,1.0,./content/Images1/
1369,noise 3 22370.0.png,40000.0,255.0,0.0,255.0,255.0,255.0,100.0,100.0,100.0,100.0,800.0,0.0,0.0,200.0,200.0,225.67583340707242,225.67583340707242,0.0,0.7853981633974483,282.842712474619,10200000.0,255.0,,,100.0,10200000.0,1.0,0.0,0.0,135.0,200.0,1.0,1.000000000106614,1.0,./content/Images1/
1370,noise 3 22371.0.png,40000.0,255.0,0.0,255.0,255.0,255.0,100.0,100.0,100.0,100.0,800.0,0.0,0.0,200.0,200.0,225.67583340707242,225.67583340707242,0.0,0.7853981633974483,282.842712474619,10200000.0,255.0,,,100.0,10200000.0,1.0,0.0,0.0,135.0,200.0,1.0,1.000000000106614,1.0,./content/Images1/
1371,noise 3 22372.0.png,40000.0,255.0,0.0,255.0,255.0,255.0,100.0,100.0,100.0,100.0,800.0,0.0,0.0,200.0,200.0,225.67583340707242,225.67583340707242,0.0,0.7853981633974483,282.842712474619,10200000.0,255.0,,,100.0,10200000.0,1.0,0.0,0.0,135.0,200.0,1.0,1.000000000106614,1.0,./content/Images1/
1372,noise 3 22373.0.png,40000.0,10.550625,50.78541292599211,0.0,0.0,255.0,100.0,100.0,100.3809667673716,100.59667673716012,800.0,0.0,0.0,200.0,200.0,225.67583340707242,225.67583340707242,0.0,0.7853981633974483,282.842712474619,422025.0,0.0,4.605686166814342,19.21234506718499,4.1375,422025.0,1.0,0.0,0.0,135.0,200.0,1.0,1.000000000106614,1.0,./content/Images1/
1373,noise 3 22374.0.png,40000.0,0.0,0.0,0.0,0.0,0.0,100.0,100.0,100.0,100.0,800.0,0.0,0.0,200.0,200.0,225.67583340707242,225.67583340707242,0.0,0.7853981633974483,282.842712474619,0.0,0.0,,,0.0,0.0,1.0,0.0,0.0,135.0,200.0,1.0,1.000000000106614,1.0,./content/Images1/
1374,noise 3 22375.0.png,40000.0,0.0,0.0,0.0,0.0,0.0,100.0,100.0,100.0,100.0,800.0,0.0,0.0,200.0,200.0,225.67583340707242,225.67583340707242,0.0,0.7853981633974483,282.842712474619,0.0,0.0,,,0.0,0.0,1.0,0.0,0.0,135.0,200.0,1.0,1.000000000106614,1.0,./content/Images1/
1375,noise 3 22376.0.png,40000.0,152.06925,125.11192301003723,255.0,0.0,255.0,100.0,100.0,100.26297476314245,101.20474553533998,800.0,0.0,0.0,200.0,200.0,225.67583340707242,225.67583340707242,0.0,0.7853981633974483,282.842712474619,6082770.0,255.0,-0.392761241778889,-1.8457386069563033,59.635,6082770.0,1.0,0.0,0.0,135.0,200.0,1.0,1.000000000106614,1.0,./content/Images1/
1376,noise 3 22377.0.png,40000.0,0.0,0.0,0.0,0.0,0.0,100.0,100.0,100.0,100.0,800.0,0.0,0.0,200.0,200.0,225.67583340707242,225.67583340707242,0.0,0.7853981633974483,282.842712474619,0.0,0.0,,,0.0,0.0,1.0,0.0,0.0,135.0,200.0,1.0,1.000000000106614,1.0,./content/Images1/
1377,noise 3 22378.0.png,40000.0,255.0,0.0,255.0,255.0,255.0,100.0,100.0,100.0,100.0,800.0,0.0,0.0,200.0,200.0,225.67583340707242,225.67583340707242,0.0,0.7853981633974483,282.842712474619,10200000.0,255.0,,,100.0,10200000.0,1.0,0.0,0.0,135.0,200.0,1.0,1.000000000106614,1.0,./content/Images1/
1378,noise 3 22379.0.png,40000.0,170.193375,120.14111110803759,255.0,0.0,255.0,100.0,100.0,100.03388021125969,100.06594373899689,800.0,0.0,0.0,200.0,200.0,225.67583340707242,225.67583340707242,0.0,0.7853981633974483,282.842712474619,6807735.0,255.0,-0.7107293795343916,-1.4948637490666583,66.7425,6807735.0,1.0,0.0,0.0,135.0,200.0,1.0,1.000000000106614,1.0,./content/Images1/
1379,noise 3 22380.0.png,40000.0,74.020125,115.74319799530956,0.0,0.0,255.0,100.0,100.0,100.32766342261648,100.02183274481095,800.0,0.0,0.0,200.0,200.0,225.67583340707242,225.67583340707242,0.0,0.7853981633974483,282.842712474619,2960804.9999999995,0.0,0.9241241720855065,-1.1459945145672774,29.0275,2960804.9999999995,1.0,0.0,0.0,135.0,200.0,1.0,1.000000000106614,1.0,./content/Images1/
1380,noise 3 22381.0.png,40000.0,255.0,0.0,255.0,255.0,255.0,100.0,100.0,100.0,100.0,800.0,0.0,0.0,200.0,200.0,225.67583340707242,225.67583340707242,0.0,0.7853981633974483,282.842712474619,10200000.0,255.0,,,100.0,10200000.0,1.0,0.0,0.0,135.0,200.0,1.0,1.000000000106614,1.0,./content/Images1/
1381,noise 3 22382.0.png,40000.0,18.238875,65.71426422663079,0.0,0.0,255.0,100.0,100.0,101.37766515204474,99.89461726668996,800.0,0.0,0.0,200.0,200.0,225.67583340707242,225.67583340707242,0.0,0.7853981633974483,282.842712474619,729555.0,0.0,3.3253812418215385,9.058160403458562,7.1525,729555.0,1.0,0.0,0.0,135.0,200.0,1.0,1.000000000106614,1.0,./content/Images1/
1382,noise 3 22383.0.png,40000.0,255.0,0.0,255.0,255.0,255.0,100.0,100.0,100.0,100.0,800.0,0.0,0.0,200.0,200.0,225.67583340707242,225.67583340707242,0.0,0.7853981633974483,282.842712474619,10200000.0,255.0,,,100.0,10200000.0,1.0,0.0,0.0,135.0,200.0,1.0,1.000000000106614,1.0,./content/Images1/
1383,noise 3 22384.0.png,40000.0,0.0,0.0,0.0,0.0,0.0,100.0,100.0,100.0,100.0,800.0,0.0,0.0,200.0,200.0,225.67583340707242,225.67583340707242,0.0,0.7853981633974483,282.842712474619,0.0,0.0,,,0.0,0.0,1.0,0.0,0.0,135.0,200.0,1.0,1.000000000106614,1.0,./content/Images1/
1384,noise 3 22385.0.png,40000.0,238.94775,61.93339094188481,255.0,0.0,255.0,100.0,100.0,99.31519129182007,100.66274478416307,800.0,0.0,0.0,200.0,200.0,225.67583340707242,225.67583340707242,0.0,0.7853981633974483,282.842712474619,9557910.0,255.0,-3.5990001977309696,10.952802423267492,93.705,9557910.0,1.0,0.0,0.0,135.0,200.0,1.0,1.000000000106614,1.0,./content/Images1/
1385,noise 3 22386.0.png,40000.0,0.0,0.0,0.0,0.0,0.0,100.0,100.0,100.0,100.0,800.0,0.0,0.0,200.0,200.0,225.67583340707242,225.67583340707242,0.0,0.7853981633974483,282.842712474619,0.0,0.0,,,0.0,0.0,1.0,0.0,0.0,135.0,200.0,1.0,1.000000000106614,1.0,./content/Images1/
1386,noise 3 22387.0.png,40000.0,83.95875,119.83642421088712,0.0,0.0,255.0,100.0,100.0,100.12467729688686,100.14206529992407,800.0,0.0,0.0,200.0,200.0,225.67583340707242,225.67583340707242,0.0,0.7853981633974483,282.842712474619,3358350.0,0.0,0.7266871414521805,-1.4719257984480592,32.925,3358350.0,1.0,0.0,0.0,135.0,200.0,1.0,1.000000000106614,1.0,./content/Images1/
1387,noise 3 22388.0.png,40000.0,0.0,0.0,0.0,0.0,0.0,100.0,100.0,100.0,100.0,800.0,0.0,0.0,200.0,200.0,225.67583340707242,225.67583340707242,0.0,0.7853981633974483,282.842712474619,0.0,0.0,,,0.0,0.0,1.0,0.0,0.0,135.0,200.0,1.0,1.000000000106614,1.0,./content/Images1/
1388,noise 3 22389.0.png,40000.0,133.804875,127.34560838063369,255.0,0.0,255.0,100.0,100.0,99.96919815141264,100.29975225117919,800.0,0.0,0.0,200.0,200.0,225.67583340707242,225.67583340707242,0.0,0.7853981633974483,282.842712474619,5352195.0,255.0,-0.09902114242636169,-1.9901948133525775,52.4725,5352195.0,1.0,0.0,0.0,135.0,200.0,1.0,1.000000000106614,1.0,./content/Images1/
1389,noise 3 22390.0.png,40000.0,25.43625,76.41588133765464,0.0,0.0,255.0,100.0,100.0,100.78721804511278,100.98320802005013,800.0,0.0,0.0,200.0,200.0,225.67583340707242,225.67583340707242,0.0,0.7853981633974483,282.842712474619,1017450.0,0.0,2.671304028276729,5.1358652114874825,9.975,1017450.0,1.0,0.0,0.0,135.0,200.0,1.0,1.000000000106614,1.0,./content/Images1/
1390,noise 3 22391.0.png,40000.0,0.0,0.0,0.0,0.0,0.0,100.0,100.0,100.0,100.0,800.0,0.0,0.0,200.0,200.0,225.67583340707242,225.67583340707242,0.0,0.7853981633974483,282.842712474619,0.0,0.0,,,0.0,0.0,1.0,0.0,0.0,135.0,200.0,1.0,1.000000000106614,1.0,./content/Images1/
1391,noise 3 22392.0.png,40000.0,62.634375,109.76794576927881,0.0,0.0,255.0,100.0,100.0,100.6341475826972,99.55394402035624,800.0,0.0,0.0,200.0,200.0,225.67583340707242,225.67583340707242,0.0,0.7853981633974483,282.842712474619,2505375.0,0.0,1.181883023881278,-0.603152517861246,24.5625,2505375.0,1.0,0.0,0.0,135.0,200.0,1.0,1.000000000106614,1.0,./content/Images1/
1392,noise 3 22393.0.png,40000.0,255.0,0.0,255.0,255.0,255.0,100.0,100.0,100.0,100.0,800.0,0.0,0.0,200.0,200.0,225.67583340707242,225.67583340707242,0.0,0.7853981633974483,282.842712474619,10200000.0,255.0,,,100.0,10200000.0,1.0,0.0,0.0,135.0,200.0,1.0,1.000000000106614,1.0,./content/Images1/
1393,noise 3 22394.0.png,40000.0,142.806375,126.57948271143891,255.0,0.0,255.0,100.0,100.0,101.6121378509888,100.52977545645284,800.0,0.0,0.0,200.0,200.0,225.67583340707242,225.67583340707242,0.0,0.7853981633974483,282.842712474619,5712255.0,255.0,-0.2418490896849238,-1.9415090178185728,56.0025,5712255.0,1.0,0.0,0.0,135.0,200.0,1.0,1.000000000106614,1.0,./content/Images1/
1394,noise 3 22395.0.png,40000.0,0.0,0.0,0.0,0.0,0.0,100.0,100.0,100.0,100.0,800.0,0.0,0.0,200.0,200.0,225.67583340707242,225.67583340707242,0.0,0.7853981633974483,282.842712474619,0.0,0.0,,,0.0,0.0,1.0,0.0,0.0,135.0,200.0,1.0,1.000000000106614,1.0,./content/Images1/
1395,noise 3 22396.0.png,40000.0,47.908125,99.60738664763394,0.0,0.0,255.0,100.0,100.0,100.32847638057218,100.4602129075183,800.0,0.0,0.0,200.0,200.0,225.67583340707242,225.67583340707242,0.0,0.7853981633974483,282.842712474619,1916325.0,0.0,1.5981318774812545,0.5540254978217591,18.7875,1916325.0,1.0,0.0,0.0,135.0,200.0,1.0,1.000000000106614,1.0,./content/Images1/
1396,noise 3 22397.0.png,40000.0,255.0,0.0,255.0,255.0,255.0,100.0,100.0,100.0,100.0,800.0,0.0,0.0,200.0,200.0,225.67583340707242,225.67583340707242,0.0,0.7853981633974483,282.842712474619,10200000.0,255.0,,,100.0,10200000.0,1.0,0.0,0.0,135.0,200.0,1.0,1.000000000106614,1.0,./content/Images1/
1397,noise 3 22398.0.png,40000.0,20.05575,68.64474447808158,0.0,0.0,255.0,100.0,100.0,100.07819453273999,99.55149396058486,800.0,0.0,0.0,200.0,200.0,225.67583340707242,225.67583340707242,0.0,0.7853981633974483,282.842712474619,802230.0,0.0,3.1304827163459064,7.799922037340449,7.865,802230.0,1.0,0.0,0.0,135.0,200.0,1.0,1.000000000106614,1.0,./content/Images1/
1398,noise 3 22399.0.png,40000.0,14.745375,59.52086280823818,0.0,0.0,255.0,100.0,100.0,102.99373108517078,106.10570687418937,800.0,0.0,0.0,200.0,200.0,225.67583340707242,225.67583340707242,0.0,0.7853981633974483,282.842712474619,589815.0,0.0,3.7887903212193876,12.354932098165708,5.7825,589815.0,1.0,0.0,0.0,135.0,200.0,1.0,1.000000000106614,1.0,./content/Images1/
1399,noise 3 22400.0.png,40000.0,226.134,80.79447529182266,255.0,0.0,255.0,100.0,100.0,99.74551759133965,99.95853067207939,800.0,0.0,0.0,200.0,200.0,225.67583340707242,225.67583340707242,0.0,0.7853981633974483,282.842712474619,9045360.0,255.0,-2.441633108993051,3.9615722389311285,88.68,9045360.0,1.0,0.0,0.0,135.0,200.0,1.0,1.000000000106614,1.0,./content/Images1/
1400,noise 3 22401.0.png,40000.0,255.0,0.0,255.0,255.0,255.0,100.0,100.0,100.0,100.0,800.0,0.0,0.0,200.0,200.0,225.67583340707242,225.67583340707242,0.0,0.7853981633974483,282.842712474619,10200000.0,255.0,,,100.0,10200000.0,1.0,0.0,0.0,135.0,200.0,1.0,1.000000000106614,1.0,./content/Images1/
1401,noise 3 22402.0.png,40000.0,0.0,0.0,0.0,0.0,0.0,100.0,100.0,100.0,100.0,800.0,0.0,0.0,200.0,200.0,225.67583340707242,225.67583340707242,0.0,0.7853981633974483,282.842712474619,0.0,0.0,,,0.0,0.0,1.0,0.0,0.0,135.0,200.0,1.0,1.000000000106614,1.0,./content/Images1/
1402,noise 3 22403.0.png,40000.0,64.457625,110.82515964238273,0.0,0.0,255.0,100.0,100.0,99.79809118781525,100.4204826426664,800.0,0.0,0.0,200.0,200.0,225.67583340707242,225.67583340707242,0.0,0.7853981633974483,282.842712474619,2578304.9999999995,0.0,1.1377048902594828,-0.7056275826796576,25.2775,2578304.9999999995,1.0,0.0,0.0,135.0,200.0,1.0,1.000000000106614,1.0,./content/Images1/
1403,noise 3 22404.0.png,40000.0,255.0,0.0,255.0,255.0,255.0,100.0,100.0,100.0,100.0,800.0,0.0,0.0,200.0,200.0,225.67583340707242,225.67583340707242,0.0,0.7853981633974483,282.842712474619,10200000.0,255.0,,,100.0,10200000.0,1.0,0.0,0.0,135.0,200.0,1.0,1.000000000106614,1.0,./content/Images1/
1404,noise 3 22405.0.png,40000.0,255.0,0.0,255.0,255.0,255.0,100.0,100.0,100.0,100.0,800.0,0.0,0.0,200.0,200.0,225.67583340707242,225.67583340707242,0.0,0.7853981633974483,282.842712474619,10200000.0,255.0,,,100.0,10200000.0,1.0,0.0,0.0,135.0,200.0,1.0,1.000000000106614,1.0,./content/Images1/
1405,noise 3 22406.0.png,40000.0,255.0,0.0,255.0,255.0,255.0,100.0,100.0,100.0,100.0,800.0,0.0,0.0,200.0,200.0,225.67583340707242,225.67583340707242,0.0,0.7853981633974483,282.842712474619,10200000.0,255.0,,,100.0,10200000.0,1.0,0.0,0.0,135.0,200.0,1.0,1.000000000106614,1.0,./content/Images1/
1406,noise 3 22407.0.png,40000.0,255.0,0.0,255.0,255.0,255.0,100.0,100.0,100.0,100.0,800.0,0.0,0.0,200.0,200.0,225.67583340707242,225.67583340707242,0.0,0.7853981633974483,282.842712474619,10200000.0,255.0,,,100.0,10200000.0,1.0,0.0,0.0,135.0,200.0,1.0,1.000000000106614,1.0,./content/Images1/
1407,noise 3 22408.0.png,40000.0,0.0,0.0,0.0,0.0,0.0,100.0,100.0,100.0,100.0,800.0,0.0,0.0,200.0,200.0,225.67583340707242,225.67583340707242,0.0,0.7853981633974483,282.842712474619,0.0,0.0,,,0.0,0.0,1.0,0.0,0.0,135.0,200.0,1.0,1.000000000106614,1.0,./content/Images1/
1408,noise 3 22409.0.png,40000.0,70.220625,113.91070007158741,0.0,0.0,255.0,100.0,100.0,99.71543349977304,100.61892873354516,800.0,0.0,0.0,200.0,200.0,225.67583340707242,225.67583340707242,0.0,0.7853981633974483,282.842712474619,2808825.0,0.0,1.0057016763063493,-0.9885641382745991,27.5375,2808825.0,1.0,0.0,0.0,135.0,200.0,1.0,1.000000000106614,1.0,./content/Images1/
1409,noise 3 22410.0.png,40000.0,36.108,88.90416151535523,0.0,0.0,255.0,100.0,100.0,100.64971751412429,100.15995762711864,800.0,0.0,0.0,200.0,200.0,225.67583340707242,225.67583340707242,0.0,0.7853981633974483,282.842712474619,1444319.9999999998,0.0,2.055992449929024,2.227104954165151,14.16,1444319.9999999998,1.0,0.0,0.0,135.0,200.0,1.0,1.000000000106614,1.0,./content/Images1/
1410,noise 3 22411.0.png,40000.0,33.1755,85.78649475772437,0.0,0.0,255.0,100.0,100.0,100.19446579554189,101.18101460415065,800.0,0.0,0.0,200.0,200.0,225.67583340707242,225.67583340707242,0.0,0.7853981633974483,282.842712474619,1327020.0,0.0,2.1990799214899615,2.835952501100296,13.01,1327020.0,1.0,0.0,0.0,135.0,200.0,1.0,1.000000000106614,1.0,./content/Images1/
1411,noise 3 22412.0.png,40000.0,110.077125,126.30555116082874,0.0,0.0,255.0,100.0,100.0,100.26452192042625,100.46264550877396,800.0,0.0,0.0,200.0,200.0,225.67583340707242,225.67583340707242,0.0,0.7853981633974483,282.842712474619,4403085.0,0.0,0.27588799747741444,-1.9238858128479024,43.1675,4403085.0,1.0,0.0,0.0,135.0,200.0,1.0,1.000000000106614,1.0,./content/Images1/
1412,noise 3 22413.0.png,40000.0,255.0,0.0,255.0,255.0,255.0,100.0,100.0,100.0,100.0,800.0,0.0,0.0,200.0,200.0,225.67583340707242,225.67583340707242,0.0,0.7853981633974483,282.842712474619,10200000.0,255.0,,,100.0,10200000.0,1.0,0.0,0.0,135.0,200.0,1.0,1.000000000106614,1.0,./content/Images1/
1413,noise 3 22414.0.png,40000.0,10.23825,50.059910475383596,0.0,0.0,255.0,100.0,100.0,99.15504358655043,101.32876712328768,800.0,0.0,0.0,200.0,200.0,225.67583340707242,225.67583340707242,0.0,0.7853981633974483,282.842712474619,409530.00000000006,0.0,4.684915122132377,19.948429701584626,4.015,409530.00000000006,1.0,0.0,0.0,135.0,200.0,1.0,1.000000000106614,1.0,./content/Images1/
1414,noise 3 22415.0.png,40000.0,255.0,0.0,255.0,255.0,255.0,100.0,100.0,100.0,100.0,800.0,0.0,0.0,200.0,200.0,225.67583340707242,225.67583340707242,0.0,0.7853981633974483,282.842712474619,10200000.0,255.0,,,100.0,10200000.0,1.0,0.0,0.0,135.0,200.0,1.0,1.000000000106614,1.0,./content/Images1/
1415,noise 3 22416.0.png,40000.0,28.438875,80.27019743559427,0.0,0.0,255.0,100.0,100.0,100.37020847343645,100.24445191661063,800.0,0.0,0.0,200.0,200.0,225.67583340707242,225.67583340707242,0.0,0.7853981633974483,282.842712474619,1137555.0,0.0,2.468222739000095,4.092123489317129,11.1525,1137555.0,1.0,0.0,0.0,135.0,200.0,1.0,1.000000000106614,1.0,./content/Images1/
1416,noise 3 22417.0.png,40000.0,7.771125,43.83257377336477,0.0,0.0,255.0,100.0,100.0,98.90525020508613,100.70754716981132,800.0,0.0,0.0,200.0,200.0,225.67583340707242,225.67583340707242,0.0,0.7853981633974483,282.842712474619,310845.0,0.0,5.4630774025756486,27.8452147065327,3.0475,310845.0,1.0,0.0,0.0,135.0,200.0,1.0,1.000000000106614,1.0,./content/Images1/
1417,noise 3 22418.0.png,40000.0,255.0,0.0,255.0,255.0,255.0,100.0,100.0,100.0,100.0,800.0,0.0,0.0,200.0,200.0,225.67583340707242,225.67583340707242,0.0,0.7853981633974483,282.842712474619,10200000.0,255.0,,,100.0,10200000.0,1.0,0.0,0.0,135.0,200.0,1.0,1.000000000106614,1.0,./content/Images1/
1418,noise 3 22419.0.png,40000.0,34.46325,87.18143818793432,0.0,0.0,255.0,100.0,100.0,100.57084720680726,99.43322234554199,800.0,0.0,0.0,200.0,200.0,225.67583340707242,225.67583340707242,0.0,0.7853981633974483,282.842712474619,1378530.0,0.0,2.134351415048281,2.555455962918601,13.515,1378530.0,1.0,0.0,0.0,135.0,200.0,1.0,1.000000000106614,1.0,./content/Images1/
1419,noise 3 22420.0.png,40000.0,82.027125,119.11684330854881,0.0,0.0,255.0,100.0,100.0,101.10853345768244,100.5742985933007,800.0,0.0,0.0,200.0,200.0,225.67583340707242,225.67583340707242,0.0,0.7853981633974483,282.842712474619,3281085.0,0.0,0.7635098808621952,-1.417052661825797,32.1675,3281085.0,1.0,0.0,0.0,135.0,200.0,1.0,1.000000000106614,1.0,./content/Images1/
1420,noise 3 22421.0.png,40000.0,255.0,0.0,255.0,255.0,255.0,100.0,100.0,100.0,100.0,800.0,0.0,0.0,200.0,200.0,225.67583340707242,225.67583340707242,0.0,0.7853981633974483,282.842712474619,10200000.0,255.0,,,100.0,10200000.0,1.0,0.0,0.0,135.0,200.0,1.0,1.000000000106614,1.0,./content/Images1/
1421,noise 3 22422.0.png,40000.0,0.03825,3.122904217354219,0.0,0.0,255.0,100.0,100.0,179.83333333333334,196.0,800.0,0.0,0.0,200.0,200.0,225.67583340707242,225.67583340707242,0.0,0.7853981633974483,282.842712474619,1530.0,0.0,81.6312857713828,6661.666816689169,0.015,1530.0,1.0,0.0,0.0,135.0,200.0,1.0,1.000000000106614,1.0,./content/Images1/
1422,noise 3 22423.0.png,40000.0,0.0,0.0,0.0,0.0,0.0,100.0,100.0,100.0,100.0,800.0,0.0,0.0,200.0,200.0,225.67583340707242,225.67583340707242,0.0,0.7853981633974483,282.842712474619,0.0,0.0,,,0.0,0.0,1.0,0.0,0.0,135.0,200.0,1.0,1.000000000106614,1.0,./content/Images1/
1423,noise 3 22424.0.png,40000.0,5.4315,36.81800098973221,0.0,0.0,255.0,100.0,100.0,100.65727699530517,102.36032863849765,800.0,0.0,0.0,200.0,200.0,225.67583340707242,225.67583340707242,0.0,0.7853981633974483,282.842712474619,217260.0,0.0,6.630996936466118,41.97012037142305,2.13,217260.0,1.0,0.0,0.0,135.0,200.0,1.0,1.000000000106614,1.0,./content/Images1/
1424,noise 3 22425.0.png,40000.0,255.0,0.0,255.0,255.0,255.0,100.0,100.0,100.0,100.0,800.0,0.0,0.0,200.0,200.0,225.67583340707242,225.67583340707242,0.0,0.7853981633974483,282.842712474619,10200000.0,255.0,,,100.0,10200000.0,1.0,0.0,0.0,135.0,200.0,1.0,1.000000000106614,1.0,./content/Images1/
1425,noise 3 22426.0.png,40000.0,255.0,0.0,255.0,255.0,255.0,100.0,100.0,100.0,100.0,800.0,0.0,0.0,200.0,200.0,225.67583340707242,225.67583340707242,0.0,0.7853981633974483,282.842712474619,10200000.0,255.0,,,100.0,10200000.0,1.0,0.0,0.0,135.0,200.0,1.0,1.000000000106614,1.0,./content/Images1/
1426,noise 3 22427.0.png,40000.0,0.0,0.0,0.0,0.0,0.0,100.0,100.0,100.0,100.0,800.0,0.0,0.0,200.0,200.0,225.67583340707242,225.67583340707242,0.0,0.7853981633974483,282.842712474619,0.0,0.0,,,0.0,0.0,1.0,0.0,0.0,135.0,200.0,1.0,1.000000000106614,1.0,./content/Images1/
1427,noise 3 22428.0.png,40000.0,0.0,0.0,0.0,0.0,0.0,100.0,100.0,100.0,100.0,800.0,0.0,0.0,200.0,200.0,225.67583340707242,225.67583340707242,0.0,0.7853981633974483,282.842712474619,0.0,0.0,,,0.0,0.0,1.0,0.0,0.0,135.0,200.0,1.0,1.000000000106614,1.0,./content/Images1/
1428,noise 3 22429.0.png,40000.0,25.353375,76.30506249701551,0.0,0.0,255.0,100.0,100.0,101.92544631631883,99.84020618556701,800.0,0.0,0.0,200.0,200.0,225.67583340707242,225.67583340707242,0.0,0.7853981633974483,282.842712474619,1014135.0,0.0,2.6773558270985984,5.168234224898823,9.9425,1014135.0,1.0,0.0,0.0,135.0,200.0,1.0,1.000000000106614,1.0,./content/Images1/
1429,noise 3 22430.0.png,40000.0,115.974,126.97954330958385,0.0,0.0,255.0,100.0,100.0,99.78122251539138,100.29606420404573,800.0,0.0,0.0,200.0,200.0,225.67583340707242,225.67583340707242,0.0,0.7853981633974483,282.842712474619,4638960.0,0.0,0.1815433222908984,-1.9670420221315839,45.48,4638960.0,1.0,0.0,0.0,135.0,200.0,1.0,1.000000000106614,1.0,./content/Images1/
1430,noise 3 22431.0.png,40000.0,219.46575,88.31050784353123,255.0,0.0,255.0,100.0,100.0,100.24679021669668,99.91854993319004,800.0,0.0,0.0,200.0,200.0,225.67583340707242,225.67583340707242,0.0,0.7853981633974483,282.842712474619,8778630.0,255.0,-2.082807625936809,2.3380876066605483,86.065,8778630.0,1.0,0.0,0.0,135.0,200.0,1.0,1.000000000106614,1.0,./content/Images1/
1431,noise 3 22432.0.png,40000.0,246.642375,45.402599201584614,255.0,0.0,255.0,100.0,100.0,99.81047584584766,99.98339321254103,800.0,0.0,0.0,200.0,200.0,225.67583340707242,225.67583340707242,0.0,0.7853981633974483,282.842712474619,9865695.0,255.0,-5.24832791085907,25.544945859902374,96.7225,9865695.0,1.0,0.0,0.0,135.0,200.0,1.0,1.000000000106614,1.0,./content/Images1/
1432,noise 3 22433.0.png,40000.0,0.0,0.0,0.0,0.0,0.0,100.0,100.0,100.0,100.0,800.0,0.0,0.0,200.0,200.0,225.67583340707242,225.67583340707242,0.0,0.7853981633974483,282.842712474619,0.0,0.0,,,0.0,0.0,1.0,0.0,0.0,135.0,200.0,1.0,1.000000000106614,1.0,./content/Images1/
1433,noise 3 22434.0.png,40000.0,255.0,0.0,255.0,255.0,255.0,100.0,100.0,100.0,100.0,800.0,0.0,0.0,200.0,200.0,225.67583340707242,225.67583340707242,0.0,0.7853981633974483,282.842712474619,10200000.0,255.0,,,100.0,10200000.0,1.0,0.0,0.0,135.0,200.0,1.0,1.000000000106614,1.0,./content/Images1/
1434,noise 3 22435.0.png,40000.0,0.0,0.0,0.0,0.0,0.0,100.0,100.0,100.0,100.0,800.0,0.0,0.0,200.0,200.0,225.67583340707242,225.67583340707242,0.0,0.7853981633974483,282.842712474619,0.0,0.0,,,0.0,0.0,1.0,0.0,0.0,135.0,200.0,1.0,1.000000000106614,1.0,./content/Images1/
1435,noise 3 22436.0.png,40000.0,0.0,0.0,0.0,0.0,0.0,100.0,100.0,100.0,100.0,800.0,0.0,0.0,200.0,200.0,225.67583340707242,225.67583340707242,0.0,0.7853981633974483,282.842712474619,0.0,0.0,,,0.0,0.0,1.0,0.0,0.0,135.0,200.0,1.0,1.000000000106614,1.0,./content/Images1/
1436,noise 3 22437.0.png,40000.0,255.0,0.0,255.0,255.0,255.0,100.0,100.0,100.0,100.0,800.0,0.0,0.0,200.0,200.0,225.67583340707242,225.67583340707242,0.0,0.7853981633974483,282.842712474619,10200000.0,255.0,,,100.0,10200000.0,1.0,0.0,0.0,135.0,200.0,1.0,1.000000000106614,1.0,./content/Images1/
1437,noise 3 22438.0.png,40000.0,255.0,0.0,255.0,255.0,255.0,100.0,100.0,100.0,100.0,800.0,0.0,0.0,200.0,200.0,225.67583340707242,225.67583340707242,0.0,0.7853981633974483,282.842712474619,10200000.0,255.0,,,100.0,10200000.0,1.0,0.0,0.0,135.0,200.0,1.0,1.000000000106614,1.0,./content/Images1/
1438,noise 3 22439.0.png,40000.0,159.783,123.34682108573695,255.0,0.0,255.0,100.0,100.0,100.21014203638686,100.13138365783594,800.0,0.0,0.0,200.0,200.0,225.67583340707242,225.67583340707242,0.0,0.7853981633974483,282.842712474619,6391319.999999999,255.0,-0.5234574066992228,-1.7259923433717217,62.66,6391319.999999999,1.0,0.0,0.0,135.0,200.0,1.0,1.000000000106614,1.0,./content/Images1/
1439,noise 3 22440.0.png,40000.0,0.0,0.0,0.0,0.0,0.0,100.0,100.0,100.0,100.0,800.0,0.0,0.0,200.0,200.0,225.67583340707242,225.67583340707242,0.0,0.7853981633974483,282.842712474619,0.0,0.0,,,0.0,0.0,1.0,0.0,0.0,135.0,200.0,1.0,1.000000000106614,1.0,./content/Images1/
1440,noise 3 22441.0.png,40000.0,255.0,0.0,255.0,255.0,255.0,100.0,100.0,100.0,100.0,800.0,0.0,0.0,200.0,200.0,225.67583340707242,225.67583340707242,0.0,0.7853981633974483,282.842712474619,10200000.0,255.0,,,100.0,10200000.0,1.0,0.0,0.0,135.0,200.0,1.0,1.000000000106614,1.0,./content/Images1/
1441,noise 3 22442.0.png,40000.0,210.585375,96.7124826158274,255.0,0.0,255.0,100.0,100.0,99.06797747706838,101.48338025610752,800.0,0.0,0.0,200.0,200.0,225.67583340707242,225.67583340707242,0.0,0.7853981633974483,282.842712474619,8423415.0,255.0,-1.7182148847673955,0.9522623902362342,82.5825,8423415.0,1.0,0.0,0.0,135.0,200.0,1.0,1.000000000106614,1.0,./content/Images1/
1442,noise 3 22443.0.png,40000.0,255.0,0.0,255.0,255.0,255.0,100.0,100.0,100.0,100.0,800.0,0.0,0.0,200.0,200.0,225.67583340707242,225.67583340707242,0.0,0.7853981633974483,282.842712474619,10200000.0,255.0,,,100.0,10200000.0,1.0,0.0,0.0,135.0,200.0,1.0,1.000000000106614,1.0,./content/Images1/
1443,noise 3 22444.0.png,40000.0,254.929875,4.22816797436969,255.0,0.0,255.0,100.0,100.0,100.02711995798845,100.026994923604,800.0,0.0,0.0,200.0,200.0,225.67583340707242,225.67583340707242,0.0,0.7853981633974483,282.842712474619,10197195.0,255.0,-60.27739137875524,3631.363911436654,99.9725,10197195.0,1.0,0.0,0.0,135.0,200.0,1.0,1.000000000106614,1.0,./content/Images1/
1444,noise 3 22445.0.png,40000.0,255.0,0.0,255.0,255.0,255.0,100.0,100.0,100.0,100.0,800.0,0.0,0.0,200.0,200.0,225.67583340707242,225.67583340707242,0.0,0.7853981633974483,282.842712474619,10200000.0,255.0,,,100.0,10200000.0,1.0,0.0,0.0,135.0,200.0,1.0,1.000000000106614,1.0,./content/Images1/
1445,noise 3 22446.0.png,40000.0,0.0,0.0,0.0,0.0,0.0,100.0,100.0,100.0,100.0,800.0,0.0,0.0,200.0,200.0,225.67583340707242,225.67583340707242,0.0,0.7853981633974483,282.842712474619,0.0,0.0,,,0.0,0.0,1.0,0.0,0.0,135.0,200.0,1.0,1.000000000106614,1.0,./content/Images1/
1446,noise 3 22447.0.png,40000.0,0.8415,14.62462733689712,0.0,0.0,255.0,100.0,100.0,102.75,98.50757575757575,800.0,0.0,0.0,200.0,200.0,225.67583340707242,225.67583340707242,0.0,0.7853981633974483,282.842712474619,33660.0,0.0,17.321478399846793,298.03361395635903,0.33,33660.0,1.0,0.0,0.0,135.0,200.0,1.0,1.000000000106614,1.0,./content/Images1/
1447,noise 3 22448.0.png,40000.0,0.0,0.0,0.0,0.0,0.0,100.0,100.0,100.0,100.0,800.0,0.0,0.0,200.0,200.0,225.67583340707242,225.67583340707242,0.0,0.7853981633974483,282.842712474619,0.0,0.0,,,0.0,0.0,1.0,0.0,0.0,135.0,200.0,1.0,1.000000000106614,1.0,./content/Images1/
1448,noise 3 22449.0.png,40000.0,68.09775,112.81817625480319,0.0,0.0,255.0,100.0,100.0,99.56347126006366,100.55382887099795,800.0,0.0,0.0,200.0,200.0,225.67583340707242,225.67583340707242,0.0,0.7853981633974483,282.842712474619,2723910.0,0.0,1.0530748592830341,-0.8910333407460174,26.705,2723910.0,1.0,0.0,0.0,135.0,200.0,1.0,1.000000000106614,1.0,./content/Images1/
1449,noise 3 22450.0.png,40000.0,255.0,0.0,255.0,255.0,255.0,100.0,100.0,100.0,100.0,800.0,0.0,0.0,200.0,200.0,225.67583340707242,225.67583340707242,0.0,0.7853981633974483,282.842712474619,10200000.0,255.0,,,100.0,10200000.0,1.0,0.0,0.0,135.0,200.0,1.0,1.000000000106614,1.0,./content/Images1/
1450,noise 3 22451.0.png,40000.0,57.100875,106.30378973313776,0.0,0.0,255.0,100.0,100.0,100.04303896393881,100.24656693089204,800.0,0.0,0.0,200.0,200.0,225.67583340707242,225.67583340707242,0.0,0.7853981633974483,282.842712474619,2284035.0,0.0,1.3245060252751657,-0.2456837890097816,22.3925,2284035.0,1.0,0.0,0.0,135.0,200.0,1.0,1.000000000106614,1.0,./content/Images1/
1451,noise 3 22452.0.png,40000.0,255.0,0.0,255.0,255.0,255.0,100.0,100.0,100.0,100.0,800.0,0.0,0.0,200.0,200.0,225.67583340707242,225.67583340707242,0.0,0.7853981633974483,282.842712474619,10200000.0,255.0,,,100.0,10200000.0,1.0,0.0,0.0,135.0,200.0,1.0,1.000000000106614,1.0,./content/Images1/
1452,noise 3 22453.0.png,40000.0,10.7355,51.209052900121804,0.0,0.0,255.0,100.0,100.0,100.25237529691212,96.15973871733966,800.0,0.0,0.0,200.0,200.0,225.67583340707242,225.67583340707242,0.0,0.7853981633974483,282.842712474619,429420.0,0.0,4.560363957964922,18.79691942910549,4.21,429420.0,1.0,0.0,0.0,135.0,200.0,1.0,1.000000000106614,1.0,./content/Images1/
1453,noise 3 22454.0.png,40000.0,255.0,0.0,255.0,255.0,255.0,100.0,100.0,100.0,100.0,800.0,0.0,0.0,200.0,200.0,225.67583340707242,225.67583340707242,0.0,0.7853981633974483,282.842712474619,10200000.0,255.0,,,100.0,10200000.0,1.0,0.0,0.0,135.0,200.0,1.0,1.000000000106614,1.0,./content/Images1/
1454,noise 3 22455.0.png,40000.0,72.069375,114.82171141706908,0.0,0.0,255.0,100.0,100.0,99.85612560813799,100.887527642636,800.0,0.0,0.0,200.0,200.0,225.67583340707242,225.67583340707242,0.0,0.7853981633974483,282.842712474619,2882774.9999999995,0.0,0.9655197995518477,-1.067771516673359,28.2625,2882774.9999999995,1.0,0.0,0.0,135.0,200.0,1.0,1.000000000106614,1.0,./content/Images1/
1455,noise 3 22456.0.png,40000.0,255.0,0.0,255.0,255.0,255.0,100.0,100.0,100.0,100.0,800.0,0.0,0.0,200.0,200.0,225.67583340707242,225.67583340707242,0.0,0.7853981633974483,282.842712474619,10200000.0,255.0,,,100.0,10200000.0,1.0,0.0,0.0,135.0,200.0,1.0,1.000000000106614,1.0,./content/Images1/
1456,noise 3 22457.0.png,40000.0,255.0,0.0,255.0,255.0,255.0,100.0,100.0,100.0,100.0,800.0,0.0,0.0,200.0,200.0,225.67583340707242,225.67583340707242,0.0,0.7853981633974483,282.842712474619,10200000.0,255.0,,,100.0,10200000.0,1.0,0.0,0.0,135.0,200.0,1.0,1.000000000106614,1.0,./content/Images1/
1457,noise 3 22458.0.png,40000.0,115.164375,126.90344742355731,0.0,0.0,255.0,100.0,100.0,99.54240243564905,99.88555217270967,800.0,0.0,0.0,200.0,200.0,225.67583340707242,225.67583340707242,0.0,0.7853981633974483,282.842712474619,4606575.0,0.0,0.19441204236211826,-1.962203957784591,45.1625,4606575.0,1.0,0.0,0.0,135.0,200.0,1.0,1.000000000106614,1.0,./content/Images1/
1458,noise 3 22459.0.png,40000.0,12.8775,55.839147952051526,0.0,0.0,255.0,100.0,100.0,99.53019801980199,100.92029702970297,800.0,0.0,0.0,200.0,200.0,225.67583340707242,225.67583340707242,0.0,0.7853981633974483,282.842712474619,515100.0,0.0,4.105504364305185,14.855166085328918,5.05,515100.0,1.0,0.0,0.0,135.0,200.0,1.0,1.000000000106614,1.0,./content/Images1/
1459,noise 3 22460.0.png,40000.0,0.0,0.0,0.0,0.0,0.0,100.0,100.0,100.0,100.0,800.0,0.0,0.0,200.0,200.0,225.67583340707242,225.67583340707242,0.0,0.7853981633974483,282.842712474619,0.0,0.0,,,0.0,0.0,1.0,0.0,0.0,135.0,200.0,1.0,1.000000000106614,1.0,./content/Images1/
1460,noise 3 22461.0.png,40000.0,46.206,98.22309686839934,0.0,0.0,255.0,100.0,100.0,100.99903421633555,100.1262417218543,800.0,0.0,0.0,200.0,200.0,225.67583340707242,225.67583340707242,0.0,0.7853981633974483,282.842712474619,1848240.0000000002,0.0,1.655313643856574,0.7400632595377292,18.12,1848240.0000000002,1.0,0.0,0.0,135.0,200.0,1.0,1.000000000106614,1.0,./content/Images1/
1461,noise 3 22462.0.png,40000.0,255.0,0.0,255.0,255.0,255.0,100.0,100.0,100.0,100.0,800.0,0.0,0.0,200.0,200.0,225.67583340707242,225.67583340707242,0.0,0.7853981633974483,282.842712474619,10200000.0,255.0,,,100.0,10200000.0,1.0,0.0,0.0,135.0,200.0,1.0,1.000000000106614,1.0,./content/Images1/
1462,noise 3 22463.0.png,40000.0,255.0,0.0,255.0,255.0,255.0,100.0,100.0,100.0,100.0,800.0,0.0,0.0,200.0,200.0,225.67583340707242,225.67583340707242,0.0,0.7853981633974483,282.842712474619,10200000.0,255.0,,,100.0,10200000.0,1.0,0.0,0.0,135.0,200.0,1.0,1.000000000106614,1.0,./content/Images1/
1463,noise 3 22464.0.png,40000.0,0.0,0.0,0.0,0.0,0.0,100.0,100.0,100.0,100.0,800.0,0.0,0.0,200.0,200.0,225.67583340707242,225.67583340707242,0.0,0.7853981633974483,282.842712474619,0.0,0.0,,,0.0,0.0,1.0,0.0,0.0,135.0,200.0,1.0,1.000000000106614,1.0,./content/Images1/
1464,noise 3 22465.0.png,40000.0,35.336625,88.10423580917414,0.0,0.0,255.0,100.0,100.0,100.00947140537615,100.2326357568104,800.0,0.0,0.0,200.0,200.0,225.67583340707242,225.67583340707242,0.0,0.7853981633974483,282.842712474619,1413465.0,0.0,2.0921701713277177,2.3771760257934513,13.8575,1413465.0,1.0,0.0,0.0,135.0,200.0,1.0,1.000000000106614,1.0,./content/Images1/
1465,noise 3 22466.0.png,40000.0,0.0,0.0,0.0,0.0,0.0,100.0,100.0,100.0,100.0,800.0,0.0,0.0,200.0,200.0,225.67583340707242,225.67583340707242,0.0,0.7853981633974483,282.842712474619,0.0,0.0,,,0.0,0.0,1.0,0.0,0.0,135.0,200.0,1.0,1.000000000106614,1.0,./content/Images1/
1466,noise 3 22467.0.png,40000.0,78.699375,117.79259686842082,0.0,0.0,255.0,100.0,100.0,101.17241798298906,100.23519643580397,800.0,0.0,0.0,200.0,200.0,225.67583340707242,225.67583340707242,0.0,0.7853981633974483,282.842712474619,3147975.0,0.0,0.8285959613194261,-1.3134287328851357,30.8625,3147975.0,1.0,0.0,0.0,135.0,200.0,1.0,1.000000000106614,1.0,./content/Images1/
1467,noise 3 22468.0.png,40000.0,105.487125,125.58693258526255,0.0,0.0,255.0,100.0,100.0,101.21142805342357,99.63585544207409,800.0,0.0,0.0,200.0,200.0,225.67583340707242,225.67583340707242,0.0,0.7853981633974483,282.842712474619,4219485.0,0.0,0.35056434157513733,-1.8771046424159898,41.3675,4219485.0,1.0,0.0,0.0,135.0,200.0,1.0,1.000000000106614,1.0,./content/Images1/
1468,noise 3 22469.0.png,40000.0,255.0,0.0,255.0,255.0,255.0,100.0,100.0,100.0,100.0,800.0,0.0,0.0,200.0,200.0,225.67583340707242,225.67583340707242,0.0,0.7853981633974483,282.842712474619,10200000.0,255.0,,,100.0,10200000.0,1.0,0.0,0.0,135.0,200.0,1.0,1.000000000106614,1.0,./content/Images1/
1469,noise 3 22470.0.png,40000.0,200.0985,104.8140374535357,255.0,0.0,255.0,100.0,100.0,100.01803236905823,100.13760035682427,800.0,0.0,0.0,200.0,200.0,225.67583340707242,225.67583340707242,0.0,0.7853981633974483,282.842712474619,8003940.0,255.0,-1.3852993217716443,-0.08094578909901173,78.47,8003940.0,1.0,0.0,0.0,135.0,200.0,1.0,1.000000000106614,1.0,./content/Images1/
1470,noise 3 22471.0.png,40000.0,0.0,0.0,0.0,0.0,0.0,100.0,100.0,100.0,100.0,800.0,0.0,0.0,200.0,200.0,225.67583340707242,225.67583340707242,0.0,0.7853981633974483,282.842712474619,0.0,0.0,,,0.0,0.0,1.0,0.0,0.0,135.0,200.0,1.0,1.000000000106614,1.0,./content/Images1/
1471,noise 3 22472.0.png,40000.0,3.958875,31.5256289448186,0.0,0.0,255.0,100.0,100.0,101.23268921095008,102.27938808373591,800.0,0.0,0.0,200.0,200.0,225.67583340707242,225.67583340707242,0.0,0.7853981633974483,282.842712474619,158355.0,0.0,7.837602194028421,59.4280081518391,1.5525,158355.0,1.0,0.0,0.0,135.0,200.0,1.0,1.000000000106614,1.0,./content/Images1/
1472,noise 3 22473.0.png,40000.0,0.0,0.0,0.0,0.0,0.0,100.0,100.0,100.0,100.0,800.0,0.0,0.0,200.0,200.0,225.67583340707242,225.67583340707242,0.0,0.7853981633974483,282.842712474619,0.0,0.0,,,0.0,0.0,1.0,0.0,0.0,135.0,200.0,1.0,1.000000000106614,1.0,./content/Images1/
1473,noise 3 22474.0.png,40000.0,255.0,0.0,255.0,255.0,255.0,100.0,100.0,100.0,100.0,800.0,0.0,0.0,200.0,200.0,225.67583340707242,225.67583340707242,0.0,0.7853981633974483,282.842712474619,10200000.0,255.0,,,100.0,10200000.0,1.0,0.0,0.0,135.0,200.0,1.0,1.000000000106614,1.0,./content/Images1/
1474,noise 3 22475.0.png,40000.0,255.0,0.0,255.0,255.0,255.0,100.0,100.0,100.0,100.0,800.0,0.0,0.0,200.0,200.0,225.67583340707242,225.67583340707242,0.0,0.7853981633974483,282.842712474619,10200000.0,255.0,,,100.0,10200000.0,1.0,0.0,0.0,135.0,200.0,1.0,1.000000000106614,1.0,./content/Images1/
1475,noise 3 22476.0.png,40000.0,47.053875,98.91873227743196,0.0,0.0,255.0,100.0,100.0,100.43496816149573,100.58941877794337,800.0,0.0,0.0,200.0,200.0,225.67583340707242,225.67583340707242,0.0,0.7853981633974483,282.842712474619,1882155.0,0.0,1.6265297531268759,0.6455990378069743,18.4525,1882155.0,1.0,0.0,0.0,135.0,200.0,1.0,1.000000000106614,1.0,./content/Images1/
1476,noise 3 22477.0.png,40000.0,0.0,0.0,0.0,0.0,0.0,100.0,100.0,100.0,100.0,800.0,0.0,0.0,200.0,200.0,225.67583340707242,225.67583340707242,0.0,0.7853981633974483,282.842712474619,0.0,0.0,,,0.0,0.0,1.0,0.0,0.0,135.0,200.0,1.0,1.000000000106614,1.0,./content/Images1/
1477,noise 3 22478.0.png,40000.0,215.526,92.2382026123153,255.0,0.0,255.0,100.0,100.0,99.89682915286323,99.69054661618551,800.0,0.0,0.0,200.0,200.0,225.67583340707242,225.67583340707242,0.0,0.7853981633974483,282.842712474619,8621040.0,255.0,-1.9086907127975237,1.6431002371195653,84.52,8621040.0,1.0,0.0,0.0,135.0,200.0,1.0,1.000000000106614,1.0,./content/Images1/
1478,noise 3 22479.0.png,40000.0,0.0,0.0,0.0,0.0,0.0,100.0,100.0,100.0,100.0,800.0,0.0,0.0,200.0,200.0,225.67583340707242,225.67583340707242,0.0,0.7853981633974483,282.842712474619,0.0,0.0,,,0.0,0.0,1.0,0.0,0.0,135.0,200.0,1.0,1.000000000106614,1.0,./content/Images1/
1479,noise 3 22480.0.png,40000.0,255.0,0.0,255.0,255.0,255.0,100.0,100.0,100.0,100.0,800.0,0.0,0.0,200.0,200.0,225.67583340707242,225.67583340707242,0.0,0.7853981633974483,282.842712474619,10200000.0,255.0,,,100.0,10200000.0,1.0,0.0,0.0,135.0,200.0,1.0,1.000000000106614,1.0,./content/Images1/
1480,noise 3 22481.0.png,40000.0,29.223,81.22835848492541,0.0,0.0,255.0,100.0,100.0,99.82329842931937,99.29733856893543,800.0,0.0,0.0,200.0,200.0,225.67583340707242,225.67583340707242,0.0,0.7853981633974483,282.842712474619,1168920.0,0.0,2.4198009246677787,3.855436515023036,11.46,1168920.0,1.0,0.0,0.0,135.0,200.0,1.0,1.000000000106614,1.0,./content/Images1/
1481,noise 3 22482.0.png,40000.0,255.0,0.0,255.0,255.0,255.0,100.0,100.0,100.0,100.0,800.0,0.0,0.0,200.0,200.0,225.67583340707242,225.67583340707242,0.0,0.7853981633974483,282.842712474619,10200000.0,255.0,,,100.0,10200000.0,1.0,0.0,0.0,135.0,200.0,1.0,1.000000000106614,1.0,./content/Images1/
1482,noise 3 22483.0.png,40000.0,255.0,0.0,255.0,255.0,255.0,100.0,100.0,100.0,100.0,800.0,0.0,0.0,200.0,200.0,225.67583340707242,225.67583340707242,0.0,0.7853981633974483,282.842712474619,10200000.0,255.0,,,100.0,10200000.0,1.0,0.0,0.0,135.0,200.0,1.0,1.000000000106614,1.0,./content/Images1/
1483,noise 3 22484.0.png,40000.0,255.0,0.0,255.0,255.0,255.0,100.0,100.0,100.0,100.0,800.0,0.0,0.0,200.0,200.0,225.67583340707242,225.67583340707242,0.0,0.7853981633974483,282.842712474619,10200000.0,255.0,,,100.0,10200000.0,1.0,0.0,0.0,135.0,200.0,1.0,1.000000000106614,1.0,./content/Images1/
1484,noise 3 22485.0.png,40000.0,255.0,0.0,255.0,255.0,255.0,100.0,100.0,100.0,100.0,800.0,0.0,0.0,200.0,200.0,225.67583340707242,225.67583340707242,0.0,0.7853981633974483,282.842712474619,10200000.0,255.0,,,100.0,10200000.0,1.0,0.0,0.0,135.0,200.0,1.0,1.000000000106614,1.0,./content/Images1/
1485,noise 3 22486.0.png,40000.0,0.0,0.0,0.0,0.0,0.0,100.0,100.0,100.0,100.0,800.0,0.0,0.0,200.0,200.0,225.67583340707242,225.67583340707242,0.0,0.7853981633974483,282.842712474619,0.0,0.0,,,0.0,0.0,1.0,0.0,0.0,135.0,200.0,1.0,1.000000000106614,1.0,./content/Images1/
1486,noise 3 22487.0.png,40000.0,255.0,0.0,255.0,255.0,255.0,100.0,100.0,100.0,100.0,800.0,0.0,0.0,200.0,200.0,225.67583340707242,225.67583340707242,0.0,0.7853981633974483,282.842712474619,10200000.0,255.0,,,100.0,10200000.0,1.0,0.0,0.0,135.0,200.0,1.0,1.000000000106614,1.0,./content/Images1/
1487,noise 3 22488.0.png,40000.0,255.0,0.0,255.0,255.0,255.0,100.0,100.0,100.0,100.0,800.0,0.0,0.0,200.0,200.0,225.67583340707242,225.67583340707242,0.0,0.7853981633974483,282.842712474619,10200000.0,255.0,,,100.0,10200000.0,1.0,0.0,0.0,135.0,200.0,1.0,1.000000000106614,1.0,./content/Images1/
1488,noise 3 22489.0.png,40000.0,255.0,0.0,255.0,255.0,255.0,100.0,100.0,100.0,100.0,800.0,0.0,0.0,200.0,200.0,225.67583340707242,225.67583340707242,0.0,0.7853981633974483,282.842712474619,10200000.0,255.0,,,100.0,10200000.0,1.0,0.0,0.0,135.0,200.0,1.0,1.000000000106614,1.0,./content/Images1/
1489,noise 3 22490.0.png,40000.0,201.265125,103.99628221432839,255.0,0.0,255.0,100.0,100.0,100.28027303538057,99.89808685185771,800.0,0.0,0.0,200.0,200.0,225.67583340707242,225.67583340707242,0.0,0.7853981633974483,282.842712474619,8050605.000000001,255.0,-1.4186285415343105,0.012506938855766592,78.9275,8050605.000000001,1.0,0.0,0.0,135.0,200.0,1.0,1.000000000106614,1.0,./content/Images1/
1490,noise 3 22491.0.png,40000.0,255.0,0.0,255.0,255.0,255.0,100.0,100.0,100.0,100.0,800.0,0.0,0.0,200.0,200.0,225.67583340707242,225.67583340707242,0.0,0.7853981633974483,282.842712474619,10200000.0,255.0,,,100.0,10200000.0,1.0,0.0,0.0,135.0,200.0,1.0,1.000000000106614,1.0,./content/Images1/
1491,noise 3 22492.0.png,40000.0,0.0,0.0,0.0,0.0,0.0,100.0,100.0,100.0,100.0,800.0,0.0,0.0,200.0,200.0,225.67583340707242,225.67583340707242,0.0,0.7853981633974483,282.842712474619,0.0,0.0,,,0.0,0.0,1.0,0.0,0.0,135.0,200.0,1.0,1.000000000106614,1.0,./content/Images1/
1492,noise 3 22493.0.png,40000.0,0.0,0.0,0.0,0.0,0.0,100.0,100.0,100.0,100.0,800.0,0.0,0.0,200.0,200.0,225.67583340707242,225.67583340707242,0.0,0.7853981633974483,282.842712474619,0.0,0.0,,,0.0,0.0,1.0,0.0,0.0,135.0,200.0,1.0,1.000000000106614,1.0,./content/Images1/
1493,noise 3 22494.0.png,40000.0,138.241875,127.0482807956318,255.0,0.0,255.0,100.0,100.0,101.07030205210975,100.50345861194374,800.0,0.0,0.0,200.0,200.0,225.67583340707242,225.67583340707242,0.0,0.7853981633974483,282.842712474619,5529675.0,255.0,-0.1691012142578249,-1.9714047793365295,54.2125,5529675.0,1.0,0.0,0.0,135.0,200.0,1.0,1.000000000106614,1.0,./content/Images1/
1494,noise 3 22495.0.png,40000.0,15.497625,60.92463204344459,0.0,0.0,255.0,100.0,100.0,99.71308103661045,101.02118469765529,800.0,0.0,0.0,200.0,200.0,225.67583340707242,225.67583340707242,0.0,0.7853981633974483,282.842712474619,619905.0,0.0,3.676797751558684,11.518841705866993,6.0775,619905.0,1.0,0.0,0.0,135.0,200.0,1.0,1.000000000106614,1.0,./content/Images1/
1495,noise 3 22496.0.png,40000.0,63.495,110.27199994944012,0.0,0.0,255.0,100.0,100.0,101.03232931726907,101.11897590361446,800.0,0.0,0.0,200.0,200.0,225.67583340707242,225.67583340707242,0.0,0.7853981633974483,282.842712474619,2539800.0,0.0,1.1608713019959418,-0.6523778202022474,24.9,2539800.0,1.0,0.0,0.0,135.0,200.0,1.0,1.000000000106614,1.0,./content/Images1/
1496,noise 3 22497.0.png,40000.0,29.203875,81.2052133003236,0.0,0.0,255.0,100.0,100.0,102.38408644400786,101.38190351451648,800.0,0.0,0.0,200.0,200.0,225.67583340707242,225.67583340707242,0.0,0.7853981633974483,282.842712474619,1168155.0,0.0,2.420961653313197,3.8610553268129717,11.4525,1168155.0,1.0,0.0,0.0,135.0,200.0,1.0,1.000000000106614,1.0,./content/Images1/
1497,noise 3 22498.0.png,40000.0,253.89075,16.781994974417763,255.0,0.0,255.0,100.0,100.0,99.86513835183047,100.17717069251243,800.0,0.0,0.0,200.0,200.0,225.67583340707242,225.67583340707242,0.0,0.7853981633974483,282.842712474619,10155630.0,255.0,-15.062849215086532,224.8894264764246,99.565,10155630.0,1.0,0.0,0.0,135.0,200.0,1.0,1.000000000106614,1.0,./content/Images1/
1498,noise 3 22499.0.png,40000.0,0.0,0.0,0.0,0.0,0.0,100.0,100.0,100.0,100.0,800.0,0.0,0.0,200.0,200.0,225.67583340707242,225.67583340707242,0.0,0.7853981633974483,282.842712474619,0.0,0.0,,,0.0,0.0,1.0,0.0,0.0,135.0,200.0,1.0,1.000000000106614,1.0,./content/Images1/
1499,noise 3 22500.0.png,40000.0,255.0,0.0,255.0,255.0,255.0,100.0,100.0,100.0,100.0,800.0,0.0,0.0,200.0,200.0,225.67583340707242,225.67583340707242,0.0,0.7853981633974483,282.842712474619,10200000.0,255.0,,,100.0,10200000.0,1.0,0.0,0.0,135.0,200.0,1.0,1.000000000106614,1.0,./content/Images1/
1500,noise 3 22501.0.png,40000.0,0.0,0.0,0.0,0.0,0.0,100.0,100.0,100.0,100.0,800.0,0.0,0.0,200.0,200.0,225.67583340707242,225.67583340707242,0.0,0.7853981633974483,282.842712474619,0.0,0.0,,,0.0,0.0,1.0,0.0,0.0,135.0,200.0,1.0,1.000000000106614,1.0,./content/Images1/
1501,noise 3 22502.0.png,40000.0,255.0,0.0,255.0,255.0,255.0,100.0,100.0,100.0,100.0,800.0,0.0,0.0,200.0,200.0,225.67583340707242,225.67583340707242,0.0,0.7853981633974483,282.842712474619,10200000.0,255.0,,,100.0,10200000.0,1.0,0.0,0.0,135.0,200.0,1.0,1.000000000106614,1.0,./content/Images1/
1502,noise 3 22503.0.png,40000.0,107.935125,125.9915176224066,0.0,0.0,255.0,100.0,100.0,98.46857834741007,97.31377355147363,800.0,0.0,0.0,200.0,200.0,225.67583340707242,225.67583340707242,0.0,0.7853981633974483,282.842712474619,4317405.0,0.0,0.3105783616982734,-1.9035410812448168,42.3275,4317405.0,1.0,0.0,0.0,135.0,200.0,1.0,1.000000000106614,1.0,./content/Images1/
1503,noise 3 22504.0.png,40000.0,255.0,0.0,255.0,255.0,255.0,100.0,100.0,100.0,100.0,800.0,0.0,0.0,200.0,200.0,225.67583340707242,225.67583340707242,0.0,0.7853981633974483,282.842712474619,10200000.0,255.0,,,100.0,10200000.0,1.0,0.0,0.0,135.0,200.0,1.0,1.000000000106614,1.0,./content/Images1/
1504,noise 3 22505.0.png,40000.0,255.0,0.0,255.0,255.0,255.0,100.0,100.0,100.0,100.0,800.0,0.0,0.0,200.0,200.0,225.67583340707242,225.67583340707242,0.0,0.7853981633974483,282.842712474619,10200000.0,255.0,,,100.0,10200000.0,1.0,0.0,0.0,135.0,200.0,1.0,1.000000000106614,1.0,./content/Images1/
1505,noise 3 22506.0.png,40000.0,0.0,0.0,0.0,0.0,0.0,100.0,100.0,100.0,100.0,800.0,0.0,0.0,200.0,200.0,225.67583340707242,225.67583340707242,0.0,0.7853981633974483,282.842712474619,0.0,0.0,,,0.0,0.0,1.0,0.0,0.0,135.0,200.0,1.0,1.000000000106614,1.0,./content/Images1/
1506,noise 3 22507.0.png,40000.0,5.871375,38.24609979740572,0.0,0.0,255.0,100.0,100.0,102.32301845819761,99.12214983713355,800.0,0.0,0.0,200.0,200.0,225.67583340707242,225.67583340707242,0.0,0.7853981633974483,282.842712474619,234854.99999999997,0.0,6.360394708511959,38.45462084806692,2.3025,234854.99999999997,1.0,0.0,0.0,135.0,200.0,1.0,1.000000000106614,1.0,./content/Images1/
1507,noise 3 22508.0.png,40000.0,5.080875,35.63480854759684,0.0,0.0,255.0,100.0,100.0,100.48996235884567,97.62547051442911,800.0,0.0,0.0,200.0,200.0,225.67583340707242,225.67583340707242,0.0,0.7853981633974483,282.842712474619,203235.0,0.0,6.870846807230059,45.20853584842348,1.9925,203235.0,1.0,0.0,0.0,135.0,200.0,1.0,1.000000000106614,1.0,./content/Images1/
1508,noise 3 22509.0.png,40000.0,118.6515,127.19417638678537,0.0,0.0,255.0,100.0,100.0,99.91827852998065,100.55754352030948,800.0,0.0,0.0,200.0,200.0,225.67583340707242,225.67583340707242,0.0,0.7853981633974483,282.842712474619,4746060.0,0.0,0.13913546767135243,-1.9806413216358747,46.53,4746060.0,1.0,0.0,0.0,135.0,200.0,1.0,1.000000000106614,1.0,./content/Images1/
1509,noise 3 22510.0.png,40000.0,0.0,0.0,0.0,0.0,0.0,100.0,100.0,100.0,100.0,800.0,0.0,0.0,200.0,200.0,225.67583340707242,225.67583340707242,0.0,0.7853981633974483,282.842712474619,0.0,0.0,,,0.0,0.0,1.0,0.0,0.0,135.0,200.0,1.0,1.000000000106614,1.0,./content/Images1/
1510,noise 3 22511.0.png,40000.0,255.0,0.0,255.0,255.0,255.0,100.0,100.0,100.0,100.0,800.0,0.0,0.0,200.0,200.0,225.67583340707242,225.67583340707242,0.0,0.7853981633974483,282.842712474619,10200000.0,255.0,,,100.0,10200000.0,1.0,0.0,0.0,135.0,200.0,1.0,1.000000000106614,1.0,./content/Images1/
1511,noise 3 22512.0.png,40000.0,255.0,0.0,255.0,255.0,255.0,100.0,100.0,100.0,100.0,800.0,0.0,0.0,200.0,200.0,225.67583340707242,225.67583340707242,0.0,0.7853981633974483,282.842712474619,10200000.0,255.0,,,100.0,10200000.0,1.0,0.0,0.0,135.0,200.0,1.0,1.000000000106614,1.0,./content/Images1/
1512,noise 3 22513.0.png,40000.0,0.0,0.0,0.0,0.0,0.0,100.0,100.0,100.0,100.0,800.0,0.0,0.0,200.0,200.0,225.67583340707242,225.67583340707242,0.0,0.7853981633974483,282.842712474619,0.0,0.0,,,0.0,0.0,1.0,0.0,0.0,135.0,200.0,1.0,1.000000000106614,1.0,./content/Images1/
1513,noise 3 22514.0.png,40000.0,0.0,0.0,0.0,0.0,0.0,100.0,100.0,100.0,100.0,800.0,0.0,0.0,200.0,200.0,225.67583340707242,225.67583340707242,0.0,0.7853981633974483,282.842712474619,0.0,0.0,,,0.0,0.0,1.0,0.0,0.0,135.0,200.0,1.0,1.000000000106614,1.0,./content/Images1/
1514,noise 3 22515.0.png,40000.0,127.353375,127.50150946942667,0.0,0.0,255.0,100.0,100.0,100.27679331230915,99.68125844721429,800.0,0.0,0.0,200.0,200.0,225.67583340707242,225.67583340707242,0.0,0.7853981633974483,282.842712474619,5094135.0,0.0,0.0023000015208768988,-1.999994709993003,49.9425,5094135.0,1.0,0.0,0.0,135.0,200.0,1.0,1.000000000106614,1.0,./content/Images1/
1515,noise 3 22516.0.png,40000.0,69.768,113.68196543749428,0.0,0.0,255.0,100.0,100.0,99.93028143274854,100.1485745614035,800.0,0.0,0.0,200.0,200.0,225.67583340707242,225.67583340707242,0.0,0.7853981633974483,282.842712474619,2790720.0,0.0,1.0156883097745946,-0.9683772573872274,27.36,2790720.0,1.0,0.0,0.0,135.0,200.0,1.0,1.000000000106614,1.0,./content/Images1/
1516,noise 3 22517.0.png,40000.0,255.0,0.0,255.0,255.0,255.0,100.0,100.0,100.0,100.0,800.0,0.0,0.0,200.0,200.0,225.67583340707242,225.67583340707242,0.0,0.7853981633974483,282.842712474619,10200000.0,255.0,,,100.0,10200000.0,1.0,0.0,0.0,135.0,200.0,1.0,1.000000000106614,1.0,./content/Images1/
1517,noise 3 22518.0.png,40000.0,255.0,0.0,255.0,255.0,255.0,100.0,100.0,100.0,100.0,800.0,0.0,0.0,200.0,200.0,225.67583340707242,225.67583340707242,0.0,0.7853981633974483,282.842712474619,10200000.0,255.0,,,100.0,10200000.0,1.0,0.0,0.0,135.0,200.0,1.0,1.000000000106614,1.0,./content/Images1/
1518,noise 3 22519.0.png,40000.0,0.0,0.0,0.0,0.0,0.0,100.0,100.0,100.0,100.0,800.0,0.0,0.0,200.0,200.0,225.67583340707242,225.67583340707242,0.0,0.7853981633974483,282.842712474619,0.0,0.0,,,0.0,0.0,1.0,0.0,0.0,135.0,200.0,1.0,1.000000000106614,1.0,./content/Images1/
1519,noise 3 22520.0.png,40000.0,39.709875,92.46273674527775,0.0,0.0,255.0,100.0,100.0,99.74016696098893,101.22435382886499,800.0,0.0,0.0,200.0,200.0,225.67583340707242,225.67583340707242,0.0,0.7853981633974483,282.842712474619,1588394.9999999998,0.0,1.8989535782180362,1.6060246922270842,15.5725,1588394.9999999998,1.0,0.0,0.0,135.0,200.0,1.0,1.000000000106614,1.0,./content/Images1/
1520,noise 3 22521.0.png,40000.0,10.77375,51.29618254213548,0.0,0.0,255.0,100.0,100.0,100.73313609467456,99.61479289940829,800.0,0.0,0.0,200.0,200.0,225.67583340707242,225.67583340707242,0.0,0.7853981633974483,282.842712474619,430950.0,0.0,4.551126548631618,18.71275286165955,4.225,430950.0,1.0,0.0,0.0,135.0,200.0,1.0,1.000000000106614,1.0,./content/Images1/
1521,noise 3 22522.0.png,40000.0,255.0,0.0,255.0,255.0,255.0,100.0,100.0,100.0,100.0,800.0,0.0,0.0,200.0,200.0,225.67583340707242,225.67583340707242,0.0,0.7853981633974483,282.842712474619,10200000.0,255.0,,,100.0,10200000.0,1.0,0.0,0.0,135.0,200.0,1.0,1.000000000106614,1.0,./content/Images1/
1522,noise 3 22523.0.png,40000.0,255.0,0.0,255.0,255.0,255.0,100.0,100.0,100.0,100.0,800.0,0.0,0.0,200.0,200.0,225.67583340707242,225.67583340707242,0.0,0.7853981633974483,282.842712474619,10200000.0,255.0,,,100.0,10200000.0,1.0,0.0,0.0,135.0,200.0,1.0,1.000000000106614,1.0,./content/Images1/
1523,noise 3 22524.0.png,40000.0,255.0,0.0,255.0,255.0,255.0,100.0,100.0,100.0,100.0,800.0,0.0,0.0,200.0,200.0,225.67583340707242,225.67583340707242,0.0,0.7853981633974483,282.842712474619,10200000.0,255.0,,,100.0,10200000.0,1.0,0.0,0.0,135.0,200.0,1.0,1.000000000106614,1.0,./content/Images1/
1524,noise 3 22525.0.png,40000.0,51.1785,102.13490797095602,0.0,0.0,255.0,100.0,100.0,101.00186846038864,99.63116591928251,800.0,0.0,0.0,200.0,200.0,225.67583340707242,225.67583340707242,0.0,0.7853981633974483,282.842712474619,2047140.0,0.0,1.494541984770612,0.23365574424208102,20.07,2047140.0,1.0,0.0,0.0,135.0,200.0,1.0,1.000000000106614,1.0,./content/Images1/
1525,noise 3 22526.0.png,40000.0,0.0,0.0,0.0,0.0,0.0,100.0,100.0,100.0,100.0,800.0,0.0,0.0,200.0,200.0,225.67583340707242,225.67583340707242,0.0,0.7853981633974483,282.842712474619,0.0,0.0,,,0.0,0.0,1.0,0.0,0.0,135.0,200.0,1.0,1.000000000106614,1.0,./content/Images1/
1526,noise 3 22527.0.png,40000.0,0.0,0.0,0.0,0.0,0.0,100.0,100.0,100.0,100.0,800.0,0.0,0.0,200.0,200.0,225.67583340707242,225.67583340707242,0.0,0.7853981633974483,282.842712474619,0.0,0.0,,,0.0,0.0,1.0,0.0,0.0,135.0,200.0,1.0,1.000000000106614,1.0,./content/Images1/
1527,noise 3 22528.0.png,40000.0,0.0,0.0,0.0,0.0,0.0,100.0,100.0,100.0,100.0,800.0,0.0,0.0,200.0,200.0,225.67583340707242,225.67583340707242,0.0,0.7853981633974483,282.842712474619,0.0,0.0,,,0.0,0.0,1.0,0.0,0.0,135.0,200.0,1.0,1.000000000106614,1.0,./content/Images1/
1528,noise 3 22529.0.png,40000.0,255.0,0.0,255.0,255.0,255.0,100.0,100.0,100.0,100.0,800.0,0.0,0.0,200.0,200.0,225.67583340707242,225.67583340707242,0.0,0.7853981633974483,282.842712474619,10200000.0,255.0,,,100.0,10200000.0,1.0,0.0,0.0,135.0,200.0,1.0,1.000000000106614,1.0,./content/Images1/
1529,noise 3 22530.0.png,40000.0,255.0,0.0,255.0,255.0,255.0,100.0,100.0,100.0,100.0,800.0,0.0,0.0,200.0,200.0,225.67583340707242,225.67583340707242,0.0,0.7853981633974483,282.842712474619,10200000.0,255.0,,,100.0,10200000.0,1.0,0.0,0.0,135.0,200.0,1.0,1.000000000106614,1.0,./content/Images1/
1530,noise 3 22531.0.png,40000.0,180.489,115.96875483423302,255.0,0.0,255.0,100.0,100.0,100.0136337948573,100.01995620231703,800.0,0.0,0.0,200.0,200.0,225.67583340707242,225.67583340707242,0.0,0.7853981633974483,282.842712474619,7219560.0,255.0,-0.9138610214563998,-1.1648580334626628,70.78,7219560.0,1.0,0.0,0.0,135.0,200.0,1.0,1.000000000106614,1.0,./content/Images1/
1531,noise 3 22532.0.png,40000.0,132.0645,127.41986201248565,255.0,0.0,255.0,100.0,100.0,100.99946900946128,101.56198107742807,800.0,0.0,0.0,200.0,200.0,225.67583340707242,225.67583340707242,0.0,0.7853981633974483,282.842712474619,5282580.0,255.0,-0.07164592686299628,-1.9948668611639426,51.79,5282580.0,1.0,0.0,0.0,135.0,200.0,1.0,1.000000000106614,1.0,./content/Images1/
1532,noise 3 22533.0.png,40000.0,0.0,0.0,0.0,0.0,0.0,100.0,100.0,100.0,100.0,800.0,0.0,0.0,200.0,200.0,225.67583340707242,225.67583340707242,0.0,0.7853981633974483,282.842712474619,0.0,0.0,,,0.0,0.0,1.0,0.0,0.0,135.0,200.0,1.0,1.000000000106614,1.0,./content/Images1/
1533,noise 3 22534.0.png,40000.0,11.073375,51.972670896081304,0.0,0.0,255.0,100.0,100.0,100.58693149107657,101.024467472654,800.0,0.0,0.0,200.0,200.0,225.67583340707242,225.67583340707242,0.0,0.7853981633974483,282.842712474619,442935.0,0.0,4.4803577862256505,18.07360589259281,4.3425,442935.0,1.0,0.0,0.0,135.0,200.0,1.0,1.000000000106614,1.0,./content/Images1/
1534,noise 3 22535.0.png,40000.0,255.0,0.0,255.0,255.0,255.0,100.0,100.0,100.0,100.0,800.0,0.0,0.0,200.0,200.0,225.67583340707242,225.67583340707242,0.0,0.7853981633974483,282.842712474619,10200000.0,255.0,,,100.0,10200000.0,1.0,0.0,0.0,135.0,200.0,1.0,1.000000000106614,1.0,./content/Images1/
1535,noise 3 22536.0.png,40000.0,255.0,0.0,255.0,255.0,255.0,100.0,100.0,100.0,100.0,800.0,0.0,0.0,200.0,200.0,225.67583340707242,225.67583340707242,0.0,0.7853981633974483,282.842712474619,10200000.0,255.0,,,100.0,10200000.0,1.0,0.0,0.0,135.0,200.0,1.0,1.000000000106614,1.0,./content/Images1/
1536,noise 3 22537.0.png,40000.0,255.0,0.0,255.0,255.0,255.0,100.0,100.0,100.0,100.0,800.0,0.0,0.0,200.0,200.0,225.67583340707242,225.67583340707242,0.0,0.7853981633974483,282.842712474619,10200000.0,255.0,,,100.0,10200000.0,1.0,0.0,0.0,135.0,200.0,1.0,1.000000000106614,1.0,./content/Images1/
1537,noise 3 22538.0.png,40000.0,0.0,0.0,0.0,0.0,0.0,100.0,100.0,100.0,100.0,800.0,0.0,0.0,200.0,200.0,225.67583340707242,225.67583340707242,0.0,0.7853981633974483,282.842712474619,0.0,0.0,,,0.0,0.0,1.0,0.0,0.0,135.0,200.0,1.0,1.000000000106614,1.0,./content/Images1/
1538,noise 3 22539.0.png,40000.0,0.0,0.0,0.0,0.0,0.0,100.0,100.0,100.0,100.0,800.0,0.0,0.0,200.0,200.0,225.67583340707242,225.67583340707242,0.0,0.7853981633974483,282.842712474619,0.0,0.0,,,0.0,0.0,1.0,0.0,0.0,135.0,200.0,1.0,1.000000000106614,1.0,./content/Images1/
1539,noise 3 22540.0.png,40000.0,0.0,0.0,0.0,0.0,0.0,100.0,100.0,100.0,100.0,800.0,0.0,0.0,200.0,200.0,225.67583340707242,225.67583340707242,0.0,0.7853981633974483,282.842712474619,0.0,0.0,,,0.0,0.0,1.0,0.0,0.0,135.0,200.0,1.0,1.000000000106614,1.0,./content/Images1/
1540,noise 3 22541.0.png,40000.0,6.324,39.65685742287854,0.0,0.0,255.0,100.0,100.0,100.07661290322581,100.19959677419355,800.0,0.0,0.0,200.0,200.0,225.67583340707242,225.67583340707242,0.0,0.7853981633974483,282.842712474619,252960.0,0.0,6.111301933798336,35.34801132604727,2.48,252960.0,1.0,0.0,0.0,135.0,200.0,1.0,1.000000000106614,1.0,./content/Images1/
1541,noise 3 22542.0.png,40000.0,0.0,0.0,0.0,0.0,0.0,100.0,100.0,100.0,100.0,800.0,0.0,0.0,200.0,200.0,225.67583340707242,225.67583340707242,0.0,0.7853981633974483,282.842712474619,0.0,0.0,,,0.0,0.0,1.0,0.0,0.0,135.0,200.0,1.0,1.000000000106614,1.0,./content/Images1/
1542,noise 3 22543.0.png,40000.0,255.0,0.0,255.0,255.0,255.0,100.0,100.0,100.0,100.0,800.0,0.0,0.0,200.0,200.0,225.67583340707242,225.67583340707242,0.0,0.7853981633974483,282.842712474619,10200000.0,255.0,,,100.0,10200000.0,1.0,0.0,0.0,135.0,200.0,1.0,1.000000000106614,1.0,./content/Images1/
1543,noise 3 22544.0.png,40000.0,41.201625,93.85659645904941,0.0,0.0,255.0,100.0,100.0,99.94282840786013,100.59376450564753,800.0,0.0,0.0,200.0,200.0,225.67583340707242,225.67583340707242,0.0,0.7853981633974483,282.842712474619,1648065.0,0.0,1.8389640580578144,1.3817888068284647,16.1575,1648065.0,1.0,0.0,0.0,135.0,200.0,1.0,1.000000000106614,1.0,./content/Images1/
1544,noise 3 22545.0.png,40000.0,0.0,0.0,0.0,0.0,0.0,100.0,100.0,100.0,100.0,800.0,0.0,0.0,200.0,200.0,225.67583340707242,225.67583340707242,0.0,0.7853981633974483,282.842712474619,0.0,0.0,,,0.0,0.0,1.0,0.0,0.0,135.0,200.0,1.0,1.000000000106614,1.0,./content/Images1/
1545,noise 3 22546.0.png,40000.0,0.0,0.0,0.0,0.0,0.0,100.0,100.0,100.0,100.0,800.0,0.0,0.0,200.0,200.0,225.67583340707242,225.67583340707242,0.0,0.7853981633974483,282.842712474619,0.0,0.0,,,0.0,0.0,1.0,0.0,0.0,135.0,200.0,1.0,1.000000000106614,1.0,./content/Images1/
1546,noise 3 22547.0.png,40000.0,10.404,50.44641122032493,0.0,0.0,255.0,100.0,100.0,101.3216911764706,100.93872549019608,800.0,0.0,0.0,200.0,200.0,225.67583340707242,225.67583340707242,0.0,0.7853981633974483,282.842712474619,416160.0,0.0,4.642449716235363,19.552339367773797,4.08,416160.0,1.0,0.0,0.0,135.0,200.0,1.0,1.000000000106614,1.0,./content/Images1/
1547,noise 3 22548.0.png,40000.0,255.0,0.0,255.0,255.0,255.0,100.0,100.0,100.0,100.0,800.0,0.0,0.0,200.0,200.0,225.67583340707242,225.67583340707242,0.0,0.7853981633974483,282.842712474619,10200000.0,255.0,,,100.0,10200000.0,1.0,0.0,0.0,135.0,200.0,1.0,1.000000000106614,1.0,./content/Images1/
1548,noise 3 22549.0.png,40000.0,255.0,0.0,255.0,255.0,255.0,100.0,100.0,100.0,100.0,800.0,0.0,0.0,200.0,200.0,225.67583340707242,225.67583340707242,0.0,0.7853981633974483,282.842712474619,10200000.0,255.0,,,100.0,10200000.0,1.0,0.0,0.0,135.0,200.0,1.0,1.000000000106614,1.0,./content/Images1/
1549,noise 3 22550.0.png,40000.0,114.348375,126.82147630441256,0.0,0.0,255.0,100.0,100.0,100.99149802085076,99.8418074371411,800.0,0.0,0.0,200.0,200.0,225.67583340707242,225.67583340707242,0.0,0.7853981633974483,282.842712474619,4573935.0,0.0,0.2074063444400608,-1.9569826082860102,44.8425,4573935.0,1.0,0.0,0.0,135.0,200.0,1.0,1.000000000106614,1.0,./content/Images1/
1550,noise 3 22551.0.png,40000.0,255.0,0.0,255.0,255.0,255.0,100.0,100.0,100.0,100.0,800.0,0.0,0.0,200.0,200.0,225.67583340707242,225.67583340707242,0.0,0.7853981633974483,282.842712474619,10200000.0,255.0,,,100.0,10200000.0,1.0,0.0,0.0,135.0,200.0,1.0,1.000000000106614,1.0,./content/Images1/
1551,noise 3 22552.0.png,40000.0,42.942,95.4275761850704,0.0,0.0,255.0,100.0,100.0,99.59070665083135,100.1916567695962,800.0,0.0,0.0,200.0,200.0,225.67583340707242,225.67583340707242,0.0,0.7853981633974483,282.842712474619,1717680.0,0.0,1.7722142880549863,1.140743482786239,16.84,1717680.0,1.0,0.0,0.0,135.0,200.0,1.0,1.000000000106614,1.0,./content/Images1/
1552,noise 3 22553.0.png,40000.0,0.0,0.0,0.0,0.0,0.0,100.0,100.0,100.0,100.0,800.0,0.0,0.0,200.0,200.0,225.67583340707242,225.67583340707242,0.0,0.7853981633974483,282.842712474619,0.0,0.0,,,0.0,0.0,1.0,0.0,0.0,135.0,200.0,1.0,1.000000000106614,1.0,./content/Images1/
1553,noise 3 22554.0.png,40000.0,103.31325,125.18643263353417,0.0,0.0,255.0,100.0,100.0,100.17703319758114,100.19190423300013,800.0,0.0,0.0,200.0,200.0,225.67583340707242,225.67583340707242,0.0,0.7853981633974483,282.842712474619,4132530.0,0.0,0.3864165122565334,-1.8506822790554962,40.515,4132530.0,1.0,0.0,0.0,135.0,200.0,1.0,1.000000000106614,1.0,./content/Images1/
1554,noise 3 22555.0.png,40000.0,98.685,124.20278351665807,0.0,0.0,255.0,100.0,100.0,100.20368217054263,99.94489664082687,800.0,0.0,0.0,200.0,200.0,225.67583340707242,225.67583340707242,0.0,0.7853981633974483,282.842712474619,3947400.0,0.0,0.46400506298458194,-1.7846993015246737,38.7,3947400.0,1.0,0.0,0.0,135.0,200.0,1.0,1.000000000106614,1.0,./content/Images1/
1555,noise 3 22556.0.png,40000.0,255.0,0.0,255.0,255.0,255.0,100.0,100.0,100.0,100.0,800.0,0.0,0.0,200.0,200.0,225.67583340707242,225.67583340707242,0.0,0.7853981633974483,282.842712474619,10200000.0,255.0,,,100.0,10200000.0,1.0,0.0,0.0,135.0,200.0,1.0,1.000000000106614,1.0,./content/Images1/
1556,noise 3 22557.0.png,40000.0,32.710125,85.27198473278831,0.0,0.0,255.0,100.0,100.0,99.57581368154356,99.7153576300916,800.0,0.0,0.0,200.0,200.0,225.67583340707242,225.67583340707242,0.0,0.7853981633974483,282.842712474619,1308405.0,0.0,2.2232638349557687,2.9429020798222307,12.8275,1308405.0,1.0,0.0,0.0,135.0,200.0,1.0,1.000000000106614,1.0,./content/Images1/
1557,noise 3 22558.0.png,40000.0,185.544375,113.52278501000266,255.0,0.0,255.0,100.0,100.0,99.35603848136059,100.39070606425012,800.0,0.0,0.0,200.0,200.0,225.67583340707242,225.67583340707242,0.0,0.7853981633974483,282.842712474619,7421775.0,255.0,-1.0226158662893547,-0.9542567900132748,72.7625,7421775.0,1.0,0.0,0.0,135.0,200.0,1.0,1.000000000106614,1.0,./content/Images1/
1558,noise 3 22559.0.png,40000.0,0.0,0.0,0.0,0.0,0.0,100.0,100.0,100.0,100.0,800.0,0.0,0.0,200.0,200.0,225.67583340707242,225.67583340707242,0.0,0.7853981633974483,282.842712474619,0.0,0.0,,,0.0,0.0,1.0,0.0,0.0,135.0,200.0,1.0,1.000000000106614,1.0,./content/Images1/
1559,noise 3 22560.0.png,40000.0,0.0,0.0,0.0,0.0,0.0,100.0,100.0,100.0,100.0,800.0,0.0,0.0,200.0,200.0,225.67583340707242,225.67583340707242,0.0,0.7853981633974483,282.842712474619,0.0,0.0,,,0.0,0.0,1.0,0.0,0.0,135.0,200.0,1.0,1.000000000106614,1.0,./content/Images1/
1560,noise 3 22561.0.png,40000.0,255.0,0.0,255.0,255.0,255.0,100.0,100.0,100.0,100.0,800.0,0.0,0.0,200.0,200.0,225.67583340707242,225.67583340707242,0.0,0.7853981633974483,282.842712474619,10200000.0,255.0,,,100.0,10200000.0,1.0,0.0,0.0,135.0,200.0,1.0,1.000000000106614,1.0,./content/Images1/
1561,noise 3 22562.0.png,40000.0,0.0,0.0,0.0,0.0,0.0,100.0,100.0,100.0,100.0,800.0,0.0,0.0,200.0,200.0,225.67583340707242,225.67583340707242,0.0,0.7853981633974483,282.842712474619,0.0,0.0,,,0.0,0.0,1.0,0.0,0.0,135.0,200.0,1.0,1.000000000106614,1.0,./content/Images1/
1562,noise 3 22563.0.png,40000.0,0.0,0.0,0.0,0.0,0.0,100.0,100.0,100.0,100.0,800.0,0.0,0.0,200.0,200.0,225.67583340707242,225.67583340707242,0.0,0.7853981633974483,282.842712474619,0.0,0.0,,,0.0,0.0,1.0,0.0,0.0,135.0,200.0,1.0,1.000000000106614,1.0,./content/Images1/
1563,noise 3 22564.0.png,40000.0,255.0,0.0,255.0,255.0,255.0,100.0,100.0,100.0,100.0,800.0,0.0,0.0,200.0,200.0,225.67583340707242,225.67583340707242,0.0,0.7853981633974483,282.842712474619,10200000.0,255.0,,,100.0,10200000.0,1.0,0.0,0.0,135.0,200.0,1.0,1.000000000106614,1.0,./content/Images1/
1564,noise 3 22565.0.png,40000.0,0.0,0.0,0.0,0.0,0.0,100.0,100.0,100.0,100.0,800.0,0.0,0.0,200.0,200.0,225.67583340707242,225.67583340707242,0.0,0.7853981633974483,282.842712474619,0.0,0.0,,,0.0,0.0,1.0,0.0,0.0,135.0,200.0,1.0,1.000000000106614,1.0,./content/Images1/
1565,noise 3 22566.0.png,40000.0,0.0,0.0,0.0,0.0,0.0,100.0,100.0,100.0,100.0,800.0,0.0,0.0,200.0,200.0,225.67583340707242,225.67583340707242,0.0,0.7853981633974483,282.842712474619,0.0,0.0,,,0.0,0.0,1.0,0.0,0.0,135.0,200.0,1.0,1.000000000106614,1.0,./content/Images1/
1566,noise 3 22567.0.png,40000.0,255.0,0.0,255.0,255.0,255.0,100.0,100.0,100.0,100.0,800.0,0.0,0.0,200.0,200.0,225.67583340707242,225.67583340707242,0.0,0.7853981633974483,282.842712474619,10200000.0,255.0,,,100.0,10200000.0,1.0,0.0,0.0,135.0,200.0,1.0,1.000000000106614,1.0,./content/Images1/
1567,noise 3 22568.0.png,40000.0,2.110125,23.10070536908102,0.0,0.0,255.0,100.0,100.0,98.9773413897281,102.74471299093656,800.0,0.0,0.0,200.0,200.0,225.67583340707242,225.67583340707242,0.0,0.7853981633974483,282.842712474619,84405.0,0.0,10.856070444554968,115.85426549713989,0.8275,84405.0,1.0,0.0,0.0,135.0,200.0,1.0,1.000000000106614,1.0,./content/Images1/
1568,noise 3 22569.0.png,40000.0,255.0,0.0,255.0,255.0,255.0,100.0,100.0,100.0,100.0,800.0,0.0,0.0,200.0,200.0,225.67583340707242,225.67583340707242,0.0,0.7853981633974483,282.842712474619,10200000.0,255.0,,,100.0,10200000.0,1.0,0.0,0.0,135.0,200.0,1.0,1.000000000106614,1.0,./content/Images1/
1569,noise 3 22570.0.png,40000.0,255.0,0.0,255.0,255.0,255.0,100.0,100.0,100.0,100.0,800.0,0.0,0.0,200.0,200.0,225.67583340707242,225.67583340707242,0.0,0.7853981633974483,282.842712474619,10200000.0,255.0,,,100.0,10200000.0,1.0,0.0,0.0,135.0,200.0,1.0,1.000000000106614,1.0,./content/Images1/
1570,noise 3 22571.0.png,40000.0,255.0,0.0,255.0,255.0,255.0,100.0,100.0,100.0,100.0,800.0,0.0,0.0,200.0,200.0,225.67583340707242,225.67583340707242,0.0,0.7853981633974483,282.842712474619,10200000.0,255.0,,,100.0,10200000.0,1.0,0.0,0.0,135.0,200.0,1.0,1.000000000106614,1.0,./content/Images1/
1571,noise 3 22572.0.png,40000.0,53.773125,104.02340325352264,0.0,0.0,255.0,100.0,100.0,99.60871369294605,100.40041493775934,800.0,0.0,0.0,200.0,200.0,225.67583340707242,225.67583340707242,0.0,0.7853981633974483,282.842712474619,2150925.0,0.0,1.4175232552915131,0.00937217929224854,21.0875,2150925.0,1.0,0.0,0.0,135.0,200.0,1.0,1.000000000106614,1.0,./content/Images1/
1572,noise 3 22573.0.png,40000.0,0.0,0.0,0.0,0.0,0.0,100.0,100.0,100.0,100.0,800.0,0.0,0.0,200.0,200.0,225.67583340707242,225.67583340707242,0.0,0.7853981633974483,282.842712474619,0.0,0.0,,,0.0,0.0,1.0,0.0,0.0,135.0,200.0,1.0,1.000000000106614,1.0,./content/Images1/
1573,noise 3 22574.0.png,40000.0,255.0,0.0,255.0,255.0,255.0,100.0,100.0,100.0,100.0,800.0,0.0,0.0,200.0,200.0,225.67583340707242,225.67583340707242,0.0,0.7853981633974483,282.842712474619,10200000.0,255.0,,,100.0,10200000.0,1.0,0.0,0.0,135.0,200.0,1.0,1.000000000106614,1.0,./content/Images1/
1574,noise 3 22575.0.png,40000.0,0.0,0.0,0.0,0.0,0.0,100.0,100.0,100.0,100.0,800.0,0.0,0.0,200.0,200.0,225.67583340707242,225.67583340707242,0.0,0.7853981633974483,282.842712474619,0.0,0.0,,,0.0,0.0,1.0,0.0,0.0,135.0,200.0,1.0,1.000000000106614,1.0,./content/Images1/
1575,noise 3 22576.0.png,40000.0,146.0385,126.14662834196581,255.0,0.0,255.0,100.0,100.0,102.06368954077178,99.265322158198,800.0,0.0,0.0,200.0,200.0,225.67583340707242,225.67583340707242,0.0,0.7853981633974483,282.842712474619,5841540.0,255.0,-0.29392353928539644,-1.9136089530539473,57.27,5841540.0,1.0,0.0,0.0,135.0,200.0,1.0,1.000000000106614,1.0,./content/Images1/
1576,noise 3 22577.0.png,40000.0,255.0,0.0,255.0,255.0,255.0,100.0,100.0,100.0,100.0,800.0,0.0,0.0,200.0,200.0,225.67583340707242,225.67583340707242,0.0,0.7853981633974483,282.842712474619,10200000.0,255.0,,,100.0,10200000.0,1.0,0.0,0.0,135.0,200.0,1.0,1.000000000106614,1.0,./content/Images1/
1577,noise 3 22578.0.png,40000.0,196.662375,107.11257027971634,255.0,0.0,255.0,100.0,100.0,99.97884858504328,100.04280527731855,800.0,0.0,0.0,200.0,200.0,225.67583340707242,225.67583340707242,0.0,0.7853981633974483,282.842712474619,7866495.0,255.0,-1.2914121912168328,-0.33225455237653856,77.1225,7866495.0,1.0,0.0,0.0,135.0,200.0,1.0,1.000000000106614,1.0,./content/Images1/
1578,noise 3 22579.0.png,40000.0,0.0,0.0,0.0,0.0,0.0,100.0,100.0,100.0,100.0,800.0,0.0,0.0,200.0,200.0,225.67583340707242,225.67583340707242,0.0,0.7853981633974483,282.842712474619,0.0,0.0,,,0.0,0.0,1.0,0.0,0.0,135.0,200.0,1.0,1.000000000106614,1.0,./content/Images1/
1579,noise 3 22580.0.png,40000.0,255.0,0.0,255.0,255.0,255.0,100.0,100.0,100.0,100.0,800.0,0.0,0.0,200.0,200.0,225.67583340707242,225.67583340707242,0.0,0.7853981633974483,282.842712474619,10200000.0,255.0,,,100.0,10200000.0,1.0,0.0,0.0,135.0,200.0,1.0,1.000000000106614,1.0,./content/Images1/
1580,noise 3 22581.0.png,40000.0,105.2895,125.55213169514221,0.0,0.0,255.0,100.0,100.0,100.97033179946719,99.27748849600387,800.0,0.0,0.0,200.0,200.0,225.67583340707242,225.67583340707242,0.0,0.7853981633974483,282.842712474619,4211580.0,0.0,0.35380964602634546,-1.8748187343787108,41.29,4211580.0,1.0,0.0,0.0,135.0,200.0,1.0,1.000000000106614,1.0,./content/Images1/
1581,noise 3 22582.0.png,40000.0,5.450625,36.8813512220075,0.0,0.0,255.0,100.0,100.0,99.85672514619883,100.42280701754386,800.0,0.0,0.0,200.0,200.0,225.67583340707242,225.67583340707242,0.0,0.7853981633974483,282.842712474619,218024.99999999997,0.0,6.618569906026888,41.80546760096477,2.1375,218024.99999999997,1.0,0.0,0.0,135.0,200.0,1.0,1.000000000106614,1.0,./content/Images1/
1582,noise 3 22583.0.png,40000.0,255.0,0.0,255.0,255.0,255.0,100.0,100.0,100.0,100.0,800.0,0.0,0.0,200.0,200.0,225.67583340707242,225.67583340707242,0.0,0.7853981633974483,282.842712474619,10200000.0,255.0,,,100.0,10200000.0,1.0,0.0,0.0,135.0,200.0,1.0,1.000000000106614,1.0,./content/Images1/
1583,noise 3 22584.0.png,40000.0,0.0,0.0,0.0,0.0,0.0,100.0,100.0,100.0,100.0,800.0,0.0,0.0,200.0,200.0,225.67583340707242,225.67583340707242,0.0,0.7853981633974483,282.842712474619,0.0,0.0,,,0.0,0.0,1.0,0.0,0.0,135.0,200.0,1.0,1.000000000106614,1.0,./content/Images1/
1584,noise 3 22585.0.png,40000.0,255.0,0.0,255.0,255.0,255.0,100.0,100.0,100.0,100.0,800.0,0.0,0.0,200.0,200.0,225.67583340707242,225.67583340707242,0.0,0.7853981633974483,282.842712474619,10200000.0,255.0,,,100.0,10200000.0,1.0,0.0,0.0,135.0,200.0,1.0,1.000000000106614,1.0,./content/Images1/
1585,noise 3 22586.0.png,40000.0,0.0,0.0,0.0,0.0,0.0,100.0,100.0,100.0,100.0,800.0,0.0,0.0,200.0,200.0,225.67583340707242,225.67583340707242,0.0,0.7853981633974483,282.842712474619,0.0,0.0,,,0.0,0.0,1.0,0.0,0.0,135.0,200.0,1.0,1.000000000106614,1.0,./content/Images1/
1586,noise 3 22587.0.png,40000.0,77.94075,117.47542615939422,0.0,0.0,255.0,100.0,100.0,99.97889743170293,99.98732210044169,800.0,0.0,0.0,200.0,200.0,225.67583340707242,225.67583340707242,0.0,0.7853981633974483,282.842712474619,3117630.0,0.0,0.8437487076658285,-1.288088118312243,30.565,3117630.0,1.0,0.0,0.0,135.0,200.0,1.0,1.000000000106614,1.0,./content/Images1/
1587,noise 3 22588.0.png,40000.0,0.0,0.0,0.0,0.0,0.0,100.0,100.0,100.0,100.0,800.0,0.0,0.0,200.0,200.0,225.67583340707242,225.67583340707242,0.0,0.7853981633974483,282.842712474619,0.0,0.0,,,0.0,0.0,1.0,0.0,0.0,135.0,200.0,1.0,1.000000000106614,1.0,./content/Images1/
1588,noise 3 22589.0.png,40000.0,204.85425,101.35495462782364,255.0,0.0,255.0,100.0,100.0,99.86245098649405,100.01920084645546,800.0,0.0,0.0,200.0,200.0,225.67583340707242,225.67583340707242,0.0,0.7853981633974483,282.842712474619,8194170.0,255.0,-1.5264220132169046,0.32996416243314863,80.335,8194170.0,1.0,0.0,0.0,135.0,200.0,1.0,1.000000000106614,1.0,./content/Images1/
1589,noise 3 22590.0.png,40000.0,255.0,0.0,255.0,255.0,255.0,100.0,100.0,100.0,100.0,800.0,0.0,0.0,200.0,200.0,225.67583340707242,225.67583340707242,0.0,0.7853981633974483,282.842712474619,10200000.0,255.0,,,100.0,10200000.0,1.0,0.0,0.0,135.0,200.0,1.0,1.000000000106614,1.0,./content/Images1/
1590,noise 3 22591.0.png,40000.0,255.0,0.0,255.0,255.0,255.0,100.0,100.0,100.0,100.0,800.0,0.0,0.0,200.0,200.0,225.67583340707242,225.67583340707242,0.0,0.7853981633974483,282.842712474619,10200000.0,255.0,,,100.0,10200000.0,1.0,0.0,0.0,135.0,200.0,1.0,1.000000000106614,1.0,./content/Images1/
1591,noise 3 22592.0.png,40000.0,14.5095,59.071855793208925,0.0,0.0,255.0,100.0,100.0,101.98725834797891,99.16520210896309,800.0,0.0,0.0,200.0,200.0,225.67583340707242,225.67583340707242,0.0,0.7853981633974483,282.842712474619,580380.0,0.0,3.82557517079809,12.635025387426833,5.69,580380.0,1.0,0.0,0.0,135.0,200.0,1.0,1.000000000106614,1.0,./content/Images1/
1592,noise 3 22593.0.png,40000.0,252.035625,27.333985888065943,255.0,0.0,255.0,100.0,100.0,99.61695965600101,99.92582521816112,800.0,0.0,0.0,200.0,200.0,225.67583340707242,225.67583340707242,0.0,0.7853981633974483,282.842712474619,10081425.0,255.0,-9.1122591658964,81.03326710645631,98.8375,10081425.0,1.0,0.0,0.0,135.0,200.0,1.0,1.000000000106614,1.0,./content/Images1/
1593,noise 3 22594.0.png,40000.0,92.125125,122.49589115483882,0.0,0.0,255.0,100.0,100.0,100.1554563698014,99.97443083523632,800.0,0.0,0.0,200.0,200.0,225.67583340707242,225.67583340707242,0.0,0.7853981633974483,282.842712474619,3685005.0,0.0,0.5775755718942951,-1.6664064587509786,36.1275,3685005.0,1.0,0.0,0.0,135.0,200.0,1.0,1.000000000106614,1.0,./content/Images1/
1594,noise 3 22595.0.png,40000.0,213.007875,94.57735952598671,255.0,0.0,255.0,100.0,100.0,100.17566516026696,99.91977673360668,800.0,0.0,0.0,200.0,200.0,225.67583340707242,225.67583340707242,0.0,0.7853981633974483,282.842712474619,8520315.0,255.0,-1.8082328434001969,1.2697060159511686,83.5325,8520315.0,1.0,0.0,0.0,135.0,200.0,1.0,1.000000000106614,1.0,./content/Images1/
1595,noise 3 22596.0.png,40000.0,255.0,0.0,255.0,255.0,255.0,100.0,100.0,100.0,100.0,800.0,0.0,0.0,200.0,200.0,225.67583340707242,225.67583340707242,0.0,0.7853981633974483,282.842712474619,10200000.0,255.0,,,100.0,10200000.0,1.0,0.0,0.0,135.0,200.0,1.0,1.000000000106614,1.0,./content/Images1/
1596,noise 3 22597.0.png,40000.0,37.8165,90.62739740762184,0.0,0.0,255.0,100.0,100.0,100.16469993256912,100.43071476736345,800.0,0.0,0.0,200.0,200.0,225.67583340707242,225.67583340707242,0.0,0.7853981633974483,282.842712474619,1512660.0,0.0,1.9791944517922884,1.917210678005377,14.83,1512660.0,1.0,0.0,0.0,135.0,200.0,1.0,1.000000000106614,1.0,./content/Images1/
1597,noise 3 22598.0.png,40000.0,255.0,0.0,255.0,255.0,255.0,100.0,100.0,100.0,100.0,800.0,0.0,0.0,200.0,200.0,225.67583340707242,225.67583340707242,0.0,0.7853981633974483,282.842712474619,10200000.0,255.0,,,100.0,10200000.0,1.0,0.0,0.0,135.0,200.0,1.0,1.000000000106614,1.0,./content/Images1/
1598,noise 3 22599.0.png,40000.0,0.0,0.0,0.0,0.0,0.0,100.0,100.0,100.0,100.0,800.0,0.0,0.0,200.0,200.0,225.67583340707242,225.67583340707242,0.0,0.7853981633974483,282.842712474619,0.0,0.0,,,0.0,0.0,1.0,0.0,0.0,135.0,200.0,1.0,1.000000000106614,1.0,./content/Images1/
1599,noise 3 22600.0.png,40000.0,0.0,0.0,0.0,0.0,0.0,100.0,100.0,100.0,100.0,800.0,0.0,0.0,200.0,200.0,225.67583340707242,225.67583340707242,0.0,0.7853981633974483,282.842712474619,0.0,0.0,,,0.0,0.0,1.0,0.0,0.0,135.0,200.0,1.0,1.000000000106614,1.0,./content/Images1/
1600,noise 3 22601.0.png,40000.0,0.0,0.0,0.0,0.0,0.0,100.0,100.0,100.0,100.0,800.0,0.0,0.0,200.0,200.0,225.67583340707242,225.67583340707242,0.0,0.7853981633974483,282.842712474619,0.0,0.0,,,0.0,0.0,1.0,0.0,0.0,135.0,200.0,1.0,1.000000000106614,1.0,./content/Images1/
1601,noise 3 22602.0.png,40000.0,255.0,0.0,255.0,255.0,255.0,100.0,100.0,100.0,100.0,800.0,0.0,0.0,200.0,200.0,225.67583340707242,225.67583340707242,0.0,0.7853981633974483,282.842712474619,10200000.0,255.0,,,100.0,10200000.0,1.0,0.0,0.0,135.0,200.0,1.0,1.000000000106614,1.0,./content/Images1/
1602,noise 3 22603.0.png,40000.0,255.0,0.0,255.0,255.0,255.0,100.0,100.0,100.0,100.0,800.0,0.0,0.0,200.0,200.0,225.67583340707242,225.67583340707242,0.0,0.7853981633974483,282.842712474619,10200000.0,255.0,,,100.0,10200000.0,1.0,0.0,0.0,135.0,200.0,1.0,1.000000000106614,1.0,./content/Images1/
1603,noise 3 22604.0.png,40000.0,0.0,0.0,0.0,0.0,0.0,100.0,100.0,100.0,100.0,800.0,0.0,0.0,200.0,200.0,225.67583340707242,225.67583340707242,0.0,0.7853981633974483,282.842712474619,0.0,0.0,,,0.0,0.0,1.0,0.0,0.0,135.0,200.0,1.0,1.000000000106614,1.0,./content/Images1/
1604,noise 3 22605.0.png,40000.0,0.87975,14.952186433243748,0.0,0.0,255.0,100.0,100.0,100.85507246376811,98.5,800.0,0.0,0.0,200.0,200.0,225.67583340707242,225.67583340707242,0.0,0.7853981633974483,282.842712474619,35190.0,0.0,16.936898606518078,284.8585344074739,0.345,35190.0,1.0,0.0,0.0,135.0,200.0,1.0,1.000000000106614,1.0,./content/Images1/
1605,noise 3 22606.0.png,40000.0,0.0,0.0,0.0,0.0,0.0,100.0,100.0,100.0,100.0,800.0,0.0,0.0,200.0,200.0,225.67583340707242,225.67583340707242,0.0,0.7853981633974483,282.842712474619,0.0,0.0,,,0.0,0.0,1.0,0.0,0.0,135.0,200.0,1.0,1.000000000106614,1.0,./content/Images1/
1606,noise 3 22607.0.png,40000.0,254.898,5.099043636423418,255.0,0.0,255.0,100.0,100.0,99.99959983993597,100.03001200480192,800.0,0.0,0.0,200.0,200.0,225.67583340707242,225.67583340707242,0.0,0.7853981633974483,282.842712474619,10195920.0,255.0,-49.96999499859319,2495.000400161808,99.96,10195920.0,1.0,0.0,0.0,135.0,200.0,1.0,1.000000000106614,1.0,./content/Images1/
1607,noise 3 22608.0.png,40000.0,254.898,5.099043636423418,255.0,0.0,255.0,100.0,100.0,100.03946578631452,100.031212484994,800.0,0.0,0.0,200.0,200.0,225.67583340707242,225.67583340707242,0.0,0.7853981633974483,282.842712474619,10195920.0,255.0,-49.96999499859319,2495.000400161808,99.96,10195920.0,1.0,0.0,0.0,135.0,200.0,1.0,1.000000000106614,1.0,./content/Images1/
1608,noise 3 22609.0.png,40000.0,255.0,0.0,255.0,255.0,255.0,100.0,100.0,100.0,100.0,800.0,0.0,0.0,200.0,200.0,225.67583340707242,225.67583340707242,0.0,0.7853981633974483,282.842712474619,10200000.0,255.0,,,100.0,10200000.0,1.0,0.0,0.0,135.0,200.0,1.0,1.000000000106614,1.0,./content/Images1/
1609,noise 3 22610.0.png,40000.0,2.416125,24.704037569214886,0.0,0.0,255.0,100.0,100.0,99.3891820580475,98.07255936675462,800.0,0.0,0.0,200.0,200.0,225.67583340707242,225.67583340707242,0.0,0.7853981633974483,282.842712474619,96645.0,0.0,10.126720235693838,100.55046273201111,0.9475,96645.0,1.0,0.0,0.0,135.0,200.0,1.0,1.000000000106614,1.0,./content/Images1/
1610,noise 3 22611.0.png,40000.0,255.0,0.0,255.0,255.0,255.0,100.0,100.0,100.0,100.0,800.0,0.0,0.0,200.0,200.0,225.67583340707242,225.67583340707242,0.0,0.7853981633974483,282.842712474619,10200000.0,255.0,,,100.0,10200000.0,1.0,0.0,0.0,135.0,200.0,1.0,1.000000000106614,1.0,./content/Images1/
1611,noise 3 22612.0.png,40000.0,0.0,0.0,0.0,0.0,0.0,100.0,100.0,100.0,100.0,800.0,0.0,0.0,200.0,200.0,225.67583340707242,225.67583340707242,0.0,0.7853981633974483,282.842712474619,0.0,0.0,,,0.0,0.0,1.0,0.0,0.0,135.0,200.0,1.0,1.000000000106614,1.0,./content/Images1/
1612,noise 3 22613.0.png,40000.0,27.189375,78.70313441466955,0.0,0.0,255.0,100.0,100.0,100.3736225087925,99.82942555685815,800.0,0.0,0.0,200.0,200.0,225.67583340707242,225.67583340707242,0.0,0.7853981633974483,282.842712474619,1087575.0,0.0,2.549120302574025,4.498014316995089,10.6625,1087575.0,1.0,0.0,0.0,135.0,200.0,1.0,1.000000000106614,1.0,./content/Images1/
1613,noise 3 22614.0.png,40000.0,255.0,0.0,255.0,255.0,255.0,100.0,100.0,100.0,100.0,800.0,0.0,0.0,200.0,200.0,225.67583340707242,225.67583340707242,0.0,0.7853981633974483,282.842712474619,10200000.0,255.0,,,100.0,10200000.0,1.0,0.0,0.0,135.0,200.0,1.0,1.000000000106614,1.0,./content/Images1/
1614,noise 3 22615.0.png,40000.0,255.0,0.0,255.0,255.0,255.0,100.0,100.0,100.0,100.0,800.0,0.0,0.0,200.0,200.0,225.67583340707242,225.67583340707242,0.0,0.7853981633974483,282.842712474619,10200000.0,255.0,,,100.0,10200000.0,1.0,0.0,0.0,135.0,200.0,1.0,1.000000000106614,1.0,./content/Images1/
1615,noise 3 22616.0.png,40000.0,255.0,0.0,255.0,255.0,255.0,100.0,100.0,100.0,100.0,800.0,0.0,0.0,200.0,200.0,225.67583340707242,225.67583340707242,0.0,0.7853981633974483,282.842712474619,10200000.0,255.0,,,100.0,10200000.0,1.0,0.0,0.0,135.0,200.0,1.0,1.000000000106614,1.0,./content/Images1/
1616,noise 3 22617.0.png,40000.0,0.0,0.0,0.0,0.0,0.0,100.0,100.0,100.0,100.0,800.0,0.0,0.0,200.0,200.0,225.67583340707242,225.67583340707242,0.0,0.7853981633974483,282.842712474619,0.0,0.0,,,0.0,0.0,1.0,0.0,0.0,135.0,200.0,1.0,1.000000000106614,1.0,./content/Images1/
1617,noise 3 22618.0.png,40000.0,255.0,0.0,255.0,255.0,255.0,100.0,100.0,100.0,100.0,800.0,0.0,0.0,200.0,200.0,225.67583340707242,225.67583340707242,0.0,0.7853981633974483,282.842712474619,10200000.0,255.0,,,100.0,10200000.0,1.0,0.0,0.0,135.0,200.0,1.0,1.000000000106614,1.0,./content/Images1/
1618,noise 3 22619.0.png,40000.0,0.0,0.0,0.0,0.0,0.0,100.0,100.0,100.0,100.0,800.0,0.0,0.0,200.0,200.0,225.67583340707242,225.67583340707242,0.0,0.7853981633974483,282.842712474619,0.0,0.0,,,0.0,0.0,1.0,0.0,0.0,135.0,200.0,1.0,1.000000000106614,1.0,./content/Images1/
1619,noise 3 22620.0.png,40000.0,255.0,0.0,255.0,255.0,255.0,100.0,100.0,100.0,100.0,800.0,0.0,0.0,200.0,200.0,225.67583340707242,225.67583340707242,0.0,0.7853981633974483,282.842712474619,10200000.0,255.0,,,100.0,10200000.0,1.0,0.0,0.0,135.0,200.0,1.0,1.000000000106614,1.0,./content/Images1/
1620,noise 3 22621.0.png,40000.0,0.0,0.0,0.0,0.0,0.0,100.0,100.0,100.0,100.0,800.0,0.0,0.0,200.0,200.0,225.67583340707242,225.67583340707242,0.0,0.7853981633974483,282.842712474619,0.0,0.0,,,0.0,0.0,1.0,0.0,0.0,135.0,200.0,1.0,1.000000000106614,1.0,./content/Images1/
1621,noise 3 22622.0.png,40000.0,172.131375,119.43469756224076,255.0,0.0,255.0,100.0,100.0,100.4237065293878,99.77473056553461,800.0,0.0,0.0,200.0,200.0,225.67583340707242,225.67583340707242,0.0,0.7853981633974483,282.842712474619,6885255.0,255.0,-0.7473863762143207,-1.4414136046492285,67.5025,6885255.0,1.0,0.0,0.0,135.0,200.0,1.0,1.000000000106614,1.0,./content/Images1/
1622,noise 3 22623.0.png,40000.0,21.2925,70.54318785172532,0.0,0.0,255.0,100.0,100.0,100.32155688622754,99.96497005988024,800.0,0.0,0.0,200.0,200.0,225.67583340707242,225.67583340707242,0.0,0.7853981633974483,282.842712474619,851700.0,0.0,3.011171761669835,7.067155378277816,8.35,851700.0,1.0,0.0,0.0,135.0,200.0,1.0,1.000000000106614,1.0,./content/Images1/
1623,noise 3 22624.0.png,40000.0,0.0,0.0,0.0,0.0,0.0,100.0,100.0,100.0,100.0,800.0,0.0,0.0,200.0,200.0,225.67583340707242,225.67583340707242,0.0,0.7853981633974483,282.842712474619,0.0,0.0,,,0.0,0.0,1.0,0.0,0.0,135.0,200.0,1.0,1.000000000106614,1.0,./content/Images1/
1624,noise 3 22625.0.png,40000.0,0.0,0.0,0.0,0.0,0.0,100.0,100.0,100.0,100.0,800.0,0.0,0.0,200.0,200.0,225.67583340707242,225.67583340707242,0.0,0.7853981633974483,282.842712474619,0.0,0.0,,,0.0,0.0,1.0,0.0,0.0,135.0,200.0,1.0,1.000000000106614,1.0,./content/Images1/
1625,noise 3 22626.0.png,40000.0,255.0,0.0,255.0,255.0,255.0,100.0,100.0,100.0,100.0,800.0,0.0,0.0,200.0,200.0,225.67583340707242,225.67583340707242,0.0,0.7853981633974483,282.842712474619,10200000.0,255.0,,,100.0,10200000.0,1.0,0.0,0.0,135.0,200.0,1.0,1.000000000106614,1.0,./content/Images1/
1626,noise 3 22627.0.png,40000.0,255.0,0.0,255.0,255.0,255.0,100.0,100.0,100.0,100.0,800.0,0.0,0.0,200.0,200.0,225.67583340707242,225.67583340707242,0.0,0.7853981633974483,282.842712474619,10200000.0,255.0,,,100.0,10200000.0,1.0,0.0,0.0,135.0,200.0,1.0,1.000000000106614,1.0,./content/Images1/
1627,noise 3 22628.0.png,40000.0,11.851125,53.68109306569859,0.0,0.0,255.0,100.0,100.0,99.41554599246906,99.63340505648198,800.0,0.0,0.0,200.0,200.0,225.67583340707242,225.67583340707242,0.0,0.7853981633974483,282.842712474619,474045.0,0.0,4.308791570115851,16.56568479470143,4.6475,474045.0,1.0,0.0,0.0,135.0,200.0,1.0,1.000000000106614,1.0,./content/Images1/
1628,noise 3 22629.0.png,40000.0,98.46825,124.15229694515692,0.0,0.0,255.0,100.0,100.0,99.17881652207691,102.00239544218567,800.0,0.0,0.0,200.0,200.0,225.67583340707242,225.67583340707242,0.0,0.7853981633974483,282.842712474619,3938730.0,0.0,0.46768547369694075,-1.7812702976928685,38.615,3938730.0,1.0,0.0,0.0,135.0,200.0,1.0,1.000000000106614,1.0,./content/Images1/
1629,noise 3 22630.0.png,40000.0,255.0,0.0,255.0,255.0,255.0,100.0,100.0,100.0,100.0,800.0,0.0,0.0,200.0,200.0,225.67583340707242,225.67583340707242,0.0,0.7853981633974483,282.842712474619,10200000.0,255.0,,,100.0,10200000.0,1.0,0.0,0.0,135.0,200.0,1.0,1.000000000106614,1.0,./content/Images1/
1630,noise 3 22631.0.png,40000.0,116.350125,127.01312371493061,0.0,0.0,255.0,100.0,100.0,100.07229740836118,100.36773327488905,800.0,0.0,0.0,200.0,200.0,225.67583340707242,225.67583340707242,0.0,0.7853981633974483,282.842712474619,4654005.0,0.0,0.17557263454249006,-1.969174249999809,45.6275,4654005.0,1.0,0.0,0.0,135.0,200.0,1.0,1.000000000106614,1.0,./content/Images1/
1631,noise 3 22632.0.png,40000.0,255.0,0.0,255.0,255.0,255.0,100.0,100.0,100.0,100.0,800.0,0.0,0.0,200.0,200.0,225.67583340707242,225.67583340707242,0.0,0.7853981633974483,282.842712474619,10200000.0,255.0,,,100.0,10200000.0,1.0,0.0,0.0,135.0,200.0,1.0,1.000000000106614,1.0,./content/Images1/
1632,noise 3 22633.0.png,40000.0,255.0,0.0,255.0,255.0,255.0,100.0,100.0,100.0,100.0,800.0,0.0,0.0,200.0,200.0,225.67583340707242,225.67583340707242,0.0,0.7853981633974483,282.842712474619,10200000.0,255.0,,,100.0,10200000.0,1.0,0.0,0.0,135.0,200.0,1.0,1.000000000106614,1.0,./content/Images1/
1633,noise 3 22634.0.png,40000.0,255.0,0.0,255.0,255.0,255.0,100.0,100.0,100.0,100.0,800.0,0.0,0.0,200.0,200.0,225.67583340707242,225.67583340707242,0.0,0.7853981633974483,282.842712474619,10200000.0,255.0,,,100.0,10200000.0,1.0,0.0,0.0,135.0,200.0,1.0,1.000000000106614,1.0,./content/Images1/
1634,noise 3 22635.0.png,40000.0,255.0,0.0,255.0,255.0,255.0,100.0,100.0,100.0,100.0,800.0,0.0,0.0,200.0,200.0,225.67583340707242,225.67583340707242,0.0,0.7853981633974483,282.842712474619,10200000.0,255.0,,,100.0,10200000.0,1.0,0.0,0.0,135.0,200.0,1.0,1.000000000106614,1.0,./content/Images1/
1635,noise 3 22636.0.png,40000.0,27.24675,78.77620837989518,0.0,0.0,255.0,100.0,100.0,100.33645297145532,100.34347215722975,800.0,0.0,0.0,200.0,200.0,225.67583340707242,225.67583340707242,0.0,0.7853981633974483,282.842712474619,1089870.0,0.0,2.5452990249454235,4.478547126388123,10.685,1089870.0,1.0,0.0,0.0,135.0,200.0,1.0,1.000000000106614,1.0,./content/Images1/
1636,noise 3 22637.0.png,40000.0,0.0,0.0,0.0,0.0,0.0,100.0,100.0,100.0,100.0,800.0,0.0,0.0,200.0,200.0,225.67583340707242,225.67583340707242,0.0,0.7853981633974483,282.842712474619,0.0,0.0,,,0.0,0.0,1.0,0.0,0.0,135.0,200.0,1.0,1.000000000106614,1.0,./content/Images1/
1637,noise 3 22638.0.png,40000.0,185.65275,113.46730603207232,255.0,0.0,255.0,100.0,100.0,100.07993956459035,99.9881532861754,800.0,0.0,0.0,200.0,200.0,225.67583340707242,225.67583340707242,0.0,0.7853981633974483,282.842712474619,7426110.0,255.0,-1.025026132312818,-0.9493214280758338,72.805,7426110.0,1.0,0.0,0.0,135.0,200.0,1.0,1.000000000106614,1.0,./content/Images1/
1638,noise 3 22639.0.png,40000.0,0.0,0.0,0.0,0.0,0.0,100.0,100.0,100.0,100.0,800.0,0.0,0.0,200.0,200.0,225.67583340707242,225.67583340707242,0.0,0.7853981633974483,282.842712474619,0.0,0.0,,,0.0,0.0,1.0,0.0,0.0,135.0,200.0,1.0,1.000000000106614,1.0,./content/Images1/
1639,noise 3 22640.0.png,40000.0,255.0,0.0,255.0,255.0,255.0,100.0,100.0,100.0,100.0,800.0,0.0,0.0,200.0,200.0,225.67583340707242,225.67583340707242,0.0,0.7853981633974483,282.842712474619,10200000.0,255.0,,,100.0,10200000.0,1.0,0.0,0.0,135.0,200.0,1.0,1.000000000106614,1.0,./content/Images1/
1640,noise 3 22641.0.png,40000.0,0.0,0.0,0.0,0.0,0.0,100.0,100.0,100.0,100.0,800.0,0.0,0.0,200.0,200.0,225.67583340707242,225.67583340707242,0.0,0.7853981633974483,282.842712474619,0.0,0.0,,,0.0,0.0,1.0,0.0,0.0,135.0,200.0,1.0,1.000000000106614,1.0,./content/Images1/
1641,noise 3 22642.0.png,40000.0,255.0,0.0,255.0,255.0,255.0,100.0,100.0,100.0,100.0,800.0,0.0,0.0,200.0,200.0,225.67583340707242,225.67583340707242,0.0,0.7853981633974483,282.842712474619,10200000.0,255.0,,,100.0,10200000.0,1.0,0.0,0.0,135.0,200.0,1.0,1.000000000106614,1.0,./content/Images1/
1642,noise 3 22643.0.png,40000.0,146.363625,126.09841859491608,255.0,0.0,255.0,100.0,100.0,101.27446752907356,99.52587220697765,800.0,0.0,0.0,200.0,200.0,225.67583340707242,225.67583340707242,0.0,0.7853981633974483,282.842712474619,5854545.000000001,255.0,-0.2991926625239103,-1.9104837506918566,57.3975,5854545.000000001,1.0,0.0,0.0,135.0,200.0,1.0,1.000000000106614,1.0,./content/Images1/
1643,noise 3 22644.0.png,40000.0,0.0,0.0,0.0,0.0,0.0,100.0,100.0,100.0,100.0,800.0,0.0,0.0,200.0,200.0,225.67583340707242,225.67583340707242,0.0,0.7853981633974483,282.842712474619,0.0,0.0,,,0.0,0.0,1.0,0.0,0.0,135.0,200.0,1.0,1.000000000106614,1.0,./content/Images1/
1644,noise 3 22645.0.png,40000.0,66.038625,111.70971918165118,0.0,0.0,255.0,100.0,100.0,100.51940341731827,100.24910705666571,800.0,0.0,0.0,200.0,200.0,225.67583340707242,225.67583340707242,0.0,0.7853981633974483,282.842712474619,2641545.0,0.0,1.1003902566731762,-0.7891412830187416,25.8975,2641545.0,1.0,0.0,0.0,135.0,200.0,1.0,1.000000000106614,1.0,./content/Images1/
1645,noise 3 22646.0.png,40000.0,255.0,0.0,255.0,255.0,255.0,100.0,100.0,100.0,100.0,800.0,0.0,0.0,200.0,200.0,225.67583340707242,225.67583340707242,0.0,0.7853981633974483,282.842712474619,10200000.0,255.0,,,100.0,10200000.0,1.0,0.0,0.0,135.0,200.0,1.0,1.000000000106614,1.0,./content/Images1/
1646,noise 3 22647.0.png,40000.0,78.763125,117.81898848693947,0.0,0.0,255.0,100.0,100.0,101.46972885471469,100.72557668959935,800.0,0.0,0.0,200.0,200.0,225.67583340707242,225.67583340707242,0.0,0.7853981633974483,282.842712474619,3150525.0,0.0,0.827328172619019,-1.3155280947908743,30.8875,3150525.0,1.0,0.0,0.0,135.0,200.0,1.0,1.000000000106614,1.0,./content/Images1/
1647,noise 3 22648.0.png,40000.0,62.851125,109.89574554142929,0.0,0.0,255.0,100.0,100.0,100.02266964195151,99.98382188862968,800.0,0.0,0.0,200.0,200.0,225.67583340707242,225.67583340707242,0.0,0.7853981633974483,282.842712474619,2514045.0,0.0,1.176563893489722,-0.6156974045363062,24.6475,2514045.0,1.0,0.0,0.0,135.0,200.0,1.0,1.000000000106614,1.0,./content/Images1/
1648,noise 3 22649.0.png,40000.0,0.0,0.0,0.0,0.0,0.0,100.0,100.0,100.0,100.0,800.0,0.0,0.0,200.0,200.0,225.67583340707242,225.67583340707242,0.0,0.7853981633974483,282.842712474619,0.0,0.0,,,0.0,0.0,1.0,0.0,0.0,135.0,200.0,1.0,1.000000000106614,1.0,./content/Images1/
1649,noise 3 22650.0.png,40000.0,0.0,0.0,0.0,0.0,0.0,100.0,100.0,100.0,100.0,800.0,0.0,0.0,200.0,200.0,225.67583340707242,225.67583340707242,0.0,0.7853981633974483,282.842712474619,0.0,0.0,,,0.0,0.0,1.0,0.0,0.0,135.0,200.0,1.0,1.000000000106614,1.0,./content/Images1/
1650,noise 3 22651.0.png,40000.0,255.0,0.0,255.0,255.0,255.0,100.0,100.0,100.0,100.0,800.0,0.0,0.0,200.0,200.0,225.67583340707242,225.67583340707242,0.0,0.7853981633974483,282.842712474619,10200000.0,255.0,,,100.0,10200000.0,1.0,0.0,0.0,135.0,200.0,1.0,1.000000000106614,1.0,./content/Images1/
1651,noise 3 22652.0.png,40000.0,54.12375,104.27103023913774,0.0,0.0,255.0,100.0,100.0,99.5979976442874,99.6696113074205,800.0,0.0,0.0,200.0,200.0,225.67583340707242,225.67583340707242,0.0,0.7853981633974483,282.842712474619,2164950.0,0.0,1.4074315186497712,-0.019136520311199057,21.225,2164950.0,1.0,0.0,0.0,135.0,200.0,1.0,1.000000000106614,1.0,./content/Images1/
1652,noise 3 22653.0.png,40000.0,0.0,0.0,0.0,0.0,0.0,100.0,100.0,100.0,100.0,800.0,0.0,0.0,200.0,200.0,225.67583340707242,225.67583340707242,0.0,0.7853981633974483,282.842712474619,0.0,0.0,,,0.0,0.0,1.0,0.0,0.0,135.0,200.0,1.0,1.000000000106614,1.0,./content/Images1/
1653,noise 3 22654.0.png,40000.0,255.0,0.0,255.0,255.0,255.0,100.0,100.0,100.0,100.0,800.0,0.0,0.0,200.0,200.0,225.67583340707242,225.67583340707242,0.0,0.7853981633974483,282.842712474619,10200000.0,255.0,,,100.0,10200000.0,1.0,0.0,0.0,135.0,200.0,1.0,1.000000000106614,1.0,./content/Images1/
1654,noise 3 22655.0.png,40000.0,0.0,0.0,0.0,0.0,0.0,100.0,100.0,100.0,100.0,800.0,0.0,0.0,200.0,200.0,225.67583340707242,225.67583340707242,0.0,0.7853981633974483,282.842712474619,0.0,0.0,,,0.0,0.0,1.0,0.0,0.0,135.0,200.0,1.0,1.000000000106614,1.0,./content/Images1/
1655,noise 3 22656.0.png,40000.0,147.37725,125.94261181575628,255.0,0.0,255.0,100.0,100.0,100.65087810364219,99.51068431525218,800.0,0.0,0.0,200.0,200.0,225.67583340707242,225.67583340707242,0.0,0.7853981633974483,282.842712474619,5895090.0,255.0,-0.3156596196268018,-1.9003590045370615,57.795,5895090.0,1.0,0.0,0.0,135.0,200.0,1.0,1.000000000106614,1.0,./content/Images1/
1656,noise 3 22657.0.png,40000.0,0.0,0.0,0.0,0.0,0.0,100.0,100.0,100.0,100.0,800.0,0.0,0.0,200.0,200.0,225.67583340707242,225.67583340707242,0.0,0.7853981633974483,282.842712474619,0.0,0.0,,,0.0,0.0,1.0,0.0,0.0,135.0,200.0,1.0,1.000000000106614,1.0,./content/Images1/
1657,noise 3 22658.0.png,40000.0,0.0,0.0,0.0,0.0,0.0,100.0,100.0,100.0,100.0,800.0,0.0,0.0,200.0,200.0,225.67583340707242,225.67583340707242,0.0,0.7853981633974483,282.842712474619,0.0,0.0,,,0.0,0.0,1.0,0.0,0.0,135.0,200.0,1.0,1.000000000106614,1.0,./content/Images1/
1658,noise 3 22659.0.png,40000.0,100.878,124.69124994840392,0.0,0.0,255.0,100.0,100.0,99.8319009100101,100.25271739130434,800.0,0.0,0.0,200.0,200.0,225.67583340707242,225.67583340707242,0.0,0.7853981633974483,282.842712474619,4035120.0,0.0,0.42701204442582325,-1.8176607139152787,39.56,4035120.0,1.0,0.0,0.0,135.0,200.0,1.0,1.000000000106614,1.0,./content/Images1/
1659,noise 3 22660.0.png,40000.0,67.160625,112.31974544905192,0.0,0.0,255.0,100.0,100.0,100.20659705742763,99.4421926910299,800.0,0.0,0.0,200.0,200.0,225.67583340707242,225.67583340707242,0.0,0.7853981633974483,282.842712474619,2686425.0,0.0,1.0744349359961831,-0.8455895683108783,26.3375,2686425.0,1.0,0.0,0.0,135.0,200.0,1.0,1.000000000106614,1.0,./content/Images1/
1660,noise 3 22661.0.png,40000.0,0.0,0.0,0.0,0.0,0.0,100.0,100.0,100.0,100.0,800.0,0.0,0.0,200.0,200.0,225.67583340707242,225.67583340707242,0.0,0.7853981633974483,282.842712474619,0.0,0.0,,,0.0,0.0,1.0,0.0,0.0,135.0,200.0,1.0,1.000000000106614,1.0,./content/Images1/
1661,noise 3 22662.0.png,40000.0,37.912125,90.72192907282529,0.0,0.0,255.0,100.0,100.0,101.01404069278628,99.7922481923659,800.0,0.0,0.0,200.0,200.0,225.67583340707242,225.67583340707242,0.0,0.7853981633974483,282.842712474619,1516485.0000000002,0.0,1.9750240274877584,1.900719909153966,14.8675,1516485.0000000002,1.0,0.0,0.0,135.0,200.0,1.0,1.000000000106614,1.0,./content/Images1/
1662,noise 3 22663.0.png,40000.0,101.572875,124.83758969088346,0.0,0.0,255.0,100.0,100.0,100.13327684679595,99.69475302830602,800.0,0.0,0.0,200.0,200.0,225.67583340707242,225.67583340707242,0.0,0.7853981633974483,282.842712474619,4062915.0,0.0,0.41537888002066603,-1.827460386032778,39.8325,4062915.0,1.0,0.0,0.0,135.0,200.0,1.0,1.000000000106614,1.0,./content/Images1/
1663,noise 3 22664.0.png,40000.0,0.0,0.0,0.0,0.0,0.0,100.0,100.0,100.0,100.0,800.0,0.0,0.0,200.0,200.0,225.67583340707242,225.67583340707242,0.0,0.7853981633974483,282.842712474619,0.0,0.0,,,0.0,0.0,1.0,0.0,0.0,135.0,200.0,1.0,1.000000000106614,1.0,./content/Images1/
1664,noise 3 22665.0.png,40000.0,30.48525,82.73185236909912,0.0,0.0,255.0,100.0,100.0,101.40108741112505,99.21978251777499,800.0,0.0,0.0,200.0,200.0,225.67583340707242,225.67583340707242,0.0,0.7853981633974483,282.842712474619,1219410.0,0.0,2.3453110242059414,3.5004838002619216,11.955,1219410.0,1.0,0.0,0.0,135.0,200.0,1.0,1.000000000106614,1.0,./content/Images1/
1665,noise 3 22666.0.png,40000.0,255.0,0.0,255.0,255.0,255.0,100.0,100.0,100.0,100.0,800.0,0.0,0.0,200.0,200.0,225.67583340707242,225.67583340707242,0.0,0.7853981633974483,282.842712474619,10200000.0,255.0,,,100.0,10200000.0,1.0,0.0,0.0,135.0,200.0,1.0,1.000000000106614,1.0,./content/Images1/
1666,noise 3 22667.0.png,40000.0,255.0,0.0,255.0,255.0,255.0,100.0,100.0,100.0,100.0,800.0,0.0,0.0,200.0,200.0,225.67583340707242,225.67583340707242,0.0,0.7853981633974483,282.842712474619,10200000.0,255.0,,,100.0,10200000.0,1.0,0.0,0.0,135.0,200.0,1.0,1.000000000106614,1.0,./content/Images1/
1667,noise 3 22668.0.png,40000.0,33.895875,86.57196515392926,0.0,0.0,255.0,100.0,100.0,100.71835621591123,100.5063945834117,800.0,0.0,0.0,200.0,200.0,225.67583340707242,225.67583340707242,0.0,0.7853981633974483,282.842712474619,1355834.9999999998,0.0,2.162485162652056,2.67634207869029,13.2925,1355834.9999999998,1.0,0.0,0.0,135.0,200.0,1.0,1.000000000106614,1.0,./content/Images1/
1668,noise 3 22669.0.png,40000.0,30.415125,82.64954821370698,0.0,0.0,255.0,100.0,100.0,100.44152169356529,100.8066443093691,800.0,0.0,0.0,200.0,200.0,225.67583340707242,225.67583340707242,0.0,0.7853981633974483,282.842712474619,1216605.0,0.0,2.3493434793534917,3.5194147839807703,11.9275,1216605.0,1.0,0.0,0.0,135.0,200.0,1.0,1.000000000106614,1.0,./content/Images1/
1669,noise 3 22670.0.png,40000.0,0.0,0.0,0.0,0.0,0.0,100.0,100.0,100.0,100.0,800.0,0.0,0.0,200.0,200.0,225.67583340707242,225.67583340707242,0.0,0.7853981633974483,282.842712474619,0.0,0.0,,,0.0,0.0,1.0,0.0,0.0,135.0,200.0,1.0,1.000000000106614,1.0,./content/Images1/
1670,noise 3 22671.0.png,40000.0,0.0,0.0,0.0,0.0,0.0,100.0,100.0,100.0,100.0,800.0,0.0,0.0,200.0,200.0,225.67583340707242,225.67583340707242,0.0,0.7853981633974483,282.842712474619,0.0,0.0,,,0.0,0.0,1.0,0.0,0.0,135.0,200.0,1.0,1.000000000106614,1.0,./content/Images1/
1671,noise 3 22672.0.png,40000.0,59.68275,107.96926431391674,0.0,0.0,255.0,100.0,100.0,100.16908780175176,100.4328135013886,800.0,0.0,0.0,200.0,200.0,225.67583340707242,225.67583340707242,0.0,0.7853981633974483,282.842712474619,2387310.0,0.0,1.2562482140165618,-0.42184042478019856,23.405,2387310.0,1.0,0.0,0.0,135.0,200.0,1.0,1.000000000106614,1.0,./content/Images1/
1672,noise 3 22673.0.png,40000.0,0.0,0.0,0.0,0.0,0.0,100.0,100.0,100.0,100.0,800.0,0.0,0.0,200.0,200.0,225.67583340707242,225.67583340707242,0.0,0.7853981633974483,282.842712474619,0.0,0.0,,,0.0,0.0,1.0,0.0,0.0,135.0,200.0,1.0,1.000000000106614,1.0,./content/Images1/
1673,noise 3 22674.0.png,40000.0,255.0,0.0,255.0,255.0,255.0,100.0,100.0,100.0,100.0,800.0,0.0,0.0,200.0,200.0,225.67583340707242,225.67583340707242,0.0,0.7853981633974483,282.842712474619,10200000.0,255.0,,,100.0,10200000.0,1.0,0.0,0.0,135.0,200.0,1.0,1.000000000106614,1.0,./content/Images1/
1674,noise 3 22675.0.png,40000.0,247.101375,44.179292585516905,255.0,0.0,255.0,100.0,100.0,99.69787931167926,100.57097340109904,800.0,0.0,0.0,200.0,200.0,225.67583340707242,225.67583340707242,0.0,0.7853981633974483,282.842712474619,9884055.0,255.0,-5.414431198222891,27.316065200289575,96.9025,9884055.0,1.0,0.0,0.0,135.0,200.0,1.0,1.000000000106614,1.0,./content/Images1/
1675,noise 3 22676.0.png,40000.0,0.0,0.0,0.0,0.0,0.0,100.0,100.0,100.0,100.0,800.0,0.0,0.0,200.0,200.0,225.67583340707242,225.67583340707242,0.0,0.7853981633974483,282.842712474619,0.0,0.0,,,0.0,0.0,1.0,0.0,0.0,135.0,200.0,1.0,1.000000000106614,1.0,./content/Images1/
1676,noise 3 22677.0.png,40000.0,134.2065,127.32508845354768,255.0,0.0,255.0,100.0,100.0,100.26282538476154,99.19817594527836,800.0,0.0,0.0,200.0,200.0,225.67583340707242,225.67583340707242,0.0,0.7853981633974483,282.842712474619,5368260.0,255.0,-0.10534583426217063,-1.9889022552036075,52.63,5368260.0,1.0,0.0,0.0,135.0,200.0,1.0,1.000000000106614,1.0,./content/Images1/
1677,noise 3 22678.0.png,40000.0,255.0,0.0,255.0,255.0,255.0,100.0,100.0,100.0,100.0,800.0,0.0,0.0,200.0,200.0,225.67583340707242,225.67583340707242,0.0,0.7853981633974483,282.842712474619,10200000.0,255.0,,,100.0,10200000.0,1.0,0.0,0.0,135.0,200.0,1.0,1.000000000106614,1.0,./content/Images1/
1678,noise 3 22679.0.png,40000.0,255.0,0.0,255.0,255.0,255.0,100.0,100.0,100.0,100.0,800.0,0.0,0.0,200.0,200.0,225.67583340707242,225.67583340707242,0.0,0.7853981633974483,282.842712474619,10200000.0,255.0,,,100.0,10200000.0,1.0,0.0,0.0,135.0,200.0,1.0,1.000000000106614,1.0,./content/Images1/
1679,noise 3 22680.0.png,40000.0,255.0,0.0,255.0,255.0,255.0,100.0,100.0,100.0,100.0,800.0,0.0,0.0,200.0,200.0,225.67583340707242,225.67583340707242,0.0,0.7853981633974483,282.842712474619,10200000.0,255.0,,,100.0,10200000.0,1.0,0.0,0.0,135.0,200.0,1.0,1.000000000106614,1.0,./content/Images1/
1680,noise 3 22681.0.png,40000.0,255.0,0.0,255.0,255.0,255.0,100.0,100.0,100.0,100.0,800.0,0.0,0.0,200.0,200.0,225.67583340707242,225.67583340707242,0.0,0.7853981633974483,282.842712474619,10200000.0,255.0,,,100.0,10200000.0,1.0,0.0,0.0,135.0,200.0,1.0,1.000000000106614,1.0,./content/Images1/
1681,noise 3 22682.0.png,40000.0,149.245125,125.63357088608011,255.0,0.0,255.0,100.0,100.0,100.33435137328607,99.47445645209517,800.0,0.0,0.0,200.0,200.0,225.67583340707242,225.67583340707242,0.0,0.7853981633974483,282.842712474619,5969805.0,255.0,-0.3461717543454539,-1.8801651164933895,58.5275,5969805.0,1.0,0.0,0.0,135.0,200.0,1.0,1.000000000106614,1.0,./content/Images1/
1682,noise 3 22683.0.png,40000.0,177.74775,117.18257939583147,255.0,0.0,255.0,100.0,100.0,99.63011979054588,100.54318198120652,800.0,0.0,0.0,200.0,200.0,225.67583340707242,225.67583340707242,0.0,0.7853981633974483,282.842712474619,7109910.0,255.0,-0.857608329970582,-1.2645079523650729,69.705,7109910.0,1.0,0.0,0.0,135.0,200.0,1.0,1.000000000106614,1.0,./content/Images1/
1683,noise 3 22684.0.png,40000.0,0.0,0.0,0.0,0.0,0.0,100.0,100.0,100.0,100.0,800.0,0.0,0.0,200.0,200.0,225.67583340707242,225.67583340707242,0.0,0.7853981633974483,282.842712474619,0.0,0.0,,,0.0,0.0,1.0,0.0,0.0,135.0,200.0,1.0,1.000000000106614,1.0,./content/Images1/
1684,noise 3 22685.0.png,40000.0,0.0,0.0,0.0,0.0,0.0,100.0,100.0,100.0,100.0,800.0,0.0,0.0,200.0,200.0,225.67583340707242,225.67583340707242,0.0,0.7853981633974483,282.842712474619,0.0,0.0,,,0.0,0.0,1.0,0.0,0.0,135.0,200.0,1.0,1.000000000106614,1.0,./content/Images1/
1685,noise 3 22686.0.png,40000.0,255.0,0.0,255.0,255.0,255.0,100.0,100.0,100.0,100.0,800.0,0.0,0.0,200.0,200.0,225.67583340707242,225.67583340707242,0.0,0.7853981633974483,282.842712474619,10200000.0,255.0,,,100.0,10200000.0,1.0,0.0,0.0,135.0,200.0,1.0,1.000000000106614,1.0,./content/Images1/
1686,noise 3 22687.0.png,40000.0,0.0,0.0,0.0,0.0,0.0,100.0,100.0,100.0,100.0,800.0,0.0,0.0,200.0,200.0,225.67583340707242,225.67583340707242,0.0,0.7853981633974483,282.842712474619,0.0,0.0,,,0.0,0.0,1.0,0.0,0.0,135.0,200.0,1.0,1.000000000106614,1.0,./content/Images1/
1687,noise 3 22688.0.png,40000.0,255.0,0.0,255.0,255.0,255.0,100.0,100.0,100.0,100.0,800.0,0.0,0.0,200.0,200.0,225.67583340707242,225.67583340707242,0.0,0.7853981633974483,282.842712474619,10200000.0,255.0,,,100.0,10200000.0,1.0,0.0,0.0,135.0,200.0,1.0,1.000000000106614,1.0,./content/Images1/
1688,noise 3 22689.0.png,40000.0,73.27425,115.39562790986069,0.0,0.0,255.0,100.0,100.0,100.90473290412389,99.71967983295633,800.0,0.0,0.0,200.0,200.0,225.67583340707242,225.67583340707242,0.0,0.7853981633974483,282.842712474619,2930970.0,0.0,0.9398350495036514,-1.1167100797244693,28.735,2930970.0,1.0,0.0,0.0,135.0,200.0,1.0,1.000000000106614,1.0,./content/Images1/
1689,noise 3 22690.0.png,40000.0,0.0,0.0,0.0,0.0,0.0,100.0,100.0,100.0,100.0,800.0,0.0,0.0,200.0,200.0,225.67583340707242,225.67583340707242,0.0,0.7853981633974483,282.842712474619,0.0,0.0,,,0.0,0.0,1.0,0.0,0.0,135.0,200.0,1.0,1.000000000106614,1.0,./content/Images1/
1690,noise 3 22691.0.png,40000.0,0.0,0.0,0.0,0.0,0.0,100.0,100.0,100.0,100.0,800.0,0.0,0.0,200.0,200.0,225.67583340707242,225.67583340707242,0.0,0.7853981633974483,282.842712474619,0.0,0.0,,,0.0,0.0,1.0,0.0,0.0,135.0,200.0,1.0,1.000000000106614,1.0,./content/Images1/
1691,noise 3 22692.0.png,40000.0,0.0,0.0,0.0,0.0,0.0,100.0,100.0,100.0,100.0,800.0,0.0,0.0,200.0,200.0,225.67583340707242,225.67583340707242,0.0,0.7853981633974483,282.842712474619,0.0,0.0,,,0.0,0.0,1.0,0.0,0.0,135.0,200.0,1.0,1.000000000106614,1.0,./content/Images1/
1692,noise 3 22693.0.png,40000.0,0.0,0.0,0.0,0.0,0.0,100.0,100.0,100.0,100.0,800.0,0.0,0.0,200.0,200.0,225.67583340707242,225.67583340707242,0.0,0.7853981633974483,282.842712474619,0.0,0.0,,,0.0,0.0,1.0,0.0,0.0,135.0,200.0,1.0,1.000000000106614,1.0,./content/Images1/
1693,noise 3 22694.0.png,40000.0,255.0,0.0,255.0,255.0,255.0,100.0,100.0,100.0,100.0,800.0,0.0,0.0,200.0,200.0,225.67583340707242,225.67583340707242,0.0,0.7853981633974483,282.842712474619,10200000.0,255.0,,,100.0,10200000.0,1.0,0.0,0.0,135.0,200.0,1.0,1.000000000106614,1.0,./content/Images1/
1694,noise 3 22695.0.png,40000.0,94.74525,123.2223841123688,0.0,0.0,255.0,100.0,100.0,101.06620912394025,99.95646615529539,800.0,0.0,0.0,200.0,200.0,225.67583340707242,225.67583340707242,0.0,0.7853981633974483,282.842712474619,3789810.0,0.0,0.5316430075266518,-1.7173557125480161,37.155,3789810.0,1.0,0.0,0.0,135.0,200.0,1.0,1.000000000106614,1.0,./content/Images1/
1695,noise 3 22696.0.png,40000.0,0.0,0.0,0.0,0.0,0.0,100.0,100.0,100.0,100.0,800.0,0.0,0.0,200.0,200.0,225.67583340707242,225.67583340707242,0.0,0.7853981633974483,282.842712474619,0.0,0.0,,,0.0,0.0,1.0,0.0,0.0,135.0,200.0,1.0,1.000000000106614,1.0,./content/Images1/
1696,noise 3 22697.0.png,40000.0,28.101,79.85141329497638,0.0,0.0,255.0,100.0,100.0,100.56760435571688,100.04605263157895,800.0,0.0,0.0,200.0,200.0,225.67583340707242,225.67583340707242,0.0,0.7853981633974483,282.842712474619,1124040.0,0.0,2.489630137004741,4.198258219082245,11.02,1124040.0,1.0,0.0,0.0,135.0,200.0,1.0,1.000000000106614,1.0,./content/Images1/
1697,noise 3 22698.0.png,40000.0,62.608875,109.75287257543803,0.0,0.0,255.0,100.0,100.0,100.69356481010081,99.7288972609714,800.0,0.0,0.0,200.0,200.0,225.67583340707242,225.67583340707242,0.0,0.7853981633974483,282.842712474619,2504355.0,0.0,1.1825100269638695,-0.6016700361299088,24.5525,2504355.0,1.0,0.0,0.0,135.0,200.0,1.0,1.000000000106614,1.0,./content/Images1/
1698,noise 3 22699.0.png,40000.0,140.54325,126.83266847536684,255.0,0.0,255.0,100.0,100.0,100.73029120928966,99.43917263902749,800.0,0.0,0.0,200.0,200.0,225.67583340707242,225.67583340707242,0.0,0.7853981633974483,282.842712474619,5621730.0,255.0,-0.20567907622656922,-1.9576961176025838,55.115,5621730.0,1.0,0.0,0.0,135.0,200.0,1.0,1.000000000106614,1.0,./content/Images1/
1699,noise 3 22700.0.png,40000.0,255.0,0.0,255.0,255.0,255.0,100.0,100.0,100.0,100.0,800.0,0.0,0.0,200.0,200.0,225.67583340707242,225.67583340707242,0.0,0.7853981633974483,282.842712474619,10200000.0,255.0,,,100.0,10200000.0,1.0,0.0,0.0,135.0,200.0,1.0,1.000000000106614,1.0,./content/Images1/
1700,noise 3 22701.0.png,40000.0,255.0,0.0,255.0,255.0,255.0,100.0,100.0,100.0,100.0,800.0,0.0,0.0,200.0,200.0,225.67583340707242,225.67583340707242,0.0,0.7853981633974483,282.842712474619,10200000.0,255.0,,,100.0,10200000.0,1.0,0.0,0.0,135.0,200.0,1.0,1.000000000106614,1.0,./content/Images1/
1701,noise 3 22702.0.png,40000.0,2.416125,24.704037569214886,0.0,0.0,255.0,100.0,100.0,103.34696569920844,104.1754617414248,800.0,0.0,0.0,200.0,200.0,225.67583340707242,225.67583340707242,0.0,0.7853981633974483,282.842712474619,96645.0,0.0,10.126720235693838,100.55046273201111,0.9475,96645.0,1.0,0.0,0.0,135.0,200.0,1.0,1.000000000106614,1.0,./content/Images1/
1702,noise 3 22703.0.png,40000.0,0.0,0.0,0.0,0.0,0.0,100.0,100.0,100.0,100.0,800.0,0.0,0.0,200.0,200.0,225.67583340707242,225.67583340707242,0.0,0.7853981633974483,282.842712474619,0.0,0.0,,,0.0,0.0,1.0,0.0,0.0,135.0,200.0,1.0,1.000000000106614,1.0,./content/Images1/
1703,noise 3 22704.0.png,40000.0,0.0,0.0,0.0,0.0,0.0,100.0,100.0,100.0,100.0,800.0,0.0,0.0,200.0,200.0,225.67583340707242,225.67583340707242,0.0,0.7853981633974483,282.842712474619,0.0,0.0,,,0.0,0.0,1.0,0.0,0.0,135.0,200.0,1.0,1.000000000106614,1.0,./content/Images1/
1704,noise 3 22705.0.png,40000.0,30.198375,82.3942564302676,0.0,0.0,255.0,100.0,100.0,100.83649989444797,101.30536204348743,800.0,0.0,0.0,200.0,200.0,225.67583340707242,225.67583340707242,0.0,0.7853981633974483,282.842712474619,1207935.0,0.0,2.3618840804872847,3.578496409659266,11.8425,1207935.0,1.0,0.0,0.0,135.0,200.0,1.0,1.000000000106614,1.0,./content/Images1/
1705,noise 3 22706.0.png,40000.0,255.0,0.0,255.0,255.0,255.0,100.0,100.0,100.0,100.0,800.0,0.0,0.0,200.0,200.0,225.67583340707242,225.67583340707242,0.0,0.7853981633974483,282.842712474619,10200000.0,255.0,,,100.0,10200000.0,1.0,0.0,0.0,135.0,200.0,1.0,1.000000000106614,1.0,./content/Images1/
1706,noise 3 22707.0.png,40000.0,0.0,0.0,0.0,0.0,0.0,100.0,100.0,100.0,100.0,800.0,0.0,0.0,200.0,200.0,225.67583340707242,225.67583340707242,0.0,0.7853981633974483,282.842712474619,0.0,0.0,,,0.0,0.0,1.0,0.0,0.0,135.0,200.0,1.0,1.000000000106614,1.0,./content/Images1/
1707,noise 3 22708.0.png,40000.0,13.534125,57.16739488782335,0.0,0.0,255.0,100.0,100.0,101.06146961846444,100.30357983984926,800.0,0.0,0.0,200.0,200.0,225.67583340707242,225.67583340707242,0.0,0.7853981633974483,282.842712474619,541365.0,0.0,3.987143364632269,13.897312210131133,5.3075,541365.0,1.0,0.0,0.0,135.0,200.0,1.0,1.000000000106614,1.0,./content/Images1/
1708,noise 3 22709.0.png,40000.0,51.98175,102.73026698413358,0.0,0.0,255.0,100.0,100.0,100.29973019376993,100.36497424576895,800.0,0.0,0.0,200.0,200.0,225.67583340707242,225.67583340707242,0.0,0.7853981633974483,282.842712474619,2079270.0,0.0,1.4702423387547252,0.16161253466696435,20.385,2079270.0,1.0,0.0,0.0,135.0,200.0,1.0,1.000000000106614,1.0,./content/Images1/
1709,noise 3 22710.0.png,40000.0,0.0,0.0,0.0,0.0,0.0,100.0,100.0,100.0,100.0,800.0,0.0,0.0,200.0,200.0,225.67583340707242,225.67583340707242,0.0,0.7853981633974483,282.842712474619,0.0,0.0,,,0.0,0.0,1.0,0.0,0.0,135.0,200.0,1.0,1.000000000106614,1.0,./content/Images1/
1710,noise 3 22711.0.png,40000.0,255.0,0.0,255.0,255.0,255.0,100.0,100.0,100.0,100.0,800.0,0.0,0.0,200.0,200.0,225.67583340707242,225.67583340707242,0.0,0.7853981633974483,282.842712474619,10200000.0,255.0,,,100.0,10200000.0,1.0,0.0,0.0,135.0,200.0,1.0,1.000000000106614,1.0,./content/Images1/
1711,noise 3 22712.0.png,40000.0,255.0,0.0,255.0,255.0,255.0,100.0,100.0,100.0,100.0,800.0,0.0,0.0,200.0,200.0,225.67583340707242,225.67583340707242,0.0,0.7853981633974483,282.842712474619,10200000.0,255.0,,,100.0,10200000.0,1.0,0.0,0.0,135.0,200.0,1.0,1.000000000106614,1.0,./content/Images1/
1712,noise 3 22713.0.png,40000.0,16.61325,62.93232624319285,0.0,0.0,255.0,100.0,100.0,100.45855717574827,101.23100537221796,800.0,0.0,0.0,200.0,200.0,225.67583340707242,225.67583340707242,0.0,0.7853981633974483,282.842712474619,664530.0,0.0,3.5240437698696696,10.41888449195723,6.515,664530.0,1.0,0.0,0.0,135.0,200.0,1.0,1.000000000106614,1.0,./content/Images1/
1713,noise 3 22714.0.png,40000.0,255.0,0.0,255.0,255.0,255.0,100.0,100.0,100.0,100.0,800.0,0.0,0.0,200.0,200.0,225.67583340707242,225.67583340707242,0.0,0.7853981633974483,282.842712474619,10200000.0,255.0,,,100.0,10200000.0,1.0,0.0,0.0,135.0,200.0,1.0,1.000000000106614,1.0,./content/Images1/
1714,noise 3 22715.0.png,40000.0,255.0,0.0,255.0,255.0,255.0,100.0,100.0,100.0,100.0,800.0,0.0,0.0,200.0,200.0,225.67583340707242,225.67583340707242,0.0,0.7853981633974483,282.842712474619,10200000.0,255.0,,,100.0,10200000.0,1.0,0.0,0.0,135.0,200.0,1.0,1.000000000106614,1.0,./content/Images1/
1715,noise 3 22716.0.png,40000.0,255.0,0.0,255.0,255.0,255.0,100.0,100.0,100.0,100.0,800.0,0.0,0.0,200.0,200.0,225.67583340707242,225.67583340707242,0.0,0.7853981633974483,282.842712474619,10200000.0,255.0,,,100.0,10200000.0,1.0,0.0,0.0,135.0,200.0,1.0,1.000000000106614,1.0,./content/Images1/
1716,noise 3 22717.0.png,40000.0,255.0,0.0,255.0,255.0,255.0,100.0,100.0,100.0,100.0,800.0,0.0,0.0,200.0,200.0,225.67583340707242,225.67583340707242,0.0,0.7853981633974483,282.842712474619,10200000.0,255.0,,,100.0,10200000.0,1.0,0.0,0.0,135.0,200.0,1.0,1.000000000106614,1.0,./content/Images1/
1717,noise 3 22718.0.png,40000.0,76.84425,117.00678295132687,0.0,0.0,255.0,100.0,100.0,100.25510204081633,100.27210884353741,800.0,0.0,0.0,200.0,200.0,225.67583340707242,225.67583340707242,0.0,0.7853981633974483,282.842712474619,3073770.0,0.0,0.865870882542254,-1.2502676147654976,30.135,3073770.0,1.0,0.0,0.0,135.0,200.0,1.0,1.000000000106614,1.0,./content/Images1/
1718,noise 3 22719.0.png,40000.0,255.0,0.0,255.0,255.0,255.0,100.0,100.0,100.0,100.0,800.0,0.0,0.0,200.0,200.0,225.67583340707242,225.67583340707242,0.0,0.7853981633974483,282.842712474619,10200000.0,255.0,,,100.0,10200000.0,1.0,0.0,0.0,135.0,200.0,1.0,1.000000000106614,1.0,./content/Images1/
1719,noise 3 22720.0.png,40000.0,255.0,0.0,255.0,255.0,255.0,100.0,100.0,100.0,100.0,800.0,0.0,0.0,200.0,200.0,225.67583340707242,225.67583340707242,0.0,0.7853981633974483,282.842712474619,10200000.0,255.0,,,100.0,10200000.0,1.0,0.0,0.0,135.0,200.0,1.0,1.000000000106614,1.0,./content/Images1/
1720,noise 3 22721.0.png,40000.0,27.438,79.01899933595972,0.0,0.0,255.0,100.0,100.0,100.0246282527881,100.30831784386618,800.0,0.0,0.0,200.0,200.0,225.67583340707242,225.67583340707242,0.0,0.7853981633974483,282.842712474619,1097520.0,0.0,2.5326377615342968,4.414254031149452,10.76,1097520.0,1.0,0.0,0.0,135.0,200.0,1.0,1.000000000106614,1.0,./content/Images1/
1721,noise 3 22722.0.png,40000.0,0.0,0.0,0.0,0.0,0.0,100.0,100.0,100.0,100.0,800.0,0.0,0.0,200.0,200.0,225.67583340707242,225.67583340707242,0.0,0.7853981633974483,282.842712474619,0.0,0.0,,,0.0,0.0,1.0,0.0,0.0,135.0,200.0,1.0,1.000000000106614,1.0,./content/Images1/
1722,noise 3 22723.0.png,40000.0,81.338625,118.85171686338575,0.0,0.0,255.0,100.0,100.0,98.92479818167568,97.5015675209656,800.0,0.0,0.0,200.0,200.0,225.67583340707242,225.67583340707242,0.0,0.7853981633974483,282.842712474619,3253544.9999999995,0.0,0.776799077813368,-1.396583192708301,31.8975,3253544.9999999995,1.0,0.0,0.0,135.0,200.0,1.0,1.000000000106614,1.0,./content/Images1/
1723,noise 3 22724.0.png,40000.0,0.0,0.0,0.0,0.0,0.0,100.0,100.0,100.0,100.0,800.0,0.0,0.0,200.0,200.0,225.67583340707242,225.67583340707242,0.0,0.7853981633974483,282.842712474619,0.0,0.0,,,0.0,0.0,1.0,0.0,0.0,135.0,200.0,1.0,1.000000000106614,1.0,./content/Images1/
1724,noise 3 22725.0.png,40000.0,0.0,0.0,0.0,0.0,0.0,100.0,100.0,100.0,100.0,800.0,0.0,0.0,200.0,200.0,225.67583340707242,225.67583340707242,0.0,0.7853981633974483,282.842712474619,0.0,0.0,,,0.0,0.0,1.0,0.0,0.0,135.0,200.0,1.0,1.000000000106614,1.0,./content/Images1/
1725,noise 3 22726.0.png,40000.0,255.0,0.0,255.0,255.0,255.0,100.0,100.0,100.0,100.0,800.0,0.0,0.0,200.0,200.0,225.67583340707242,225.67583340707242,0.0,0.7853981633974483,282.842712474619,10200000.0,255.0,,,100.0,10200000.0,1.0,0.0,0.0,135.0,200.0,1.0,1.000000000106614,1.0,./content/Images1/
1726,noise 3 22727.0.png,40000.0,0.0,0.0,0.0,0.0,0.0,100.0,100.0,100.0,100.0,800.0,0.0,0.0,200.0,200.0,225.67583340707242,225.67583340707242,0.0,0.7853981633974483,282.842712474619,0.0,0.0,,,0.0,0.0,1.0,0.0,0.0,135.0,200.0,1.0,1.000000000106614,1.0,./content/Images1/
1727,noise 3 22728.0.png,40000.0,22.153125,71.82210584566967,0.0,0.0,255.0,100.0,100.0,99.90920863309353,99.49913669064748,800.0,0.0,0.0,200.0,200.0,225.67583340707242,225.67583340707242,0.0,0.7853981633974483,282.842712474619,886125.0,0.0,2.9335868287404274,6.605931681759314,8.6875,886125.0,1.0,0.0,0.0,135.0,200.0,1.0,1.000000000106614,1.0,./content/Images1/
1728,noise 3 22729.0.png,40000.0,0.0,0.0,0.0,0.0,0.0,100.0,100.0,100.0,100.0,800.0,0.0,0.0,200.0,200.0,225.67583340707242,225.67583340707242,0.0,0.7853981633974483,282.842712474619,0.0,0.0,,,0.0,0.0,1.0,0.0,0.0,135.0,200.0,1.0,1.000000000106614,1.0,./content/Images1/
1729,noise 3 22730.0.png,40000.0,102.248625,124.97603184540135,0.0,0.0,255.0,100.0,100.0,100.76516615749111,99.84260240663383,800.0,0.0,0.0,200.0,200.0,225.67583340707242,225.67583340707242,0.0,0.7853981633974483,282.842712474619,4089945.0,0.0,0.40410453548953945,-1.8366995243967827,40.0975,4089945.0,1.0,0.0,0.0,135.0,200.0,1.0,1.000000000106614,1.0,./content/Images1/
1730,noise 3 22731.0.png,40000.0,29.886,82.02393066739764,0.0,0.0,255.0,100.0,100.0,100.54735494880546,100.54287542662117,800.0,0.0,0.0,200.0,200.0,225.67583340707242,225.67583340707242,0.0,0.7853981633974483,282.842712474619,1195440.0,0.0,2.3801644082067446,3.6651826100941616,11.72,1195440.0,1.0,0.0,0.0,135.0,200.0,1.0,1.000000000106614,1.0,./content/Images1/
1731,noise 3 22732.0.png,40000.0,255.0,0.0,255.0,255.0,255.0,100.0,100.0,100.0,100.0,800.0,0.0,0.0,200.0,200.0,225.67583340707242,225.67583340707242,0.0,0.7853981633974483,282.842712474619,10200000.0,255.0,,,100.0,10200000.0,1.0,0.0,0.0,135.0,200.0,1.0,1.000000000106614,1.0,./content/Images1/
1732,noise 3 22733.0.png,40000.0,103.8105,125.28148297334049,0.0,0.0,255.0,100.0,100.0,100.16341193809875,99.40677966101696,800.0,0.0,0.0,200.0,200.0,225.67583340707242,225.67583340707242,0.0,0.7853981633974483,282.842712474619,4152420.0,0.0,0.3781851166200427,-1.8569760175670846,40.71,4152420.0,1.0,0.0,0.0,135.0,200.0,1.0,1.000000000106614,1.0,./content/Images1/
1733,noise 3 22734.0.png,40000.0,255.0,0.0,255.0,255.0,255.0,100.0,100.0,100.0,100.0,800.0,0.0,0.0,200.0,200.0,225.67583340707242,225.67583340707242,0.0,0.7853981633974483,282.842712474619,10200000.0,255.0,,,100.0,10200000.0,1.0,0.0,0.0,135.0,200.0,1.0,1.000000000106614,1.0,./content/Images1/
1734,noise 3 22735.0.png,40000.0,48.348,99.95729429369857,0.0,0.0,255.0,100.0,100.0,100.0270305907173,100.10126582278481,800.0,0.0,0.0,200.0,200.0,225.67583340707242,225.67583340707242,0.0,0.7853981633974483,282.842712474619,1933920.0,0.0,1.58373613407304,0.5082201423686166,18.96,1933920.0,1.0,0.0,0.0,135.0,200.0,1.0,1.000000000106614,1.0,./content/Images1/
1735,noise 3 22736.0.png,40000.0,119.1105,127.22527636646605,0.0,0.0,255.0,100.0,100.0,99.45065296510383,99.81609933633055,800.0,0.0,0.0,200.0,200.0,225.67583340707242,225.67583340707242,0.0,0.7853981633974483,282.842712474619,4764420.0,0.0,0.13188581876686956,-1.9826061308081937,46.71,4764420.0,1.0,0.0,0.0,135.0,200.0,1.0,1.000000000106614,1.0,./content/Images1/
1736,noise 3 22737.0.png,40000.0,255.0,0.0,255.0,255.0,255.0,100.0,100.0,100.0,100.0,800.0,0.0,0.0,200.0,200.0,225.67583340707242,225.67583340707242,0.0,0.7853981633974483,282.842712474619,10200000.0,255.0,,,100.0,10200000.0,1.0,0.0,0.0,135.0,200.0,1.0,1.000000000106614,1.0,./content/Images1/
1737,noise 3 22738.0.png,40000.0,255.0,0.0,255.0,255.0,255.0,100.0,100.0,100.0,100.0,800.0,0.0,0.0,200.0,200.0,225.67583340707242,225.67583340707242,0.0,0.7853981633974483,282.842712474619,10200000.0,255.0,,,100.0,10200000.0,1.0,0.0,0.0,135.0,200.0,1.0,1.000000000106614,1.0,./content/Images1/
1738,noise 3 22739.0.png,40000.0,42.208875,94.77287873488896,0.0,0.0,255.0,100.0,100.0,95.17195287720888,100.72262498112067,800.0,0.0,0.0,200.0,200.0,225.67583340707242,225.67583340707242,0.0,0.7853981633974483,282.842712474619,1688355.0,0.0,1.7999282557965441,1.23974172601479,16.5525,1688355.0,1.0,0.0,0.0,135.0,200.0,1.0,1.000000000106614,1.0,./content/Images1/
1739,noise 3 22740.0.png,40000.0,15.402,60.748503319146785,0.0,0.0,255.0,100.0,100.0,102.96150662251655,97.60720198675497,800.0,0.0,0.0,200.0,200.0,225.67583340707242,225.67583340707242,0.0,0.7853981633974483,282.842712474619,616080.0,0.0,3.690606191969897,11.620574064206549,6.04,616080.0,1.0,0.0,0.0,135.0,200.0,1.0,1.000000000106614,1.0,./content/Images1/
1740,noise 3 22741.0.png,40000.0,255.0,0.0,255.0,255.0,255.0,100.0,100.0,100.0,100.0,800.0,0.0,0.0,200.0,200.0,225.67583340707242,225.67583340707242,0.0,0.7853981633974483,282.842712474619,10200000.0,255.0,,,100.0,10200000.0,1.0,0.0,0.0,135.0,200.0,1.0,1.000000000106614,1.0,./content/Images1/
1741,noise 3 22742.0.png,40000.0,0.0,0.0,0.0,0.0,0.0,100.0,100.0,100.0,100.0,800.0,0.0,0.0,200.0,200.0,225.67583340707242,225.67583340707242,0.0,0.7853981633974483,282.842712474619,0.0,0.0,,,0.0,0.0,1.0,0.0,0.0,135.0,200.0,1.0,1.000000000106614,1.0,./content/Images1/
1742,noise 3 22743.0.png,40000.0,131.892375,127.42591171317463,255.0,0.0,255.0,100.0,100.0,99.70300642853691,99.95357436318817,800.0,0.0,0.0,200.0,200.0,225.67583340707242,225.67583340707242,0.0,0.7853981633974483,282.842712474619,5275694.999999999,255.0,-0.06894092177427716,-1.9952471493049122,51.7225,5275694.999999999,1.0,0.0,0.0,135.0,200.0,1.0,1.000000000106614,1.0,./content/Images1/
1743,noise 3 22744.0.png,40000.0,0.0,0.0,0.0,0.0,0.0,100.0,100.0,100.0,100.0,800.0,0.0,0.0,200.0,200.0,225.67583340707242,225.67583340707242,0.0,0.7853981633974483,282.842712474619,0.0,0.0,,,0.0,0.0,1.0,0.0,0.0,135.0,200.0,1.0,1.000000000106614,1.0,./content/Images1/
1744,noise 3 22745.0.png,40000.0,11.4495,52.80720750786884,0.0,0.0,255.0,100.0,100.0,101.99554565701558,100.74610244988864,800.0,0.0,0.0,200.0,200.0,225.67583340707242,225.67583340707242,0.0,0.7853981633974483,282.842712474619,457980.0,0.0,4.395307236844778,17.31872570626008,4.49,457980.0,1.0,0.0,0.0,135.0,200.0,1.0,1.000000000106614,1.0,./content/Images1/
1745,noise 3 22746.0.png,40000.0,13.266375,56.630460836785886,0.0,0.0,255.0,100.0,100.0,100.51249399327247,99.32748678519943,800.0,0.0,0.0,200.0,200.0,225.67583340707242,225.67583340707242,0.0,0.7853981633974483,282.842712474619,530655.0,0.0,4.034403084810569,14.276408250729045,5.2025,530655.0,1.0,0.0,0.0,135.0,200.0,1.0,1.000000000106614,1.0,./content/Images1/
1746,noise 3 22747.0.png,40000.0,27.877875,79.57286287734681,0.0,0.0,255.0,100.0,100.0,101.15584267093529,100.10553395838097,800.0,0.0,0.0,200.0,200.0,225.67583340707242,225.67583340707242,0.0,0.7853981633974483,282.842712474619,1115115.0,0.0,2.503953400632848,4.269782632540804,10.9325,1115115.0,1.0,0.0,0.0,135.0,200.0,1.0,1.000000000106614,1.0,./content/Images1/
1747,noise 3 22748.0.png,40000.0,255.0,0.0,255.0,255.0,255.0,100.0,100.0,100.0,100.0,800.0,0.0,0.0,200.0,200.0,225.67583340707242,225.67583340707242,0.0,0.7853981633974483,282.842712474619,10200000.0,255.0,,,100.0,10200000.0,1.0,0.0,0.0,135.0,200.0,1.0,1.000000000106614,1.0,./content/Images1/
1748,noise 3 22749.0.png,40000.0,28.1775,79.94654951915999,0.0,0.0,255.0,100.0,100.0,100.44841628959276,100.25316742081448,800.0,0.0,0.0,200.0,200.0,225.67583340707242,225.67583340707242,0.0,0.7853981633974483,282.842712474619,1127100.0,0.0,2.484753679850192,4.174000849529073,11.05,1127100.0,1.0,0.0,0.0,135.0,200.0,1.0,1.000000000106614,1.0,./content/Images1/
1749,noise 3 22750.0.png,40000.0,43.20975,95.66416542128584,0.0,0.0,255.0,100.0,100.0,100.37075833579227,99.84080849808203,800.0,0.0,0.0,200.0,200.0,225.67583340707242,225.67583340707242,0.0,0.7853981633974483,282.842712474619,1728390.0,0.0,1.7622336070498055,1.1054672858157684,16.945,1728390.0,1.0,0.0,0.0,135.0,200.0,1.0,1.000000000106614,1.0,./content/Images1/
1750,noise 3 22751.0.png,40000.0,12.756375,55.589817211012786,0.0,0.0,255.0,100.0,100.0,99.76436781609195,100.0352323838081,800.0,0.0,0.0,200.0,200.0,225.67583340707242,225.67583340707242,0.0,0.7853981633974483,282.842712474619,510255.0,0.0,4.128276187224957,15.04266427800863,5.0025,510255.0,1.0,0.0,0.0,135.0,200.0,1.0,1.000000000106614,1.0,./content/Images1/
1751,noise 3 22752.0.png,40000.0,0.0,0.0,0.0,0.0,0.0,100.0,100.0,100.0,100.0,800.0,0.0,0.0,200.0,200.0,225.67583340707242,225.67583340707242,0.0,0.7853981633974483,282.842712474619,0.0,0.0,,,0.0,0.0,1.0,0.0,0.0,135.0,200.0,1.0,1.000000000106614,1.0,./content/Images1/
1752,noise 3 22753.0.png,40000.0,255.0,0.0,255.0,255.0,255.0,100.0,100.0,100.0,100.0,800.0,0.0,0.0,200.0,200.0,225.67583340707242,225.67583340707242,0.0,0.7853981633974483,282.842712474619,10200000.0,255.0,,,100.0,10200000.0,1.0,0.0,0.0,135.0,200.0,1.0,1.000000000106614,1.0,./content/Images1/
1753,noise 3 22754.0.png,40000.0,255.0,0.0,255.0,255.0,255.0,100.0,100.0,100.0,100.0,800.0,0.0,0.0,200.0,200.0,225.67583340707242,225.67583340707242,0.0,0.7853981633974483,282.842712474619,10200000.0,255.0,,,100.0,10200000.0,1.0,0.0,0.0,135.0,200.0,1.0,1.000000000106614,1.0,./content/Images1/
1754,noise 3 22755.0.png,40000.0,8.874,46.73517656346459,0.0,0.0,255.0,100.0,100.0,101.81752873563218,101.82543103448276,800.0,0.0,0.0,200.0,200.0,225.67583340707242,225.67583340707242,0.0,0.7853981633974483,282.842712474619,354960.0,0.0,5.076582205342134,23.7716868875964,3.48,354960.0,1.0,0.0,0.0,135.0,200.0,1.0,1.000000000106614,1.0,./content/Images1/
1755,noise 3 22756.0.png,40000.0,255.0,0.0,255.0,255.0,255.0,100.0,100.0,100.0,100.0,800.0,0.0,0.0,200.0,200.0,225.67583340707242,225.67583340707242,0.0,0.7853981633974483,282.842712474619,10200000.0,255.0,,,100.0,10200000.0,1.0,0.0,0.0,135.0,200.0,1.0,1.000000000106614,1.0,./content/Images1/
1756,noise 3 22757.0.png,40000.0,255.0,0.0,255.0,255.0,255.0,100.0,100.0,100.0,100.0,800.0,0.0,0.0,200.0,200.0,225.67583340707242,225.67583340707242,0.0,0.7853981633974483,282.842712474619,10200000.0,255.0,,,100.0,10200000.0,1.0,0.0,0.0,135.0,200.0,1.0,1.000000000106614,1.0,./content/Images1/
1757,noise 3 22758.0.png,40000.0,255.0,0.0,255.0,255.0,255.0,100.0,100.0,100.0,100.0,800.0,0.0,0.0,200.0,200.0,225.67583340707242,225.67583340707242,0.0,0.7853981633974483,282.842712474619,10200000.0,255.0,,,100.0,10200000.0,1.0,0.0,0.0,135.0,200.0,1.0,1.000000000106614,1.0,./content/Images1/
1758,noise 3 22759.0.png,40000.0,255.0,0.0,255.0,255.0,255.0,100.0,100.0,100.0,100.0,800.0,0.0,0.0,200.0,200.0,225.67583340707242,225.67583340707242,0.0,0.7853981633974483,282.842712474619,10200000.0,255.0,,,100.0,10200000.0,1.0,0.0,0.0,135.0,200.0,1.0,1.000000000106614,1.0,./content/Images1/
1759,noise 3 22760.0.png,40000.0,255.0,0.0,255.0,255.0,255.0,100.0,100.0,100.0,100.0,800.0,0.0,0.0,200.0,200.0,225.67583340707242,225.67583340707242,0.0,0.7853981633974483,282.842712474619,10200000.0,255.0,,,100.0,10200000.0,1.0,0.0,0.0,135.0,200.0,1.0,1.000000000106614,1.0,./content/Images1/
1760,noise 3 22761.0.png,40000.0,255.0,0.0,255.0,255.0,255.0,100.0,100.0,100.0,100.0,800.0,0.0,0.0,200.0,200.0,225.67583340707242,225.67583340707242,0.0,0.7853981633974483,282.842712474619,10200000.0,255.0,,,100.0,10200000.0,1.0,0.0,0.0,135.0,200.0,1.0,1.000000000106614,1.0,./content/Images1/
1761,noise 3 22762.0.png,40000.0,0.0,0.0,0.0,0.0,0.0,100.0,100.0,100.0,100.0,800.0,0.0,0.0,200.0,200.0,225.67583340707242,225.67583340707242,0.0,0.7853981633974483,282.842712474619,0.0,0.0,,,0.0,0.0,1.0,0.0,0.0,135.0,200.0,1.0,1.000000000106614,1.0,./content/Images1/
1762,noise 3 22763.0.png,40000.0,255.0,0.0,255.0,255.0,255.0,100.0,100.0,100.0,100.0,800.0,0.0,0.0,200.0,200.0,225.67583340707242,225.67583340707242,0.0,0.7853981633974483,282.842712474619,10200000.0,255.0,,,100.0,10200000.0,1.0,0.0,0.0,135.0,200.0,1.0,1.000000000106614,1.0,./content/Images1/
1763,noise 3 22764.0.png,40000.0,0.0,0.0,0.0,0.0,0.0,100.0,100.0,100.0,100.0,800.0,0.0,0.0,200.0,200.0,225.67583340707242,225.67583340707242,0.0,0.7853981633974483,282.842712474619,0.0,0.0,,,0.0,0.0,1.0,0.0,0.0,135.0,200.0,1.0,1.000000000106614,1.0,./content/Images1/
1764,noise 3 22765.0.png,40000.0,100.81425,124.67762172768413,0.0,0.0,255.0,100.0,100.0,98.85013279372707,99.80485645630453,800.0,0.0,0.0,200.0,200.0,225.67583340707242,225.67583340707242,0.0,0.7853981633974483,282.842712474619,4032570.0,0.0,0.42808137031064497,-1.8167463403929607,39.535,4032570.0,1.0,0.0,0.0,135.0,200.0,1.0,1.000000000106614,1.0,./content/Images1/
1765,noise 3 22766.0.png,40000.0,0.0,0.0,0.0,0.0,0.0,100.0,100.0,100.0,100.0,800.0,0.0,0.0,200.0,200.0,225.67583340707242,225.67583340707242,0.0,0.7853981633974483,282.842712474619,0.0,0.0,,,0.0,0.0,1.0,0.0,0.0,135.0,200.0,1.0,1.000000000106614,1.0,./content/Images1/
1766,noise 3 22767.0.png,40000.0,121.72425,127.37070422332154,0.0,0.0,255.0,100.0,100.0,100.12087566774903,99.80821200377082,800.0,0.0,0.0,200.0,200.0,225.67583340707242,225.67583340707242,0.0,0.7853981633974483,282.842712474619,4868970.0,0.0,0.09069310299331998,-1.9917747610694443,47.735,4868970.0,1.0,0.0,0.0,135.0,200.0,1.0,1.000000000106614,1.0,./content/Images1/
1767,noise 3 22768.0.png,40000.0,0.0,0.0,0.0,0.0,0.0,100.0,100.0,100.0,100.0,800.0,0.0,0.0,200.0,200.0,225.67583340707242,225.67583340707242,0.0,0.7853981633974483,282.842712474619,0.0,0.0,,,0.0,0.0,1.0,0.0,0.0,135.0,200.0,1.0,1.000000000106614,1.0,./content/Images1/
1768,noise 3 22769.0.png,40000.0,0.0,0.0,0.0,0.0,0.0,100.0,100.0,100.0,100.0,800.0,0.0,0.0,200.0,200.0,225.67583340707242,225.67583340707242,0.0,0.7853981633974483,282.842712474619,0.0,0.0,,,0.0,0.0,1.0,0.0,0.0,135.0,200.0,1.0,1.000000000106614,1.0,./content/Images1/
1769,noise 3 22770.0.png,40000.0,34.69275,87.42571377359879,0.0,0.0,255.0,100.0,100.0,100.3728408673282,100.0648658581404,800.0,0.0,0.0,200.0,200.0,225.67583340707242,225.67583340707242,0.0,0.7853981633974483,282.842712474619,1387709.9999999998,0.0,2.123137601203179,2.507713273642791,13.605,1387709.9999999998,1.0,0.0,0.0,135.0,200.0,1.0,1.000000000106614,1.0,./content/Images1/
1770,noise 3 22771.0.png,40000.0,83.9715,119.841056131521,0.0,0.0,255.0,100.0,100.0,99.6458396598846,99.65449438202248,800.0,0.0,0.0,200.0,200.0,225.67583340707242,225.67583340707242,0.0,0.7853981633974483,282.842712474619,3358860.0000000005,0.0,0.726446270110983,-1.4722758166418397,32.93,3358860.0000000005,1.0,0.0,0.0,135.0,200.0,1.0,1.000000000106614,1.0,./content/Images1/
1771,noise 3 22772.0.png,40000.0,82.875,119.43707969219665,0.0,0.0,255.0,100.0,100.0,100.42392307692307,100.74176923076924,800.0,0.0,0.0,200.0,200.0,225.67583340707242,225.67583340707242,0.0,0.7853981633974483,282.842712474619,3315000.0,0.0,0.7472647177570733,-1.4415954415954415,32.5,3315000.0,1.0,0.0,0.0,135.0,200.0,1.0,1.000000000106614,1.0,./content/Images1/
1772,noise 3 22773.0.png,40000.0,255.0,0.0,255.0,255.0,255.0,100.0,100.0,100.0,100.0,800.0,0.0,0.0,200.0,200.0,225.67583340707242,225.67583340707242,0.0,0.7853981633974483,282.842712474619,10200000.0,255.0,,,100.0,10200000.0,1.0,0.0,0.0,135.0,200.0,1.0,1.000000000106614,1.0,./content/Images1/
1773,noise 3 22774.0.png,40000.0,255.0,0.0,255.0,255.0,255.0,100.0,100.0,100.0,100.0,800.0,0.0,0.0,200.0,200.0,225.67583340707242,225.67583340707242,0.0,0.7853981633974483,282.842712474619,10200000.0,255.0,,,100.0,10200000.0,1.0,0.0,0.0,135.0,200.0,1.0,1.000000000106614,1.0,./content/Images1/
1774,noise 3 22775.0.png,40000.0,0.0,0.0,0.0,0.0,0.0,100.0,100.0,100.0,100.0,800.0,0.0,0.0,200.0,200.0,225.67583340707242,225.67583340707242,0.0,0.7853981633974483,282.842712474619,0.0,0.0,,,0.0,0.0,1.0,0.0,0.0,135.0,200.0,1.0,1.000000000106614,1.0,./content/Images1/
1775,noise 3 22776.0.png,40000.0,88.82925,121.49564652381832,0.0,0.0,255.0,100.0,100.0,100.74946174824171,100.63664417970432,800.0,0.0,0.0,200.0,200.0,225.67583340707242,225.67583340707242,0.0,0.7853981633974483,282.842712474619,3553170.0,0.0,0.6365863222244337,-1.5947578543567695,34.835,3553170.0,1.0,0.0,0.0,135.0,200.0,1.0,1.000000000106614,1.0,./content/Images1/
1776,noise 3 22777.0.png,40000.0,0.0,0.0,0.0,0.0,0.0,100.0,100.0,100.0,100.0,800.0,0.0,0.0,200.0,200.0,225.67583340707242,225.67583340707242,0.0,0.7853981633974483,282.842712474619,0.0,0.0,,,0.0,0.0,1.0,0.0,0.0,135.0,200.0,1.0,1.000000000106614,1.0,./content/Images1/
1777,noise 3 22778.0.png,40000.0,255.0,0.0,255.0,255.0,255.0,100.0,100.0,100.0,100.0,800.0,0.0,0.0,200.0,200.0,225.67583340707242,225.67583340707242,0.0,0.7853981633974483,282.842712474619,10200000.0,255.0,,,100.0,10200000.0,1.0,0.0,0.0,135.0,200.0,1.0,1.000000000106614,1.0,./content/Images1/
1778,noise 3 22779.0.png,40000.0,255.0,0.0,255.0,255.0,255.0,100.0,100.0,100.0,100.0,800.0,0.0,0.0,200.0,200.0,225.67583340707242,225.67583340707242,0.0,0.7853981633974483,282.842712474619,10200000.0,255.0,,,100.0,10200000.0,1.0,0.0,0.0,135.0,200.0,1.0,1.000000000106614,1.0,./content/Images1/
1779,noise 3 22780.0.png,40000.0,16.479375,62.6958459057434,0.0,0.0,255.0,100.0,100.0,101.41063829787234,100.08143133462282,800.0,0.0,0.0,200.0,200.0,225.67583340707242,225.67583340707242,0.0,0.7853981633974483,282.842712474619,659175.0,0.0,3.5416066624491642,10.542977751504308,6.4625,659175.0,1.0,0.0,0.0,135.0,200.0,1.0,1.000000000106614,1.0,./content/Images1/
1780,noise 3 22781.0.png,40000.0,0.0,0.0,0.0,0.0,0.0,100.0,100.0,100.0,100.0,800.0,0.0,0.0,200.0,200.0,225.67583340707242,225.67583340707242,0.0,0.7853981633974483,282.842712474619,0.0,0.0,,,0.0,0.0,1.0,0.0,0.0,135.0,200.0,1.0,1.000000000106614,1.0,./content/Images1/
1781,noise 3 22782.0.png,40000.0,59.153625,107.63509026881431,0.0,0.0,255.0,100.0,100.0,100.43792434529583,100.02214678305852,800.0,0.0,0.0,200.0,200.0,225.67583340707242,225.67583340707242,0.0,0.7853981633974483,282.842712474619,2366145.0,0.0,1.2699804343548569,-0.38714969635584895,23.1975,2366145.0,1.0,0.0,0.0,135.0,200.0,1.0,1.000000000106614,1.0,./content/Images1/
1782,noise 3 22783.0.png,40000.0,26.322375,77.58536386830018,0.0,0.0,255.0,100.0,100.0,100.44841365948172,99.6518527488496,800.0,0.0,0.0,200.0,200.0,225.67583340707242,225.67583340707242,0.0,0.7853981633974483,282.842712474619,1052895.0,0.0,2.6081952754845856,4.802682595060114,10.3225,1052895.0,1.0,0.0,0.0,135.0,200.0,1.0,1.000000000106614,1.0,./content/Images1/
1783,noise 3 22784.0.png,40000.0,255.0,0.0,255.0,255.0,255.0,100.0,100.0,100.0,100.0,800.0,0.0,0.0,200.0,200.0,225.67583340707242,225.67583340707242,0.0,0.7853981633974483,282.842712474619,10200000.0,255.0,,,100.0,10200000.0,1.0,0.0,0.0,135.0,200.0,1.0,1.000000000106614,1.0,./content/Images1/
1784,noise 3 22785.0.png,40000.0,255.0,0.0,255.0,255.0,255.0,100.0,100.0,100.0,100.0,800.0,0.0,0.0,200.0,200.0,225.67583340707242,225.67583340707242,0.0,0.7853981633974483,282.842712474619,10200000.0,255.0,,,100.0,10200000.0,1.0,0.0,0.0,135.0,200.0,1.0,1.000000000106614,1.0,./content/Images1/
1785,noise 3 22786.0.png,40000.0,128.666625,127.49625629207154,255.0,0.0,255.0,100.0,100.0,98.87179804786206,100.27446365753357,800.0,0.0,0.0,200.0,200.0,225.67583340707242,225.67583340707242,0.0,0.7853981633974483,282.842712474619,5146665.0,255.0,-0.018300766108980925,-1.9996650819598238,50.4575,5146665.0,1.0,0.0,0.0,135.0,200.0,1.0,1.000000000106614,1.0,./content/Images1/
1786,noise 3 22787.0.png,40000.0,255.0,0.0,255.0,255.0,255.0,100.0,100.0,100.0,100.0,800.0,0.0,0.0,200.0,200.0,225.67583340707242,225.67583340707242,0.0,0.7853981633974483,282.842712474619,10200000.0,255.0,,,100.0,10200000.0,1.0,0.0,0.0,135.0,200.0,1.0,1.000000000106614,1.0,./content/Images1/
1787,noise 3 22788.0.png,40000.0,0.0,0.0,0.0,0.0,0.0,100.0,100.0,100.0,100.0,800.0,0.0,0.0,200.0,200.0,225.67583340707242,225.67583340707242,0.0,0.7853981633974483,282.842712474619,0.0,0.0,,,0.0,0.0,1.0,0.0,0.0,135.0,200.0,1.0,1.000000000106614,1.0,./content/Images1/
1788,noise 3 22789.0.png,40000.0,0.0,0.0,0.0,0.0,0.0,100.0,100.0,100.0,100.0,800.0,0.0,0.0,200.0,200.0,225.67583340707242,225.67583340707242,0.0,0.7853981633974483,282.842712474619,0.0,0.0,,,0.0,0.0,1.0,0.0,0.0,135.0,200.0,1.0,1.000000000106614,1.0,./content/Images1/
1789,noise 3 22790.0.png,40000.0,255.0,0.0,255.0,255.0,255.0,100.0,100.0,100.0,100.0,800.0,0.0,0.0,200.0,200.0,225.67583340707242,225.67583340707242,0.0,0.7853981633974483,282.842712474619,10200000.0,255.0,,,100.0,10200000.0,1.0,0.0,0.0,135.0,200.0,1.0,1.000000000106614,1.0,./content/Images1/
1790,noise 3 22791.0.png,40000.0,255.0,0.0,255.0,255.0,255.0,100.0,100.0,100.0,100.0,800.0,0.0,0.0,200.0,200.0,225.67583340707242,225.67583340707242,0.0,0.7853981633974483,282.842712474619,10200000.0,255.0,,,100.0,10200000.0,1.0,0.0,0.0,135.0,200.0,1.0,1.000000000106614,1.0,./content/Images1/
1791,noise 3 22792.0.png,40000.0,0.0,0.0,0.0,0.0,0.0,100.0,100.0,100.0,100.0,800.0,0.0,0.0,200.0,200.0,225.67583340707242,225.67583340707242,0.0,0.7853981633974483,282.842712474619,0.0,0.0,,,0.0,0.0,1.0,0.0,0.0,135.0,200.0,1.0,1.000000000106614,1.0,./content/Images1/
1792,noise 3 22793.0.png,40000.0,82.970625,119.47276512096603,0.0,0.0,255.0,100.0,100.0,100.14894352669997,100.25228582404917,800.0,0.0,0.0,200.0,200.0,225.67583340707242,225.67583340707242,0.0,0.7853981633974483,282.842712474619,3318825.0,0.0,0.745440713329733,-1.4443181429104592,32.5375,3318825.0,1.0,0.0,0.0,135.0,200.0,1.0,1.000000000106614,1.0,./content/Images1/
1793,noise 3 22794.0.png,40000.0,255.0,0.0,255.0,255.0,255.0,100.0,100.0,100.0,100.0,800.0,0.0,0.0,200.0,200.0,225.67583340707242,225.67583340707242,0.0,0.7853981633974483,282.842712474619,10200000.0,255.0,,,100.0,10200000.0,1.0,0.0,0.0,135.0,200.0,1.0,1.000000000106614,1.0,./content/Images1/
1794,noise 3 22795.0.png,40000.0,0.0,0.0,0.0,0.0,0.0,100.0,100.0,100.0,100.0,800.0,0.0,0.0,200.0,200.0,225.67583340707242,225.67583340707242,0.0,0.7853981633974483,282.842712474619,0.0,0.0,,,0.0,0.0,1.0,0.0,0.0,135.0,200.0,1.0,1.000000000106614,1.0,./content/Images1/
1795,noise 3 22796.0.png,40000.0,255.0,0.0,255.0,255.0,255.0,100.0,100.0,100.0,100.0,800.0,0.0,0.0,200.0,200.0,225.67583340707242,225.67583340707242,0.0,0.7853981633974483,282.842712474619,10200000.0,255.0,,,100.0,10200000.0,1.0,0.0,0.0,135.0,200.0,1.0,1.000000000106614,1.0,./content/Images1/
1796,noise 3 22797.0.png,40000.0,163.54425,122.30059680082083,255.0,0.0,255.0,100.0,100.0,100.48374522491619,99.44737662742652,800.0,0.0,0.0,200.0,200.0,225.67583340707242,225.67583340707242,0.0,0.7853981633974483,282.842712474619,6541770.0,255.0,-0.589444393640623,-1.6525553068056376,64.135,6541770.0,1.0,0.0,0.0,135.0,200.0,1.0,1.000000000106614,1.0,./content/Images1/
1797,noise 3 22798.0.png,40000.0,254.592,10.191964133734114,255.0,0.0,255.0,100.0,100.0,99.99839743589743,100.1201923076923,800.0,0.0,0.0,200.0,200.0,225.67583340707242,225.67583340707242,0.0,0.7853981633974483,282.842712474619,10183680.0,255.0,-24.939959955143372,620.0016025643941,99.84,10183680.0,1.0,0.0,0.0,135.0,200.0,1.0,1.000000000106614,1.0,./content/Images1/
1798,noise 3 22799.0.png,40000.0,16.02675,61.88748084988311,0.0,0.0,255.0,100.0,100.0,103.60540970564837,95.3623707239459,800.0,0.0,0.0,200.0,200.0,225.67583340707242,225.67583340707242,0.0,0.7853981633974483,282.842712474619,641070.0,0.0,3.6024941364845566,10.977964003405612,6.285,641070.0,1.0,0.0,0.0,135.0,200.0,1.0,1.000000000106614,1.0,./content/Images1/
1799,noise 3 22800.0.png,40000.0,31.19925,83.56189391217958,0.0,0.0,255.0,100.0,100.0,98.69861054352268,99.95443400081733,800.0,0.0,0.0,200.0,200.0,225.67583340707242,225.67583340707242,0.0,0.7853981633974483,282.842712474619,1247970.0,0.0,2.3049251105571096,3.3126797652767,12.235,1247970.0,1.0,0.0,0.0,135.0,200.0,1.0,1.000000000106614,1.0,./content/Images1/
1800,noise 3 22801.0.png,40000.0,0.0,0.0,0.0,0.0,0.0,100.0,100.0,100.0,100.0,800.0,0.0,0.0,200.0,200.0,225.67583340707242,225.67583340707242,0.0,0.7853981633974483,282.842712474619,0.0,0.0,,,0.0,0.0,1.0,0.0,0.0,135.0,200.0,1.0,1.000000000106614,1.0,./content/Images1/
1801,noise 3 22802.0.png,40000.0,255.0,0.0,255.0,255.0,255.0,100.0,100.0,100.0,100.0,800.0,0.0,0.0,200.0,200.0,225.67583340707242,225.67583340707242,0.0,0.7853981633974483,282.842712474619,10200000.0,255.0,,,100.0,10200000.0,1.0,0.0,0.0,135.0,200.0,1.0,1.000000000106614,1.0,./content/Images1/
1802,noise 3 22803.0.png,40000.0,33.232875,85.84953929881814,0.0,0.0,255.0,100.0,100.0,100.18847112986764,100.24045655093036,800.0,0.0,0.0,200.0,200.0,225.67583340707242,225.67583340707242,0.0,0.7853981633974483,282.842712474619,1329315.0,0.0,2.196128345733699,2.822979710935031,13.0325,1329315.0,1.0,0.0,0.0,135.0,200.0,1.0,1.000000000106614,1.0,./content/Images1/
1803,noise 3 22804.0.png,40000.0,36.98775,89.79968930649197,0.0,0.0,255.0,100.0,100.0,99.3414339882799,100.19079627714581,800.0,0.0,0.0,200.0,200.0,225.67583340707242,225.67583340707242,0.0,0.7853981633974483,282.842712474619,1479510.0,0.0,2.0158952023856433,2.0638334670014533,14.505,1479510.0,1.0,0.0,0.0,135.0,200.0,1.0,1.000000000106614,1.0,./content/Images1/
1804,noise 3 22805.0.png,40000.0,61.6845,109.20104432399918,0.0,0.0,255.0,100.0,100.0,101.25816453079786,99.67806945018603,800.0,0.0,0.0,200.0,200.0,225.67583340707242,225.67583340707242,0.0,0.7853981633974483,282.842712474619,2467380.0,0.0,1.2054156279659558,-0.5469731638554407,24.19,2467380.0,1.0,0.0,0.0,135.0,200.0,1.0,1.000000000106614,1.0,./content/Images1/
1805,noise 3 22806.0.png,40000.0,0.0,0.0,0.0,0.0,0.0,100.0,100.0,100.0,100.0,800.0,0.0,0.0,200.0,200.0,225.67583340707242,225.67583340707242,0.0,0.7853981633974483,282.842712474619,0.0,0.0,,,0.0,0.0,1.0,0.0,0.0,135.0,200.0,1.0,1.000000000106614,1.0,./content/Images1/
1806,noise 3 22807.0.png,40000.0,36.254625,89.05464507455302,0.0,0.0,255.0,100.0,100.0,99.60708633726041,100.34385440478283,800.0,0.0,0.0,200.0,200.0,225.67583340707242,225.67583340707242,0.0,0.7853981633974483,282.842712474619,1450185.0,0.0,2.0492252933507427,2.1993243029084377,14.2175,1450185.0,1.0,0.0,0.0,135.0,200.0,1.0,1.000000000106614,1.0,./content/Images1/
1807,noise 3 22808.0.png,40000.0,0.0,0.0,0.0,0.0,0.0,100.0,100.0,100.0,100.0,800.0,0.0,0.0,200.0,200.0,225.67583340707242,225.67583340707242,0.0,0.7853981633974483,282.842712474619,0.0,0.0,,,0.0,0.0,1.0,0.0,0.0,135.0,200.0,1.0,1.000000000106614,1.0,./content/Images1/
1808,noise 3 22809.0.png,40000.0,145.3755,126.24228660644258,255.0,0.0,255.0,100.0,100.0,100.55314857042625,99.41519031748815,800.0,0.0,0.0,200.0,200.0,225.67583340707242,225.67583340707242,0.0,0.7853981633974483,282.842712474619,5815019.999999999,255.0,-0.283197079654724,-1.9197994140750325,57.01,5815019.999999999,1.0,0.0,0.0,135.0,200.0,1.0,1.000000000106614,1.0,./content/Images1/
1809,noise 3 22810.0.png,40000.0,255.0,0.0,255.0,255.0,255.0,100.0,100.0,100.0,100.0,800.0,0.0,0.0,200.0,200.0,225.67583340707242,225.67583340707242,0.0,0.7853981633974483,282.842712474619,10200000.0,255.0,,,100.0,10200000.0,1.0,0.0,0.0,135.0,200.0,1.0,1.000000000106614,1.0,./content/Images1/
1810,noise 3 22811.0.png,40000.0,254.866125,5.841323095905821,255.0,0.0,255.0,100.0,100.0,99.99973736211511,100.03913304484854,800.0,0.0,0.0,200.0,200.0,225.67583340707242,225.67583340707242,0.0,0.7853981633974483,282.842712474619,10194645.0,255.0,-43.60920120844215,1899.762430036758,99.9475,10194645.0,1.0,0.0,0.0,135.0,200.0,1.0,1.000000000106614,1.0,./content/Images1/
1811,noise 3 22812.0.png,40000.0,0.0,0.0,0.0,0.0,0.0,100.0,100.0,100.0,100.0,800.0,0.0,0.0,200.0,200.0,225.67583340707242,225.67583340707242,0.0,0.7853981633974483,282.842712474619,0.0,0.0,,,0.0,0.0,1.0,0.0,0.0,135.0,200.0,1.0,1.000000000106614,1.0,./content/Images1/
1812,noise 3 22813.0.png,40000.0,87.994125,121.22666059108172,0.0,0.0,255.0,100.0,100.0,100.48746649279143,100.34119394334564,800.0,0.0,0.0,200.0,200.0,225.67583340707242,225.67583340707242,0.0,0.7853981633974483,282.842712474619,3519765.0,0.0,0.6517769051802657,-1.575186865873635,34.5075,3519765.0,1.0,0.0,0.0,135.0,200.0,1.0,1.000000000106614,1.0,./content/Images1/
1813,noise 3 22814.0.png,40000.0,37.08975,89.90238459521748,0.0,0.0,255.0,100.0,100.0,100.07133035407357,100.49209350292196,800.0,0.0,0.0,200.0,200.0,225.67583340707242,225.67583340707242,0.0,0.7853981633974483,282.842712474619,1483590.0,0.0,2.0113232937344123,2.0454213919186452,14.545,1483590.0,1.0,0.0,0.0,135.0,200.0,1.0,1.000000000106614,1.0,./content/Images1/
1814,noise 3 22815.0.png,40000.0,0.0,0.0,0.0,0.0,0.0,100.0,100.0,100.0,100.0,800.0,0.0,0.0,200.0,200.0,225.67583340707242,225.67583340707242,0.0,0.7853981633974483,282.842712474619,0.0,0.0,,,0.0,0.0,1.0,0.0,0.0,135.0,200.0,1.0,1.000000000106614,1.0,./content/Images1/
1815,noise 3 22816.0.png,40000.0,255.0,0.0,255.0,255.0,255.0,100.0,100.0,100.0,100.0,800.0,0.0,0.0,200.0,200.0,225.67583340707242,225.67583340707242,0.0,0.7853981633974483,282.842712474619,10200000.0,255.0,,,100.0,10200000.0,1.0,0.0,0.0,135.0,200.0,1.0,1.000000000106614,1.0,./content/Images1/
1816,noise 3 22817.0.png,40000.0,8.721,46.3449334374469,0.0,0.0,255.0,100.0,100.0,101.31213450292398,100.92763157894737,800.0,0.0,0.0,200.0,200.0,225.67583340707242,225.67583340707242,0.0,0.7853981633974483,282.842712474619,348840.0,0.0,5.125931831390411,24.275177140061444,3.42,348840.0,1.0,0.0,0.0,135.0,200.0,1.0,1.000000000106614,1.0,./content/Images1/
1817,noise 3 22818.0.png,40000.0,19.692375,68.07262180131853,0.0,0.0,255.0,100.0,100.0,98.55244415668501,96.5967950793137,800.0,0.0,0.0,200.0,200.0,225.67583340707242,225.67583340707242,0.0,0.7853981633974483,282.842712474619,787694.9999999999,0.0,3.1674693810160313,8.032862279674083,7.7225,787694.9999999999,1.0,0.0,0.0,135.0,200.0,1.0,1.000000000106614,1.0,./content/Images1/
1818,noise 3 22819.0.png,40000.0,253.368,20.334869403879676,255.0,0.0,255.0,100.0,100.0,99.98004730273752,100.08884359903382,800.0,0.0,0.0,200.0,200.0,225.67583340707242,225.67583340707242,0.0,0.7853981633974483,282.842712474619,10134720.0,255.0,-12.379678558986988,151.25644122382946,99.36,10134720.0,1.0,0.0,0.0,135.0,200.0,1.0,1.000000000106614,1.0,./content/Images1/
1819,noise 3 22820.0.png,40000.0,19.9155,68.42472073973124,0.0,0.0,255.0,100.0,100.0,100.2842509603073,100.12227912932138,800.0,0.0,0.0,200.0,200.0,225.67583340707242,225.67583340707242,0.0,0.7853981633974483,282.842712474619,796620.0000000001,0.0,3.1446484156126107,7.888813657814907,7.81,796620.0000000001,1.0,0.0,0.0,135.0,200.0,1.0,1.000000000106614,1.0,./content/Images1/
1820,noise 3 22821.0.png,40000.0,0.0,0.0,0.0,0.0,0.0,100.0,100.0,100.0,100.0,800.0,0.0,0.0,200.0,200.0,225.67583340707242,225.67583340707242,0.0,0.7853981633974483,282.842712474619,0.0,0.0,,,0.0,0.0,1.0,0.0,0.0,135.0,200.0,1.0,1.000000000106614,1.0,./content/Images1/
1821,noise 3 22822.0.png,40000.0,0.0,0.0,0.0,0.0,0.0,100.0,100.0,100.0,100.0,800.0,0.0,0.0,200.0,200.0,225.67583340707242,225.67583340707242,0.0,0.7853981633974483,282.842712474619,0.0,0.0,,,0.0,0.0,1.0,0.0,0.0,135.0,200.0,1.0,1.000000000106614,1.0,./content/Images1/
1822,noise 3 22823.0.png,40000.0,77.8515,117.43773345173584,0.0,0.0,255.0,100.0,100.0,100.68514575827055,99.71552571241402,800.0,0.0,0.0,200.0,200.0,225.67583340707242,225.67583340707242,0.0,0.7853981633974483,282.842712474619,3114060.0,0.0,0.8455394898828021,-1.2850629710487305,30.53,3114060.0,1.0,0.0,0.0,135.0,200.0,1.0,1.000000000106614,1.0,./content/Images1/
1823,noise 3 22824.0.png,40000.0,255.0,0.0,255.0,255.0,255.0,100.0,100.0,100.0,100.0,800.0,0.0,0.0,200.0,200.0,225.67583340707242,225.67583340707242,0.0,0.7853981633974483,282.842712474619,10200000.0,255.0,,,100.0,10200000.0,1.0,0.0,0.0,135.0,200.0,1.0,1.000000000106614,1.0,./content/Images1/
1824,noise 3 22825.0.png,40000.0,21.490125,70.83983243579041,0.0,0.0,255.0,100.0,100.0,101.15381192524474,97.42376149510531,800.0,0.0,0.0,200.0,200.0,225.67583340707242,225.67583340707242,0.0,0.7853981633974483,282.842712474619,859605.0,0.0,2.992982803689525,6.957946063181209,8.4275,859605.0,1.0,0.0,0.0,135.0,200.0,1.0,1.000000000106614,1.0,./content/Images1/
1825,noise 3 22826.0.png,40000.0,0.0,0.0,0.0,0.0,0.0,100.0,100.0,100.0,100.0,800.0,0.0,0.0,200.0,200.0,225.67583340707242,225.67583340707242,0.0,0.7853981633974483,282.842712474619,0.0,0.0,,,0.0,0.0,1.0,0.0,0.0,135.0,200.0,1.0,1.000000000106614,1.0,./content/Images1/
1826,noise 3 22827.0.png,40000.0,255.0,0.0,255.0,255.0,255.0,100.0,100.0,100.0,100.0,800.0,0.0,0.0,200.0,200.0,225.67583340707242,225.67583340707242,0.0,0.7853981633974483,282.842712474619,10200000.0,255.0,,,100.0,10200000.0,1.0,0.0,0.0,135.0,200.0,1.0,1.000000000106614,1.0,./content/Images1/
1827,noise 3 22828.0.png,40000.0,255.0,0.0,255.0,255.0,255.0,100.0,100.0,100.0,100.0,800.0,0.0,0.0,200.0,200.0,225.67583340707242,225.67583340707242,0.0,0.7853981633974483,282.842712474619,10200000.0,255.0,,,100.0,10200000.0,1.0,0.0,0.0,135.0,200.0,1.0,1.000000000106614,1.0,./content/Images1/
1828,noise 3 22829.0.png,40000.0,0.0,0.0,0.0,0.0,0.0,100.0,100.0,100.0,100.0,800.0,0.0,0.0,200.0,200.0,225.67583340707242,225.67583340707242,0.0,0.7853981633974483,282.842712474619,0.0,0.0,,,0.0,0.0,1.0,0.0,0.0,135.0,200.0,1.0,1.000000000106614,1.0,./content/Images1/
1829,noise 3 22830.0.png,40000.0,255.0,0.0,255.0,255.0,255.0,100.0,100.0,100.0,100.0,800.0,0.0,0.0,200.0,200.0,225.67583340707242,225.67583340707242,0.0,0.7853981633974483,282.842712474619,10200000.0,255.0,,,100.0,10200000.0,1.0,0.0,0.0,135.0,200.0,1.0,1.000000000106614,1.0,./content/Images1/
1830,noise 3 22831.0.png,40000.0,255.0,0.0,255.0,255.0,255.0,100.0,100.0,100.0,100.0,800.0,0.0,0.0,200.0,200.0,225.67583340707242,225.67583340707242,0.0,0.7853981633974483,282.842712474619,10200000.0,255.0,,,100.0,10200000.0,1.0,0.0,0.0,135.0,200.0,1.0,1.000000000106614,1.0,./content/Images1/
1831,noise 3 22832.0.png,40000.0,255.0,0.0,255.0,255.0,255.0,100.0,100.0,100.0,100.0,800.0,0.0,0.0,200.0,200.0,225.67583340707242,225.67583340707242,0.0,0.7853981633974483,282.842712474619,10200000.0,255.0,,,100.0,10200000.0,1.0,0.0,0.0,135.0,200.0,1.0,1.000000000106614,1.0,./content/Images1/
1832,noise 3 22833.0.png,40000.0,255.0,0.0,255.0,255.0,255.0,100.0,100.0,100.0,100.0,800.0,0.0,0.0,200.0,200.0,225.67583340707242,225.67583340707242,0.0,0.7853981633974483,282.842712474619,10200000.0,255.0,,,100.0,10200000.0,1.0,0.0,0.0,135.0,200.0,1.0,1.000000000106614,1.0,./content/Images1/
1833,noise 3 22834.0.png,40000.0,255.0,0.0,255.0,255.0,255.0,100.0,100.0,100.0,100.0,800.0,0.0,0.0,200.0,200.0,225.67583340707242,225.67583340707242,0.0,0.7853981633974483,282.842712474619,10200000.0,255.0,,,100.0,10200000.0,1.0,0.0,0.0,135.0,200.0,1.0,1.000000000106614,1.0,./content/Images1/
1834,noise 3 22835.0.png,40000.0,0.0,0.0,0.0,0.0,0.0,100.0,100.0,100.0,100.0,800.0,0.0,0.0,200.0,200.0,225.67583340707242,225.67583340707242,0.0,0.7853981633974483,282.842712474619,0.0,0.0,,,0.0,0.0,1.0,0.0,0.0,135.0,200.0,1.0,1.000000000106614,1.0,./content/Images1/
1835,noise 3 22836.0.png,40000.0,0.0,0.0,0.0,0.0,0.0,100.0,100.0,100.0,100.0,800.0,0.0,0.0,200.0,200.0,225.67583340707242,225.67583340707242,0.0,0.7853981633974483,282.842712474619,0.0,0.0,,,0.0,0.0,1.0,0.0,0.0,135.0,200.0,1.0,1.000000000106614,1.0,./content/Images1/
1836,noise 3 22837.0.png,40000.0,58.48425,107.20710604259006,0.0,0.0,255.0,100.0,100.0,99.96097667320689,100.16045345541748,800.0,0.0,0.0,200.0,200.0,225.67583340707242,225.67583340707242,0.0,0.7853981633974483,282.842712474619,2339370.0,0.0,1.2875380235640863,-0.3422458378766864,22.935,2339370.0,1.0,0.0,0.0,135.0,200.0,1.0,1.000000000106614,1.0,./content/Images1/
1837,noise 3 22838.0.png,40000.0,0.0,0.0,0.0,0.0,0.0,100.0,100.0,100.0,100.0,800.0,0.0,0.0,200.0,200.0,225.67583340707242,225.67583340707242,0.0,0.7853981633974483,282.842712474619,0.0,0.0,,,0.0,0.0,1.0,0.0,0.0,135.0,200.0,1.0,1.000000000106614,1.0,./content/Images1/
1838,noise 3 22839.0.png,40000.0,255.0,0.0,255.0,255.0,255.0,100.0,100.0,100.0,100.0,800.0,0.0,0.0,200.0,200.0,225.67583340707242,225.67583340707242,0.0,0.7853981633974483,282.842712474619,10200000.0,255.0,,,100.0,10200000.0,1.0,0.0,0.0,135.0,200.0,1.0,1.000000000106614,1.0,./content/Images1/
1839,noise 3 22840.0.png,40000.0,255.0,0.0,255.0,255.0,255.0,100.0,100.0,100.0,100.0,800.0,0.0,0.0,200.0,200.0,225.67583340707242,225.67583340707242,0.0,0.7853981633974483,282.842712474619,10200000.0,255.0,,,100.0,10200000.0,1.0,0.0,0.0,135.0,200.0,1.0,1.000000000106614,1.0,./content/Images1/
1840,noise 3 22841.0.png,40000.0,0.0,0.0,0.0,0.0,0.0,100.0,100.0,100.0,100.0,800.0,0.0,0.0,200.0,200.0,225.67583340707242,225.67583340707242,0.0,0.7853981633974483,282.842712474619,0.0,0.0,,,0.0,0.0,1.0,0.0,0.0,135.0,200.0,1.0,1.000000000106614,1.0,./content/Images1/
1841,noise 3 22842.0.png,40000.0,15.242625,60.4534790040033,0.0,0.0,255.0,100.0,100.0,101.50669176076956,100.7814721873693,800.0,0.0,0.0,200.0,200.0,225.67583340707242,225.67583340707242,0.0,0.7853981633974483,282.842712474619,609705.0,0.0,3.713889757645361,11.792977131943122,5.9775,609705.0,1.0,0.0,0.0,135.0,200.0,1.0,1.000000000106614,1.0,./content/Images1/
1842,noise 3 22843.0.png,40000.0,24.346125,74.93776393912471,0.0,0.0,255.0,100.0,100.0,99.61626080125687,100.25648075412411,800.0,0.0,0.0,200.0,200.0,225.67583340707242,225.67583340707242,0.0,0.7853981633974483,282.842712474619,973845.0,0.0,2.7530889374124436,5.5794986973027765,9.5475,973845.0,1.0,0.0,0.0,135.0,200.0,1.0,1.000000000106614,1.0,./content/Images1/
1843,noise 3 22844.0.png,40000.0,0.0,0.0,0.0,0.0,0.0,100.0,100.0,100.0,100.0,800.0,0.0,0.0,200.0,200.0,225.67583340707242,225.67583340707242,0.0,0.7853981633974483,282.842712474619,0.0,0.0,,,0.0,0.0,1.0,0.0,0.0,135.0,200.0,1.0,1.000000000106614,1.0,./content/Images1/
1844,noise 3 22845.0.png,40000.0,240.924,58.23513550490959,255.0,0.0,255.0,100.0,100.0,99.23944220999154,100.73269475021168,800.0,0.0,0.0,200.0,200.0,225.67583340707242,225.67583340707242,0.0,0.7853981633974483,282.842712474619,9636960.0,255.0,-3.895428999801051,13.174367092490893,94.48,9636960.0,1.0,0.0,0.0,135.0,200.0,1.0,1.000000000106614,1.0,./content/Images1/
1845,noise 3 22846.0.png,40000.0,106.507125,125.76145911148345,0.0,0.0,255.0,100.0,100.0,99.23214820135273,102.61893218411444,800.0,0.0,0.0,200.0,200.0,225.67583340707242,225.67583340707242,0.0,0.7853981633974483,282.842712474619,4260285.0,0.0,0.33385645434104044,-1.8885398678948293,41.7675,4260285.0,1.0,0.0,0.0,135.0,200.0,1.0,1.000000000106614,1.0,./content/Images1/
1846,noise 3 22847.0.png,40000.0,253.731375,17.94151646488394,255.0,0.0,255.0,100.0,100.0,100.19940453757444,99.6406999824125,800.0,0.0,0.0,200.0,200.0,225.67583340707242,225.67583340707242,0.0,0.7853981633974483,282.842712474619,10149255.0,255.0,-14.071603497824173,196.01002499998873,99.5025,10149255.0,1.0,0.0,0.0,135.0,200.0,1.0,1.000000000106614,1.0,./content/Images1/
1847,noise 3 22848.0.png,40000.0,254.745,8.059875870010405,255.0,0.0,255.0,100.0,100.0,99.96493993993994,100.03586086086086,800.0,0.0,0.0,200.0,200.0,225.67583340707242,225.67583340707242,0.0,0.7853981633974483,282.842712474619,10189800.0,255.0,-31.57532265869972,995.0010010009744,99.9,10189800.0,1.0,0.0,0.0,135.0,200.0,1.0,1.000000000106614,1.0,./content/Images1/
1848,noise 3 22849.0.png,40000.0,0.0,0.0,0.0,0.0,0.0,100.0,100.0,100.0,100.0,800.0,0.0,0.0,200.0,200.0,225.67583340707242,225.67583340707242,0.0,0.7853981633974483,282.842712474619,0.0,0.0,,,0.0,0.0,1.0,0.0,0.0,135.0,200.0,1.0,1.000000000106614,1.0,./content/Images1/
1849,noise 3 22850.0.png,40000.0,28.081875,79.82760006806976,0.0,0.0,255.0,100.0,100.0,99.51770715096481,99.65073779795686,800.0,0.0,0.0,200.0,200.0,225.67583340707242,225.67583340707242,0.0,0.7853981633974483,282.842712474619,1123275.0,0.0,2.4908519776390183,4.2043435745082105,11.0125,1123275.0,1.0,0.0,0.0,135.0,200.0,1.0,1.000000000106614,1.0,./content/Images1/
1850,noise 3 22851.0.png,40000.0,9.454125,48.181733390053395,0.0,0.0,255.0,100.0,100.0,99.8951449763992,99.29973027646662,800.0,0.0,0.0,200.0,200.0,225.67583340707242,225.67583340707242,0.0,0.7853981633974483,282.842712474619,378165.0,0.0,4.900087327512988,22.01085581725339,3.7075,378165.0,1.0,0.0,0.0,135.0,200.0,1.0,1.000000000106614,1.0,./content/Images1/
1851,noise 3 22852.0.png,40000.0,255.0,0.0,255.0,255.0,255.0,100.0,100.0,100.0,100.0,800.0,0.0,0.0,200.0,200.0,225.67583340707242,225.67583340707242,0.0,0.7853981633974483,282.842712474619,10200000.0,255.0,,,100.0,10200000.0,1.0,0.0,0.0,135.0,200.0,1.0,1.000000000106614,1.0,./content/Images1/
1852,noise 3 22853.0.png,40000.0,255.0,0.0,255.0,255.0,255.0,100.0,100.0,100.0,100.0,800.0,0.0,0.0,200.0,200.0,225.67583340707242,225.67583340707242,0.0,0.7853981633974483,282.842712474619,10200000.0,255.0,,,100.0,10200000.0,1.0,0.0,0.0,135.0,200.0,1.0,1.000000000106614,1.0,./content/Images1/
1853,noise 3 22854.0.png,40000.0,255.0,0.0,255.0,255.0,255.0,100.0,100.0,100.0,100.0,800.0,0.0,0.0,200.0,200.0,225.67583340707242,225.67583340707242,0.0,0.7853981633974483,282.842712474619,10200000.0,255.0,,,100.0,10200000.0,1.0,0.0,0.0,135.0,200.0,1.0,1.000000000106614,1.0,./content/Images1/
1854,noise 3 22855.0.png,40000.0,0.0,0.0,0.0,0.0,0.0,100.0,100.0,100.0,100.0,800.0,0.0,0.0,200.0,200.0,225.67583340707242,225.67583340707242,0.0,0.7853981633974483,282.842712474619,0.0,0.0,,,0.0,0.0,1.0,0.0,0.0,135.0,200.0,1.0,1.000000000106614,1.0,./content/Images1/
1855,noise 3 22856.0.png,40000.0,55.073625,104.93305236195279,0.0,0.0,255.0,100.0,100.0,99.98593587220743,99.79285796967241,800.0,0.0,0.0,200.0,200.0,225.67583340707242,225.67583340707242,0.0,0.7853981633974483,282.842712474619,2202945.0,0.0,1.3804474132103655,-0.09436493936081014,21.5975,2202945.0,1.0,0.0,0.0,135.0,200.0,1.0,1.000000000106614,1.0,./content/Images1/
1856,noise 3 22857.0.png,40000.0,45.574875,97.69730043761288,0.0,0.0,255.0,100.0,100.0,100.22583578122814,100.13771156805147,800.0,0.0,0.0,200.0,200.0,225.67583340707242,225.67583340707242,0.0,0.7853981633974483,282.842712474619,1822995.0,0.0,1.6771425354906329,0.8128070843519488,17.8725,1822995.0,1.0,0.0,0.0,135.0,200.0,1.0,1.000000000106614,1.0,./content/Images1/
1857,noise 3 22858.0.png,40000.0,0.0,0.0,0.0,0.0,0.0,100.0,100.0,100.0,100.0,800.0,0.0,0.0,200.0,200.0,225.67583340707242,225.67583340707242,0.0,0.7853981633974483,282.842712474619,0.0,0.0,,,0.0,0.0,1.0,0.0,0.0,135.0,200.0,1.0,1.000000000106614,1.0,./content/Images1/
1858,noise 3 22859.0.png,40000.0,255.0,0.0,255.0,255.0,255.0,100.0,100.0,100.0,100.0,800.0,0.0,0.0,200.0,200.0,225.67583340707242,225.67583340707242,0.0,0.7853981633974483,282.842712474619,10200000.0,255.0,,,100.0,10200000.0,1.0,0.0,0.0,135.0,200.0,1.0,1.000000000106614,1.0,./content/Images1/
1859,noise 3 22860.0.png,40000.0,0.0,0.0,0.0,0.0,0.0,100.0,100.0,100.0,100.0,800.0,0.0,0.0,200.0,200.0,225.67583340707242,225.67583340707242,0.0,0.7853981633974483,282.842712474619,0.0,0.0,,,0.0,0.0,1.0,0.0,0.0,135.0,200.0,1.0,1.000000000106614,1.0,./content/Images1/
1860,noise 3 22861.0.png,40000.0,36.943125,89.75468671790388,0.0,0.0,255.0,100.0,100.0,100.30569456427955,100.46082830025884,800.0,0.0,0.0,200.0,200.0,225.67583340707242,225.67583340707242,0.0,0.7853981633974483,282.842712474619,1477725.0,0.0,2.0179003524748103,2.0719218325179645,14.4875,1477725.0,1.0,0.0,0.0,135.0,200.0,1.0,1.000000000106614,1.0,./content/Images1/
1861,noise 3 22862.0.png,40000.0,0.0,0.0,0.0,0.0,0.0,100.0,100.0,100.0,100.0,800.0,0.0,0.0,200.0,200.0,225.67583340707242,225.67583340707242,0.0,0.7853981633974483,282.842712474619,0.0,0.0,,,0.0,0.0,1.0,0.0,0.0,135.0,200.0,1.0,1.000000000106614,1.0,./content/Images1/
1862,noise 3 22863.0.png,40000.0,255.0,0.0,255.0,255.0,255.0,100.0,100.0,100.0,100.0,800.0,0.0,0.0,200.0,200.0,225.67583340707242,225.67583340707242,0.0,0.7853981633974483,282.842712474619,10200000.0,255.0,,,100.0,10200000.0,1.0,0.0,0.0,135.0,200.0,1.0,1.000000000106614,1.0,./content/Images1/
1863,noise 3 22864.0.png,40000.0,255.0,0.0,255.0,255.0,255.0,100.0,100.0,100.0,100.0,800.0,0.0,0.0,200.0,200.0,225.67583340707242,225.67583340707242,0.0,0.7853981633974483,282.842712474619,10200000.0,255.0,,,100.0,10200000.0,1.0,0.0,0.0,135.0,200.0,1.0,1.000000000106614,1.0,./content/Images1/
1864,noise 3 22865.0.png,40000.0,255.0,0.0,255.0,255.0,255.0,100.0,100.0,100.0,100.0,800.0,0.0,0.0,200.0,200.0,225.67583340707242,225.67583340707242,0.0,0.7853981633974483,282.842712474619,10200000.0,255.0,,,100.0,10200000.0,1.0,0.0,0.0,135.0,200.0,1.0,1.000000000106614,1.0,./content/Images1/
1865,noise 3 22866.0.png,40000.0,255.0,0.0,255.0,255.0,255.0,100.0,100.0,100.0,100.0,800.0,0.0,0.0,200.0,200.0,225.67583340707242,225.67583340707242,0.0,0.7853981633974483,282.842712474619,10200000.0,255.0,,,100.0,10200000.0,1.0,0.0,0.0,135.0,200.0,1.0,1.000000000106614,1.0,./content/Images1/
1866,noise 3 22867.0.png,40000.0,255.0,0.0,255.0,255.0,255.0,100.0,100.0,100.0,100.0,800.0,0.0,0.0,200.0,200.0,225.67583340707242,225.67583340707242,0.0,0.7853981633974483,282.842712474619,10200000.0,255.0,,,100.0,10200000.0,1.0,0.0,0.0,135.0,200.0,1.0,1.000000000106614,1.0,./content/Images1/
1867,noise 3 22868.0.png,40000.0,255.0,0.0,255.0,255.0,255.0,100.0,100.0,100.0,100.0,800.0,0.0,0.0,200.0,200.0,225.67583340707242,225.67583340707242,0.0,0.7853981633974483,282.842712474619,10200000.0,255.0,,,100.0,10200000.0,1.0,0.0,0.0,135.0,200.0,1.0,1.000000000106614,1.0,./content/Images1/
1868,noise 3 22869.0.png,40000.0,113.392125,126.71866201734834,0.0,0.0,255.0,100.0,100.0,100.97680890538034,99.98619778489909,800.0,0.0,0.0,200.0,200.0,225.67583340707242,225.67583340707242,0.0,0.7853981633974483,282.842712474619,4535685.0,0.0,0.22266730293936662,-1.9504192722017073,44.4675,4535685.0,1.0,0.0,0.0,135.0,200.0,1.0,1.000000000106614,1.0,./content/Images1/
1869,noise 3 22870.0.png,40000.0,255.0,0.0,255.0,255.0,255.0,100.0,100.0,100.0,100.0,800.0,0.0,0.0,200.0,200.0,225.67583340707242,225.67583340707242,0.0,0.7853981633974483,282.842712474619,10200000.0,255.0,,,100.0,10200000.0,1.0,0.0,0.0,135.0,200.0,1.0,1.000000000106614,1.0,./content/Images1/
1870,noise 3 22871.0.png,40000.0,255.0,0.0,255.0,255.0,255.0,100.0,100.0,100.0,100.0,800.0,0.0,0.0,200.0,200.0,225.67583340707242,225.67583340707242,0.0,0.7853981633974483,282.842712474619,10200000.0,255.0,,,100.0,10200000.0,1.0,0.0,0.0,135.0,200.0,1.0,1.000000000106614,1.0,./content/Images1/
1871,noise 3 22872.0.png,40000.0,255.0,0.0,255.0,255.0,255.0,100.0,100.0,100.0,100.0,800.0,0.0,0.0,200.0,200.0,225.67583340707242,225.67583340707242,0.0,0.7853981633974483,282.842712474619,10200000.0,255.0,,,100.0,10200000.0,1.0,0.0,0.0,135.0,200.0,1.0,1.000000000106614,1.0,./content/Images1/
1872,noise 3 22873.0.png,40000.0,0.0,0.0,0.0,0.0,0.0,100.0,100.0,100.0,100.0,800.0,0.0,0.0,200.0,200.0,225.67583340707242,225.67583340707242,0.0,0.7853981633974483,282.842712474619,0.0,0.0,,,0.0,0.0,1.0,0.0,0.0,135.0,200.0,1.0,1.000000000106614,1.0,./content/Images1/
1873,noise 3 22874.0.png,40000.0,169.371,120.43019531993885,255.0,0.0,255.0,100.0,100.0,99.96461909063535,100.04998494429388,800.0,0.0,0.0,200.0,200.0,225.67583340707242,225.67583340707242,0.0,0.7853981633974483,282.842712474619,6774840.0,255.0,-0.6953658637865112,-1.516466315480438,66.42,6774840.0,1.0,0.0,0.0,135.0,200.0,1.0,1.000000000106614,1.0,./content/Images1/
1874,noise 3 22875.0.png,40000.0,0.0,0.0,0.0,0.0,0.0,100.0,100.0,100.0,100.0,800.0,0.0,0.0,200.0,200.0,225.67583340707242,225.67583340707242,0.0,0.7853981633974483,282.842712474619,0.0,0.0,,,0.0,0.0,1.0,0.0,0.0,135.0,200.0,1.0,1.000000000106614,1.0,./content/Images1/
1875,noise 3 22876.0.png,40000.0,147.65775,125.89801973312295,255.0,0.0,255.0,100.0,100.0,100.80679561350487,100.23042051636301,800.0,0.0,0.0,200.0,200.0,225.67583340707242,225.67583340707242,0.0,0.7853981633974483,282.842712474619,5906310.0,255.0,-0.3202274669503185,-1.8974543694105837,57.905,5906310.0,1.0,0.0,0.0,135.0,200.0,1.0,1.000000000106614,1.0,./content/Images1/
1876,noise 3 22877.0.png,40000.0,248.99475,38.66927857182148,255.0,0.0,255.0,100.0,100.0,100.85956782221312,100.29079829996415,800.0,0.0,0.0,200.0,200.0,225.67583340707242,225.67583340707242,0.0,0.7853981633974483,282.842712474619,9959790.0,255.0,-6.283865290488457,37.48696298900717,97.645,9959790.0,1.0,0.0,0.0,135.0,200.0,1.0,1.000000000106614,1.0,./content/Images1/
1877,noise 3 22878.0.png,40000.0,0.0,0.0,0.0,0.0,0.0,100.0,100.0,100.0,100.0,800.0,0.0,0.0,200.0,200.0,225.67583340707242,225.67583340707242,0.0,0.7853981633974483,282.842712474619,0.0,0.0,,,0.0,0.0,1.0,0.0,0.0,135.0,200.0,1.0,1.000000000106614,1.0,./content/Images1/
1878,noise 3 22879.0.png,40000.0,0.0,0.0,0.0,0.0,0.0,100.0,100.0,100.0,100.0,800.0,0.0,0.0,200.0,200.0,225.67583340707242,225.67583340707242,0.0,0.7853981633974483,282.842712474619,0.0,0.0,,,0.0,0.0,1.0,0.0,0.0,135.0,200.0,1.0,1.000000000106614,1.0,./content/Images1/
1879,noise 3 22880.0.png,40000.0,0.0,0.0,0.0,0.0,0.0,100.0,100.0,100.0,100.0,800.0,0.0,0.0,200.0,200.0,225.67583340707242,225.67583340707242,0.0,0.7853981633974483,282.842712474619,0.0,0.0,,,0.0,0.0,1.0,0.0,0.0,135.0,200.0,1.0,1.000000000106614,1.0,./content/Images1/
1880,noise 3 22881.0.png,40000.0,15.64425,61.19342127882454,0.0,0.0,255.0,100.0,100.0,100.50529747351263,100.63528932355338,800.0,0.0,0.0,200.0,200.0,225.67583340707242,225.67583340707242,0.0,0.7853981633974483,282.842712474619,625770.0,0.0,3.655855348025751,11.365278325688486,6.135,625770.0,1.0,0.0,0.0,135.0,200.0,1.0,1.000000000106614,1.0,./content/Images1/
1881,noise 3 22882.0.png,40000.0,0.0,0.0,0.0,0.0,0.0,100.0,100.0,100.0,100.0,800.0,0.0,0.0,200.0,200.0,225.67583340707242,225.67583340707242,0.0,0.7853981633974483,282.842712474619,0.0,0.0,,,0.0,0.0,1.0,0.0,0.0,135.0,200.0,1.0,1.000000000106614,1.0,./content/Images1/
1882,noise 3 22883.0.png,40000.0,253.731375,17.94151646488394,255.0,0.0,255.0,100.0,100.0,99.88878420140198,100.16154116730735,800.0,0.0,0.0,200.0,200.0,225.67583340707242,225.67583340707242,0.0,0.7853981633974483,282.842712474619,10149255.0,255.0,-14.071603497824173,196.01002499998873,99.5025,10149255.0,1.0,0.0,0.0,135.0,200.0,1.0,1.000000000106614,1.0,./content/Images1/
1883,noise 3 22884.0.png,40000.0,81.389625,118.8715128963783,0.0,0.0,255.0,100.0,100.0,99.54112164173259,99.7552674864886,800.0,0.0,0.0,200.0,200.0,225.67583340707242,225.67583340707242,0.0,0.7853981633974483,282.842712474619,3255585.0,0.0,0.7758116350498598,-1.3981163069212632,31.9175,3255585.0,1.0,0.0,0.0,135.0,200.0,1.0,1.000000000106614,1.0,./content/Images1/
1884,noise 3 22885.0.png,40000.0,255.0,0.0,255.0,255.0,255.0,100.0,100.0,100.0,100.0,800.0,0.0,0.0,200.0,200.0,225.67583340707242,225.67583340707242,0.0,0.7853981633974483,282.842712474619,10200000.0,255.0,,,100.0,10200000.0,1.0,0.0,0.0,135.0,200.0,1.0,1.000000000106614,1.0,./content/Images1/
1885,noise 3 22886.0.png,40000.0,33.1245,85.73038400834652,0.0,0.0,255.0,100.0,100.0,100.32717474980754,100.74249422632795,800.0,0.0,0.0,200.0,200.0,225.67583340707242,225.67583340707242,0.0,0.7853981633974483,282.842712474619,1324980.0,0.0,2.201709016179875,2.847522591927752,12.99,1324980.0,1.0,0.0,0.0,135.0,200.0,1.0,1.000000000106614,1.0,./content/Images1/
1886,noise 3 22887.0.png,40000.0,255.0,0.0,255.0,255.0,255.0,100.0,100.0,100.0,100.0,800.0,0.0,0.0,200.0,200.0,225.67583340707242,225.67583340707242,0.0,0.7853981633974483,282.842712474619,10200000.0,255.0,,,100.0,10200000.0,1.0,0.0,0.0,135.0,200.0,1.0,1.000000000106614,1.0,./content/Images1/
1887,noise 3 22888.0.png,40000.0,255.0,0.0,255.0,255.0,255.0,100.0,100.0,100.0,100.0,800.0,0.0,0.0,200.0,200.0,225.67583340707242,225.67583340707242,0.0,0.7853981633974483,282.842712474619,10200000.0,255.0,,,100.0,10200000.0,1.0,0.0,0.0,135.0,200.0,1.0,1.000000000106614,1.0,./content/Images1/
1888,noise 3 22889.0.png,40000.0,255.0,0.0,255.0,255.0,255.0,100.0,100.0,100.0,100.0,800.0,0.0,0.0,200.0,200.0,225.67583340707242,225.67583340707242,0.0,0.7853981633974483,282.842712474619,10200000.0,255.0,,,100.0,10200000.0,1.0,0.0,0.0,135.0,200.0,1.0,1.000000000106614,1.0,./content/Images1/
1889,noise 3 22890.0.png,40000.0,255.0,0.0,255.0,255.0,255.0,100.0,100.0,100.0,100.0,800.0,0.0,0.0,200.0,200.0,225.67583340707242,225.67583340707242,0.0,0.7853981633974483,282.842712474619,10200000.0,255.0,,,100.0,10200000.0,1.0,0.0,0.0,135.0,200.0,1.0,1.000000000106614,1.0,./content/Images1/
1890,noise 3 22891.0.png,40000.0,255.0,0.0,255.0,255.0,255.0,100.0,100.0,100.0,100.0,800.0,0.0,0.0,200.0,200.0,225.67583340707242,225.67583340707242,0.0,0.7853981633974483,282.842712474619,10200000.0,255.0,,,100.0,10200000.0,1.0,0.0,0.0,135.0,200.0,1.0,1.000000000106614,1.0,./content/Images1/
1891,noise 3 22892.0.png,40000.0,255.0,0.0,255.0,255.0,255.0,100.0,100.0,100.0,100.0,800.0,0.0,0.0,200.0,200.0,225.67583340707242,225.67583340707242,0.0,0.7853981633974483,282.842712474619,10200000.0,255.0,,,100.0,10200000.0,1.0,0.0,0.0,135.0,200.0,1.0,1.000000000106614,1.0,./content/Images1/
1892,noise 3 22893.0.png,40000.0,0.0,0.0,0.0,0.0,0.0,100.0,100.0,100.0,100.0,800.0,0.0,0.0,200.0,200.0,225.67583340707242,225.67583340707242,0.0,0.7853981633974483,282.842712474619,0.0,0.0,,,0.0,0.0,1.0,0.0,0.0,135.0,200.0,1.0,1.000000000106614,1.0,./content/Images1/
1893,noise 3 22894.0.png,40000.0,5.297625,36.37117836865851,0.0,0.0,255.0,100.0,100.0,100.514440433213,101.04031287605295,800.0,0.0,0.0,200.0,200.0,225.67583340707242,225.67583340707242,0.0,0.7853981633974483,282.842712474619,211905.0,0.0,6.719820915323097,43.15599313401376,2.0775,211905.0,1.0,0.0,0.0,135.0,200.0,1.0,1.000000000106614,1.0,./content/Images1/
1894,noise 3 22895.0.png,40000.0,0.0,0.0,0.0,0.0,0.0,100.0,100.0,100.0,100.0,800.0,0.0,0.0,200.0,200.0,225.67583340707242,225.67583340707242,0.0,0.7853981633974483,282.842712474619,0.0,0.0,,,0.0,0.0,1.0,0.0,0.0,135.0,200.0,1.0,1.000000000106614,1.0,./content/Images1/
1895,noise 3 22896.0.png,40000.0,181.936125,115.29653345721222,255.0,0.0,255.0,100.0,100.0,98.9308840534006,100.03411121623043,800.0,0.0,0.0,200.0,200.0,225.67583340707242,225.67583340707242,0.0,0.7853981633974483,282.842712474619,7277445.0,255.0,-0.9442921453405793,-1.108312344248092,71.3475,7277445.0,1.0,0.0,0.0,135.0,200.0,1.0,1.000000000106614,1.0,./content/Images1/
1896,noise 3 22897.0.png,40000.0,0.0,0.0,0.0,0.0,0.0,100.0,100.0,100.0,100.0,800.0,0.0,0.0,200.0,200.0,225.67583340707242,225.67583340707242,0.0,0.7853981633974483,282.842712474619,0.0,0.0,,,0.0,0.0,1.0,0.0,0.0,135.0,200.0,1.0,1.000000000106614,1.0,./content/Images1/
1897,noise 3 22898.0.png,40000.0,0.0,0.0,0.0,0.0,0.0,100.0,100.0,100.0,100.0,800.0,0.0,0.0,200.0,200.0,225.67583340707242,225.67583340707242,0.0,0.7853981633974483,282.842712474619,0.0,0.0,,,0.0,0.0,1.0,0.0,0.0,135.0,200.0,1.0,1.000000000106614,1.0,./content/Images1/
1898,noise 3 22899.0.png,40000.0,30.835875,83.14126382084963,0.0,0.0,255.0,100.0,100.0,100.00816621873062,99.97426090551996,800.0,0.0,0.0,200.0,200.0,225.67583340707242,225.67583340707242,0.0,0.7853981633974483,282.842712474619,1233435.0,0.0,2.3253274939988953,3.4071479543471828,12.0925,1233435.0,1.0,0.0,0.0,135.0,200.0,1.0,1.000000000106614,1.0,./content/Images1/
1899,noise 3 22900.0.png,40000.0,0.0,0.0,0.0,0.0,0.0,100.0,100.0,100.0,100.0,800.0,0.0,0.0,200.0,200.0,225.67583340707242,225.67583340707242,0.0,0.7853981633974483,282.842712474619,0.0,0.0,,,0.0,0.0,1.0,0.0,0.0,135.0,200.0,1.0,1.000000000106614,1.0,./content/Images1/
1900,noise 3 22901.0.png,40000.0,87.560625,121.0845277530573,0.0,0.0,255.0,100.0,100.0,100.17797597378959,100.39268292682927,800.0,0.0,0.0,200.0,200.0,225.67583340707242,225.67583340707242,0.0,0.7853981633974483,282.842712474619,3502425.0,0.0,0.6597023582237167,-1.5647927985540668,34.3375,3502425.0,1.0,0.0,0.0,135.0,200.0,1.0,1.000000000106614,1.0,./content/Images1/
1901,noise 3 22902.0.png,40000.0,129.176625,127.4905693560949,255.0,0.0,255.0,100.0,100.0,100.98008685781967,98.79817894684894,800.0,0.0,0.0,200.0,200.0,225.67583340707242,225.67583340707242,0.0,0.7853981633974483,282.842712474619,5167065.0,255.0,-0.026302274225827465,-1.9993081903705492,50.6575,5167065.0,1.0,0.0,0.0,135.0,200.0,1.0,1.000000000106614,1.0,./content/Images1/
1902,noise 3 22903.0.png,40000.0,255.0,0.0,255.0,255.0,255.0,100.0,100.0,100.0,100.0,800.0,0.0,0.0,200.0,200.0,225.67583340707242,225.67583340707242,0.0,0.7853981633974483,282.842712474619,10200000.0,255.0,,,100.0,10200000.0,1.0,0.0,0.0,135.0,200.0,1.0,1.000000000106614,1.0,./content/Images1/
1903,noise 3 22904.0.png,40000.0,255.0,0.0,255.0,255.0,255.0,100.0,100.0,100.0,100.0,800.0,0.0,0.0,200.0,200.0,225.67583340707242,225.67583340707242,0.0,0.7853981633974483,282.842712474619,10200000.0,255.0,,,100.0,10200000.0,1.0,0.0,0.0,135.0,200.0,1.0,1.000000000106614,1.0,./content/Images1/
1904,noise 3 22905.0.png,40000.0,255.0,0.0,255.0,255.0,255.0,100.0,100.0,100.0,100.0,800.0,0.0,0.0,200.0,200.0,225.67583340707242,225.67583340707242,0.0,0.7853981633974483,282.842712474619,10200000.0,255.0,,,100.0,10200000.0,1.0,0.0,0.0,135.0,200.0,1.0,1.000000000106614,1.0,./content/Images1/
1905,noise 3 22906.0.png,40000.0,255.0,0.0,255.0,255.0,255.0,100.0,100.0,100.0,100.0,800.0,0.0,0.0,200.0,200.0,225.67583340707242,225.67583340707242,0.0,0.7853981633974483,282.842712474619,10200000.0,255.0,,,100.0,10200000.0,1.0,0.0,0.0,135.0,200.0,1.0,1.000000000106614,1.0,./content/Images1/
1906,noise 3 22907.0.png,40000.0,255.0,0.0,255.0,255.0,255.0,100.0,100.0,100.0,100.0,800.0,0.0,0.0,200.0,200.0,225.67583340707242,225.67583340707242,0.0,0.7853981633974483,282.842712474619,10200000.0,255.0,,,100.0,10200000.0,1.0,0.0,0.0,135.0,200.0,1.0,1.000000000106614,1.0,./content/Images1/
1907,noise 3 22908.0.png,40000.0,255.0,0.0,255.0,255.0,255.0,100.0,100.0,100.0,100.0,800.0,0.0,0.0,200.0,200.0,225.67583340707242,225.67583340707242,0.0,0.7853981633974483,282.842712474619,10200000.0,255.0,,,100.0,10200000.0,1.0,0.0,0.0,135.0,200.0,1.0,1.000000000106614,1.0,./content/Images1/
1908,noise 3 22909.0.png,40000.0,52.345125,102.99640755984468,0.0,0.0,255.0,100.0,100.0,100.13597612958226,100.0157715260017,800.0,0.0,0.0,200.0,200.0,225.67583340707242,225.67583340707242,0.0,0.7853981633974483,282.842712474619,2093805.0000000002,0.0,1.4593871035722097,0.12981071807288513,20.5275,2093805.0000000002,1.0,0.0,0.0,135.0,200.0,1.0,1.000000000106614,1.0,./content/Images1/
1909,noise 3 22910.0.png,40000.0,255.0,0.0,255.0,255.0,255.0,100.0,100.0,100.0,100.0,800.0,0.0,0.0,200.0,200.0,225.67583340707242,225.67583340707242,0.0,0.7853981633974483,282.842712474619,10200000.0,255.0,,,100.0,10200000.0,1.0,0.0,0.0,135.0,200.0,1.0,1.000000000106614,1.0,./content/Images1/
1910,noise 3 22911.0.png,40000.0,93.259875,122.81791785406568,0.0,0.0,255.0,100.0,100.0,99.57949962403445,99.86263586027754,800.0,0.0,0.0,200.0,200.0,225.67583340707242,225.67583340707242,0.0,0.7853981633974483,282.842712474619,3730394.9999999995,0.0,0.5575823724722784,-1.6891018979081853,36.5725,3730394.9999999995,1.0,0.0,0.0,135.0,200.0,1.0,1.000000000106614,1.0,./content/Images1/
1911,noise 3 22912.0.png,40000.0,31.766625,84.21133059045184,0.0,0.0,255.0,100.0,100.0,99.7480433473811,100.55779650812764,800.0,0.0,0.0,200.0,200.0,225.67583340707242,225.67583340707242,0.0,0.7853981633974483,282.842712474619,1270665.0,0.0,2.2736743623067794,3.1695951058111396,12.4575,1270665.0,1.0,0.0,0.0,135.0,200.0,1.0,1.000000000106614,1.0,./content/Images1/
1912,noise 3 22913.0.png,40000.0,21.267,70.50477986703882,0.0,0.0,255.0,100.0,100.0,100.69844124700239,100.94694244604317,800.0,0.0,0.0,200.0,200.0,225.67583340707242,225.67583340707242,0.0,0.7853981633974483,282.842712474619,850680.0,0.0,3.0135354833456818,7.081396109383496,8.34,850680.0,1.0,0.0,0.0,135.0,200.0,1.0,1.000000000106614,1.0,./content/Images1/
1913,noise 3 22914.0.png,40000.0,0.0,0.0,0.0,0.0,0.0,100.0,100.0,100.0,100.0,800.0,0.0,0.0,200.0,200.0,225.67583340707242,225.67583340707242,0.0,0.7853981633974483,282.842712474619,0.0,0.0,,,0.0,0.0,1.0,0.0,0.0,135.0,200.0,1.0,1.000000000106614,1.0,./content/Images1/
1914,noise 3 22915.0.png,40000.0,130.05,127.47609091058546,255.0,0.0,255.0,100.0,100.0,100.05279411764705,99.11843137254903,800.0,0.0,0.0,200.0,200.0,225.67583340707242,225.67583340707242,0.0,0.7853981633974483,282.842712474619,5202000.0,255.0,-0.04000800240080068,-1.998399359743897,51.0,5202000.0,1.0,0.0,0.0,135.0,200.0,1.0,1.000000000106614,1.0,./content/Images1/
1915,noise 3 22916.0.png,40000.0,0.0,0.0,0.0,0.0,0.0,100.0,100.0,100.0,100.0,800.0,0.0,0.0,200.0,200.0,225.67583340707242,225.67583340707242,0.0,0.7853981633974483,282.842712474619,0.0,0.0,,,0.0,0.0,1.0,0.0,0.0,135.0,200.0,1.0,1.000000000106614,1.0,./content/Images1/
1916,noise 3 22917.0.png,40000.0,0.0,0.0,0.0,0.0,0.0,100.0,100.0,100.0,100.0,800.0,0.0,0.0,200.0,200.0,225.67583340707242,225.67583340707242,0.0,0.7853981633974483,282.842712474619,0.0,0.0,,,0.0,0.0,1.0,0.0,0.0,135.0,200.0,1.0,1.000000000106614,1.0,./content/Images1/
1917,noise 3 22918.0.png,40000.0,0.0,0.0,0.0,0.0,0.0,100.0,100.0,100.0,100.0,800.0,0.0,0.0,200.0,200.0,225.67583340707242,225.67583340707242,0.0,0.7853981633974483,282.842712474619,0.0,0.0,,,0.0,0.0,1.0,0.0,0.0,135.0,200.0,1.0,1.000000000106614,1.0,./content/Images1/
1918,noise 3 22919.0.png,40000.0,63.858375,110.48211948015613,0.0,0.0,255.0,100.0,100.0,99.63287411400619,101.14729959069582,800.0,0.0,0.0,200.0,200.0,225.67583340707242,225.67583340707242,0.0,0.7853981633974483,282.842712474619,2554335.0,0.0,1.152085438524914,-0.6726991423388564,25.0425,2554335.0,1.0,0.0,0.0,135.0,200.0,1.0,1.000000000106614,1.0,./content/Images1/
1919,noise 3 22920.0.png,40000.0,0.0,0.0,0.0,0.0,0.0,100.0,100.0,100.0,100.0,800.0,0.0,0.0,200.0,200.0,225.67583340707242,225.67583340707242,0.0,0.7853981633974483,282.842712474619,0.0,0.0,,,0.0,0.0,1.0,0.0,0.0,135.0,200.0,1.0,1.000000000106614,1.0,./content/Images1/
1920,noise 3 22921.0.png,40000.0,40.71075,93.40285962855832,0.0,0.0,255.0,100.0,100.0,100.31224553711243,100.07344190416536,800.0,0.0,0.0,200.0,200.0,225.67583340707242,225.67583340707242,0.0,0.7853981633974483,282.842712474619,1628430.0,0.0,1.8584085162084298,1.4536822131160188,15.965,1628430.0,1.0,0.0,0.0,135.0,200.0,1.0,1.000000000106614,1.0,./content/Images1/
1921,noise 3 22922.0.png,40000.0,35.04975,87.80315489655109,0.0,0.0,255.0,100.0,100.0,99.76627864678065,100.66751546016734,800.0,0.0,0.0,200.0,200.0,225.67583340707242,225.67583340707242,0.0,0.7853981633974483,282.842712474619,1401990.0000000002,0.0,2.105878900563855,2.434725943840032,13.745,1401990.0000000002,1.0,0.0,0.0,135.0,200.0,1.0,1.000000000106614,1.0,./content/Images1/
1922,noise 3 22923.0.png,40000.0,209.39325,97.72402137676464,255.0,0.0,255.0,100.0,100.0,99.57949217560738,100.24608780368995,800.0,0.0,0.0,200.0,200.0,225.67583340707242,225.67583340707242,0.0,0.7853981633974483,282.842712474619,8375730.0,255.0,-1.6760315945060165,0.8090819057823571,82.115,8375730.0,1.0,0.0,0.0,135.0,200.0,1.0,1.000000000106614,1.0,./content/Images1/
1923,noise 3 22924.0.png,40000.0,240.037875,59.92967945556163,255.0,0.0,255.0,100.0,100.0,99.79423950282846,100.05020848272382,800.0,0.0,0.0,200.0,200.0,225.67583340707242,225.67583340707242,0.0,0.7853981633974483,282.842712474619,9601515.0,255.0,-3.755711119171348,12.105366010667241,94.1325,9601515.0,1.0,0.0,0.0,135.0,200.0,1.0,1.000000000106614,1.0,./content/Images1/
1924,noise 3 22925.0.png,40000.0,25.4235,76.39884859964634,0.0,0.0,255.0,100.0,100.0,100.0937813440321,99.80391173520562,800.0,0.0,0.0,200.0,200.0,225.67583340707242,225.67583340707242,0.0,0.7853981633974483,282.842712474619,1016940.0,0.0,2.672233360874164,5.140831134968831,9.97,1016940.0,1.0,0.0,0.0,135.0,200.0,1.0,1.000000000106614,1.0,./content/Images1/
1925,noise 3 22926.0.png,40000.0,0.0,0.0,0.0,0.0,0.0,100.0,100.0,100.0,100.0,800.0,0.0,0.0,200.0,200.0,225.67583340707242,225.67583340707242,0.0,0.7853981633974483,282.842712474619,0.0,0.0,,,0.0,0.0,1.0,0.0,0.0,135.0,200.0,1.0,1.000000000106614,1.0,./content/Images1/
1926,noise 3 22927.0.png,40000.0,255.0,0.0,255.0,255.0,255.0,100.0,100.0,100.0,100.0,800.0,0.0,0.0,200.0,200.0,225.67583340707242,225.67583340707242,0.0,0.7853981633974483,282.842712474619,10200000.0,255.0,,,100.0,10200000.0,1.0,0.0,0.0,135.0,200.0,1.0,1.000000000106614,1.0,./content/Images1/
1927,noise 3 22928.0.png,40000.0,21.413625,70.7252153815147,0.0,0.0,255.0,100.0,100.0,100.24545995832094,100.84682941351593,800.0,0.0,0.0,200.0,200.0,225.67583340707242,225.67583340707242,0.0,0.7853981633974483,282.842712474619,856545.0,0.0,2.9999965509410083,6.999979305657943,8.3975,856545.0,1.0,0.0,0.0,135.0,200.0,1.0,1.000000000106614,1.0,./content/Images1/
1928,noise 3 22929.0.png,40000.0,37.77825,90.58952885684947,0.0,0.0,255.0,100.0,100.0,102.00118123523455,101.23962200472494,800.0,0.0,0.0,200.0,200.0,225.67583340707242,225.67583340707242,0.0,0.7853981633974483,282.842712474619,1511130.0,0.0,1.9808662805760917,1.9238312215233604,14.815,1511130.0,1.0,0.0,0.0,135.0,200.0,1.0,1.000000000106614,1.0,./content/Images1/
1929,noise 3 22930.0.png,40000.0,255.0,0.0,255.0,255.0,255.0,100.0,100.0,100.0,100.0,800.0,0.0,0.0,200.0,200.0,225.67583340707242,225.67583340707242,0.0,0.7853981633974483,282.842712474619,10200000.0,255.0,,,100.0,10200000.0,1.0,0.0,0.0,135.0,200.0,1.0,1.000000000106614,1.0,./content/Images1/
1930,noise 3 22931.0.png,40000.0,0.0,0.0,0.0,0.0,0.0,100.0,100.0,100.0,100.0,800.0,0.0,0.0,200.0,200.0,225.67583340707242,225.67583340707242,0.0,0.7853981633974483,282.842712474619,0.0,0.0,,,0.0,0.0,1.0,0.0,0.0,135.0,200.0,1.0,1.000000000106614,1.0,./content/Images1/
1931,noise 3 22932.0.png,40000.0,255.0,0.0,255.0,255.0,255.0,100.0,100.0,100.0,100.0,800.0,0.0,0.0,200.0,200.0,225.67583340707242,225.67583340707242,0.0,0.7853981633974483,282.842712474619,10200000.0,255.0,,,100.0,10200000.0,1.0,0.0,0.0,135.0,200.0,1.0,1.000000000106614,1.0,./content/Images1/
1932,noise 3 22933.0.png,40000.0,0.0,0.0,0.0,0.0,0.0,100.0,100.0,100.0,100.0,800.0,0.0,0.0,200.0,200.0,225.67583340707242,225.67583340707242,0.0,0.7853981633974483,282.842712474619,0.0,0.0,,,0.0,0.0,1.0,0.0,0.0,135.0,200.0,1.0,1.000000000106614,1.0,./content/Images1/
1933,noise 3 22934.0.png,40000.0,38.613375,91.40911763483469,0.0,0.0,255.0,100.0,100.0,100.11251444609543,100.58139342909031,800.0,0.0,0.0,200.0,200.0,225.67583340707242,225.67583340707242,0.0,0.7853981633974483,282.842712474619,1544535.0,0.0,1.94483304080756,1.7823755566167794,15.1425,1544535.0,1.0,0.0,0.0,135.0,200.0,1.0,1.000000000106614,1.0,./content/Images1/
1934,noise 3 22935.0.png,40000.0,255.0,0.0,255.0,255.0,255.0,100.0,100.0,100.0,100.0,800.0,0.0,0.0,200.0,200.0,225.67583340707242,225.67583340707242,0.0,0.7853981633974483,282.842712474619,10200000.0,255.0,,,100.0,10200000.0,1.0,0.0,0.0,135.0,200.0,1.0,1.000000000106614,1.0,./content/Images1/
1935,noise 3 22936.0.png,40000.0,255.0,0.0,255.0,255.0,255.0,100.0,100.0,100.0,100.0,800.0,0.0,0.0,200.0,200.0,225.67583340707242,225.67583340707242,0.0,0.7853981633974483,282.842712474619,10200000.0,255.0,,,100.0,10200000.0,1.0,0.0,0.0,135.0,200.0,1.0,1.000000000106614,1.0,./content/Images1/
1936,noise 3 22937.0.png,40000.0,255.0,0.0,255.0,255.0,255.0,100.0,100.0,100.0,100.0,800.0,0.0,0.0,200.0,200.0,225.67583340707242,225.67583340707242,0.0,0.7853981633974483,282.842712474619,10200000.0,255.0,,,100.0,10200000.0,1.0,0.0,0.0,135.0,200.0,1.0,1.000000000106614,1.0,./content/Images1/
1937,noise 3 22938.0.png,40000.0,91.0605,122.18341155574879,0.0,0.0,255.0,100.0,100.0,100.98060767292075,99.94637356482778,800.0,0.0,0.0,200.0,200.0,225.67583340707242,225.67583340707242,0.0,0.7853981633974483,282.842712474619,3642420.0,0.0,0.5964795881585638,-1.6442121009101895,35.71,3642420.0,1.0,0.0,0.0,135.0,200.0,1.0,1.000000000106614,1.0,./content/Images1/
1938,noise 3 22939.0.png,40000.0,255.0,0.0,255.0,255.0,255.0,100.0,100.0,100.0,100.0,800.0,0.0,0.0,200.0,200.0,225.67583340707242,225.67583340707242,0.0,0.7853981633974483,282.842712474619,10200000.0,255.0,,,100.0,10200000.0,1.0,0.0,0.0,135.0,200.0,1.0,1.000000000106614,1.0,./content/Images1/
1939,noise 3 22940.0.png,40000.0,0.0,0.0,0.0,0.0,0.0,100.0,100.0,100.0,100.0,800.0,0.0,0.0,200.0,200.0,225.67583340707242,225.67583340707242,0.0,0.7853981633974483,282.842712474619,0.0,0.0,,,0.0,0.0,1.0,0.0,0.0,135.0,200.0,1.0,1.000000000106614,1.0,./content/Images1/
1940,noise 3 22941.0.png,40000.0,0.0,0.0,0.0,0.0,0.0,100.0,100.0,100.0,100.0,800.0,0.0,0.0,200.0,200.0,225.67583340707242,225.67583340707242,0.0,0.7853981633974483,282.842712474619,0.0,0.0,,,0.0,0.0,1.0,0.0,0.0,135.0,200.0,1.0,1.000000000106614,1.0,./content/Images1/
1941,noise 3 22942.0.png,40000.0,27.591,79.21236383270353,0.0,0.0,255.0,100.0,100.0,100.74445471349352,99.5670055452865,800.0,0.0,0.0,200.0,200.0,225.67583340707242,225.67583340707242,0.0,0.7853981633974483,282.842712474619,1103640.0,0.0,2.522592283621962,4.363471829389065,10.82,1103640.0,1.0,0.0,0.0,135.0,200.0,1.0,1.000000000106614,1.0,./content/Images1/
1942,noise 3 22943.0.png,40000.0,255.0,0.0,255.0,255.0,255.0,100.0,100.0,100.0,100.0,800.0,0.0,0.0,200.0,200.0,225.67583340707242,225.67583340707242,0.0,0.7853981633974483,282.842712474619,10200000.0,255.0,,,100.0,10200000.0,1.0,0.0,0.0,135.0,200.0,1.0,1.000000000106614,1.0,./content/Images1/
1943,noise 3 22944.0.png,40000.0,47.74875,99.47982473509758,0.0,0.0,255.0,100.0,100.0,100.57076101468625,100.49826435246996,800.0,0.0,0.0,200.0,200.0,225.67583340707242,225.67583340707242,0.0,0.7853981633974483,282.842712474619,1909950.0,0.0,1.6033853521895003,0.5708445876158477,18.725,1909950.0,1.0,0.0,0.0,135.0,200.0,1.0,1.000000000106614,1.0,./content/Images1/
1944,noise 3 22945.0.png,40000.0,69.62775,113.61063050754365,0.0,0.0,255.0,100.0,100.0,100.38893975462369,100.47060977842887,800.0,0.0,0.0,200.0,200.0,225.67583340707242,225.67583340707242,0.0,0.7853981633974483,282.842712474619,2785110.0000000005,0.0,1.0187950398329384,-0.9620566668118009,27.305,2785110.0000000005,1.0,0.0,0.0,135.0,200.0,1.0,1.000000000106614,1.0,./content/Images1/
1945,noise 3 22946.0.png,40000.0,0.0,0.0,0.0,0.0,0.0,100.0,100.0,100.0,100.0,800.0,0.0,0.0,200.0,200.0,225.67583340707242,225.67583340707242,0.0,0.7853981633974483,282.842712474619,0.0,0.0,,,0.0,0.0,1.0,0.0,0.0,135.0,200.0,1.0,1.000000000106614,1.0,./content/Images1/
1946,noise 3 22947.0.png,40000.0,71.25975,114.42732025276135,0.0,0.0,255.0,100.0,100.0,100.21855430309536,100.39595634281625,800.0,0.0,0.0,200.0,200.0,225.67583340707242,225.67583340707242,0.0,0.7853981633974483,282.842712474619,2850390.0,0.0,0.9829986910831177,-1.0337135733288778,27.945,2850390.0,1.0,0.0,0.0,135.0,200.0,1.0,1.000000000106614,1.0,./content/Images1/
1947,noise 3 22948.0.png,40000.0,255.0,0.0,255.0,255.0,255.0,100.0,100.0,100.0,100.0,800.0,0.0,0.0,200.0,200.0,225.67583340707242,225.67583340707242,0.0,0.7853981633974483,282.842712474619,10200000.0,255.0,,,100.0,10200000.0,1.0,0.0,0.0,135.0,200.0,1.0,1.000000000106614,1.0,./content/Images1/
1948,noise 3 22949.0.png,40000.0,29.376,81.41312134053183,0.0,0.0,255.0,100.0,100.0,98.93381076388889,99.69856770833333,800.0,0.0,0.0,200.0,200.0,225.67583340707242,225.67583340707242,0.0,0.7853981633974483,282.842712474619,1175040.0,0.0,2.410550657124756,3.8107544705645973,11.52,1175040.0,1.0,0.0,0.0,135.0,200.0,1.0,1.000000000106614,1.0,./content/Images1/
1949,noise 3 22950.0.png,40000.0,255.0,0.0,255.0,255.0,255.0,100.0,100.0,100.0,100.0,800.0,0.0,0.0,200.0,200.0,225.67583340707242,225.67583340707242,0.0,0.7853981633974483,282.842712474619,10200000.0,255.0,,,100.0,10200000.0,1.0,0.0,0.0,135.0,200.0,1.0,1.000000000106614,1.0,./content/Images1/
1950,noise 3 22951.0.png,40000.0,0.0,0.0,0.0,0.0,0.0,100.0,100.0,100.0,100.0,800.0,0.0,0.0,200.0,200.0,225.67583340707242,225.67583340707242,0.0,0.7853981633974483,282.842712474619,0.0,0.0,,,0.0,0.0,1.0,0.0,0.0,135.0,200.0,1.0,1.000000000106614,1.0,./content/Images1/
1951,noise 3 22952.0.png,40000.0,255.0,0.0,255.0,255.0,255.0,100.0,100.0,100.0,100.0,800.0,0.0,0.0,200.0,200.0,225.67583340707242,225.67583340707242,0.0,0.7853981633974483,282.842712474619,10200000.0,255.0,,,100.0,10200000.0,1.0,0.0,0.0,135.0,200.0,1.0,1.000000000106614,1.0,./content/Images1/
1952,noise 3 22953.0.png,40000.0,0.0,0.0,0.0,0.0,0.0,100.0,100.0,100.0,100.0,800.0,0.0,0.0,200.0,200.0,225.67583340707242,225.67583340707242,0.0,0.7853981633974483,282.842712474619,0.0,0.0,,,0.0,0.0,1.0,0.0,0.0,135.0,200.0,1.0,1.000000000106614,1.0,./content/Images1/
1953,noise 3 22954.0.png,40000.0,20.10675,68.72450749831367,0.0,0.0,255.0,100.0,100.0,100.41946734305644,101.52092580849714,800.0,0.0,0.0,200.0,200.0,225.67583340707242,225.67583340707242,0.0,0.7853981633974483,282.842712474619,804270.0000000001,0.0,3.1253652110473404,7.767907702424987,7.885,804270.0000000001,1.0,0.0,0.0,135.0,200.0,1.0,1.000000000106614,1.0,./content/Images1/
1954,noise 3 22955.0.png,40000.0,0.0,0.0,0.0,0.0,0.0,100.0,100.0,100.0,100.0,800.0,0.0,0.0,200.0,200.0,225.67583340707242,225.67583340707242,0.0,0.7853981633974483,282.842712474619,0.0,0.0,,,0.0,0.0,1.0,0.0,0.0,135.0,200.0,1.0,1.000000000106614,1.0,./content/Images1/
1955,noise 3 22956.0.png,40000.0,245.80725,47.53631338213712,255.0,0.0,255.0,100.0,100.0,99.73787540847555,100.60226152808755,800.0,0.0,0.0,200.0,200.0,225.67583340707242,225.67583340707242,0.0,0.7853981633974483,282.842712474619,9832290.0,255.0,-4.9776148149010835,22.776649245523505,96.395,9832290.0,1.0,0.0,0.0,135.0,200.0,1.0,1.000000000106614,1.0,./content/Images1/
1956,noise 3 22957.0.png,40000.0,0.0,0.0,0.0,0.0,0.0,100.0,100.0,100.0,100.0,800.0,0.0,0.0,200.0,200.0,225.67583340707242,225.67583340707242,0.0,0.7853981633974483,282.842712474619,0.0,0.0,,,0.0,0.0,1.0,0.0,0.0,135.0,200.0,1.0,1.000000000106614,1.0,./content/Images1/
1957,noise 3 22958.0.png,40000.0,53.964375,104.15869182015689,0.0,0.0,255.0,100.0,100.0,99.99769639692853,99.78552864737154,800.0,0.0,0.0,200.0,200.0,225.67583340707242,225.67583340707242,0.0,0.7853981633974483,282.842712474619,2158575.0,0.0,1.4120097502667925,-0.0062284651515098766,21.1625,2158575.0,1.0,0.0,0.0,135.0,200.0,1.0,1.000000000106614,1.0,./content/Images1/
1958,noise 3 22959.0.png,40000.0,0.0,0.0,0.0,0.0,0.0,100.0,100.0,100.0,100.0,800.0,0.0,0.0,200.0,200.0,225.67583340707242,225.67583340707242,0.0,0.7853981633974483,282.842712474619,0.0,0.0,,,0.0,0.0,1.0,0.0,0.0,135.0,200.0,1.0,1.000000000106614,1.0,./content/Images1/
1959,noise 3 22960.0.png,40000.0,0.0,0.0,0.0,0.0,0.0,100.0,100.0,100.0,100.0,800.0,0.0,0.0,200.0,200.0,225.67583340707242,225.67583340707242,0.0,0.7853981633974483,282.842712474619,0.0,0.0,,,0.0,0.0,1.0,0.0,0.0,135.0,200.0,1.0,1.000000000106614,1.0,./content/Images1/
1960,noise 3 22961.0.png,40000.0,255.0,0.0,255.0,255.0,255.0,100.0,100.0,100.0,100.0,800.0,0.0,0.0,200.0,200.0,225.67583340707242,225.67583340707242,0.0,0.7853981633974483,282.842712474619,10200000.0,255.0,,,100.0,10200000.0,1.0,0.0,0.0,135.0,200.0,1.0,1.000000000106614,1.0,./content/Images1/
1961,noise 3 22962.0.png,40000.0,52.41525,103.04754139392256,0.0,0.0,255.0,100.0,100.0,99.70347847239114,100.69435660423255,800.0,0.0,0.0,200.0,200.0,225.67583340707242,225.67583340707242,0.0,0.7853981633974483,282.842712474619,2096610.0,0.0,1.4573018931124484,0.1237288076691252,20.555,2096610.0,1.0,0.0,0.0,135.0,200.0,1.0,1.000000000106614,1.0,./content/Images1/
1962,noise 3 22963.0.png,40000.0,255.0,0.0,255.0,255.0,255.0,100.0,100.0,100.0,100.0,800.0,0.0,0.0,200.0,200.0,225.67583340707242,225.67583340707242,0.0,0.7853981633974483,282.842712474619,10200000.0,255.0,,,100.0,10200000.0,1.0,0.0,0.0,135.0,200.0,1.0,1.000000000106614,1.0,./content/Images1/
1963,noise 3 22964.0.png,40000.0,255.0,0.0,255.0,255.0,255.0,100.0,100.0,100.0,100.0,800.0,0.0,0.0,200.0,200.0,225.67583340707242,225.67583340707242,0.0,0.7853981633974483,282.842712474619,10200000.0,255.0,,,100.0,10200000.0,1.0,0.0,0.0,135.0,200.0,1.0,1.000000000106614,1.0,./content/Images1/
1964,noise 3 22965.0.png,40000.0,0.0,0.0,0.0,0.0,0.0,100.0,100.0,100.0,100.0,800.0,0.0,0.0,200.0,200.0,225.67583340707242,225.67583340707242,0.0,0.7853981633974483,282.842712474619,0.0,0.0,,,0.0,0.0,1.0,0.0,0.0,135.0,200.0,1.0,1.000000000106614,1.0,./content/Images1/
1965,noise 3 22966.0.png,40000.0,0.0,0.0,0.0,0.0,0.0,100.0,100.0,100.0,100.0,800.0,0.0,0.0,200.0,200.0,225.67583340707242,225.67583340707242,0.0,0.7853981633974483,282.842712474619,0.0,0.0,,,0.0,0.0,1.0,0.0,0.0,135.0,200.0,1.0,1.000000000106614,1.0,./content/Images1/
1966,noise 3 22967.0.png,40000.0,0.0,0.0,0.0,0.0,0.0,100.0,100.0,100.0,100.0,800.0,0.0,0.0,200.0,200.0,225.67583340707242,225.67583340707242,0.0,0.7853981633974483,282.842712474619,0.0,0.0,,,0.0,0.0,1.0,0.0,0.0,135.0,200.0,1.0,1.000000000106614,1.0,./content/Images1/
1967,noise 3 22968.0.png,40000.0,255.0,0.0,255.0,255.0,255.0,100.0,100.0,100.0,100.0,800.0,0.0,0.0,200.0,200.0,225.67583340707242,225.67583340707242,0.0,0.7853981633974483,282.842712474619,10200000.0,255.0,,,100.0,10200000.0,1.0,0.0,0.0,135.0,200.0,1.0,1.000000000106614,1.0,./content/Images1/
1968,noise 3 22969.0.png,40000.0,0.0,0.0,0.0,0.0,0.0,100.0,100.0,100.0,100.0,800.0,0.0,0.0,200.0,200.0,225.67583340707242,225.67583340707242,0.0,0.7853981633974483,282.842712474619,0.0,0.0,,,0.0,0.0,1.0,0.0,0.0,135.0,200.0,1.0,1.000000000106614,1.0,./content/Images1/
1969,noise 3 22970.0.png,40000.0,255.0,0.0,255.0,255.0,255.0,100.0,100.0,100.0,100.0,800.0,0.0,0.0,200.0,200.0,225.67583340707242,225.67583340707242,0.0,0.7853981633974483,282.842712474619,10200000.0,255.0,,,100.0,10200000.0,1.0,0.0,0.0,135.0,200.0,1.0,1.000000000106614,1.0,./content/Images1/
1970,noise 3 22971.0.png,40000.0,44.682375,96.94186883131398,0.0,0.0,255.0,100.0,100.0,99.82372663718077,99.67905550007134,800.0,0.0,0.0,200.0,200.0,225.67583340707242,225.67583340707242,0.0,0.7853981633974483,282.842712474619,1787295.0,0.0,1.7086252047365391,0.9194000902609805,17.5225,1787295.0,1.0,0.0,0.0,135.0,200.0,1.0,1.000000000106614,1.0,./content/Images1/
1971,noise 3 22972.0.png,40000.0,255.0,0.0,255.0,255.0,255.0,100.0,100.0,100.0,100.0,800.0,0.0,0.0,200.0,200.0,225.67583340707242,225.67583340707242,0.0,0.7853981633974483,282.842712474619,10200000.0,255.0,,,100.0,10200000.0,1.0,0.0,0.0,135.0,200.0,1.0,1.000000000106614,1.0,./content/Images1/
1972,noise 3 22973.0.png,40000.0,254.254125,13.771221320122308,255.0,0.0,255.0,100.0,100.0,99.9985332096382,100.21855176390943,800.0,0.0,0.0,200.0,200.0,225.67583340707242,225.67583340707242,0.0,0.7853981633974483,282.842712474619,10170165.0,255.0,-18.408782563253332,336.8832754610918,99.7075,10170165.0,1.0,0.0,0.0,135.0,200.0,1.0,1.000000000106614,1.0,./content/Images1/
1973,noise 3 22974.0.png,40000.0,0.0,0.0,0.0,0.0,0.0,100.0,100.0,100.0,100.0,800.0,0.0,0.0,200.0,200.0,225.67583340707242,225.67583340707242,0.0,0.7853981633974483,282.842712474619,0.0,0.0,,,0.0,0.0,1.0,0.0,0.0,135.0,200.0,1.0,1.000000000106614,1.0,./content/Images1/
1974,noise 3 22975.0.png,40000.0,95.363625,123.38510444522609,0.0,0.0,255.0,100.0,100.0,101.40494016979744,100.50240657797981,800.0,0.0,0.0,200.0,200.0,225.67583340707242,225.67583340707242,0.0,0.7853981633974483,282.842712474619,3814545.0,0.0,0.5209182560036819,-1.7286441705620836,37.3975,3814545.0,1.0,0.0,0.0,135.0,200.0,1.0,1.000000000106614,1.0,./content/Images1/
1975,noise 3 22976.0.png,40000.0,255.0,0.0,255.0,255.0,255.0,100.0,100.0,100.0,100.0,800.0,0.0,0.0,200.0,200.0,225.67583340707242,225.67583340707242,0.0,0.7853981633974483,282.842712474619,10200000.0,255.0,,,100.0,10200000.0,1.0,0.0,0.0,135.0,200.0,1.0,1.000000000106614,1.0,./content/Images1/
1976,noise 3 22977.0.png,40000.0,255.0,0.0,255.0,255.0,255.0,100.0,100.0,100.0,100.0,800.0,0.0,0.0,200.0,200.0,225.67583340707242,225.67583340707242,0.0,0.7853981633974483,282.842712474619,10200000.0,255.0,,,100.0,10200000.0,1.0,0.0,0.0,135.0,200.0,1.0,1.000000000106614,1.0,./content/Images1/
1977,noise 3 22978.0.png,40000.0,0.0,0.0,0.0,0.0,0.0,100.0,100.0,100.0,100.0,800.0,0.0,0.0,200.0,200.0,225.67583340707242,225.67583340707242,0.0,0.7853981633974483,282.842712474619,0.0,0.0,,,0.0,0.0,1.0,0.0,0.0,135.0,200.0,1.0,1.000000000106614,1.0,./content/Images1/
1978,noise 3 22979.0.png,40000.0,144.502125,126.3628779939257,255.0,0.0,255.0,100.0,100.0,100.76955485948736,100.2476948868399,800.0,0.0,0.0,200.0,200.0,225.67583340707242,225.67583340707242,0.0,0.7853981633974483,282.842712474619,5780085.0,255.0,-0.269103360108098,-1.9275833815785313,56.6675,5780085.0,1.0,0.0,0.0,135.0,200.0,1.0,1.000000000106614,1.0,./content/Images1/
1979,noise 3 22980.0.png,40000.0,0.0,0.0,0.0,0.0,0.0,100.0,100.0,100.0,100.0,800.0,0.0,0.0,200.0,200.0,225.67583340707242,225.67583340707242,0.0,0.7853981633974483,282.842712474619,0.0,0.0,,,0.0,0.0,1.0,0.0,0.0,135.0,200.0,1.0,1.000000000106614,1.0,./content/Images1/
1980,noise 3 22981.0.png,40000.0,4.62825,34.04132815032422,0.0,0.0,255.0,100.0,100.0,100.20661157024793,101.53030303030303,800.0,0.0,0.0,200.0,200.0,225.67583340707242,225.67583340707242,0.0,0.7853981633974483,282.842712474619,185130.00000000003,0.0,7.219065330416809,50.11490424482596,1.815,185130.00000000003,1.0,0.0,0.0,135.0,200.0,1.0,1.000000000106614,1.0,./content/Images1/
1981,noise 3 22982.0.png,40000.0,255.0,0.0,255.0,255.0,255.0,100.0,100.0,100.0,100.0,800.0,0.0,0.0,200.0,200.0,225.67583340707242,225.67583340707242,0.0,0.7853981633974483,282.842712474619,10200000.0,255.0,,,100.0,10200000.0,1.0,0.0,0.0,135.0,200.0,1.0,1.000000000106614,1.0,./content/Images1/
1982,noise 3 22983.0.png,40000.0,0.0,0.0,0.0,0.0,0.0,100.0,100.0,100.0,100.0,800.0,0.0,0.0,200.0,200.0,225.67583340707242,225.67583340707242,0.0,0.7853981633974483,282.842712474619,0.0,0.0,,,0.0,0.0,1.0,0.0,0.0,135.0,200.0,1.0,1.000000000106614,1.0,./content/Images1/
1983,noise 3 22984.0.png,40000.0,254.898,5.099043636423418,255.0,0.0,255.0,100.0,100.0,99.99959983993597,100.03001200480192,800.0,0.0,0.0,200.0,200.0,225.67583340707242,225.67583340707242,0.0,0.7853981633974483,282.842712474619,10195920.0,255.0,-49.96999499859319,2495.000400161808,99.96,10195920.0,1.0,0.0,0.0,135.0,200.0,1.0,1.000000000106614,1.0,./content/Images1/
1984,noise 3 22985.0.png,40000.0,255.0,0.0,255.0,255.0,255.0,100.0,100.0,100.0,100.0,800.0,0.0,0.0,200.0,200.0,225.67583340707242,225.67583340707242,0.0,0.7853981633974483,282.842712474619,10200000.0,255.0,,,100.0,10200000.0,1.0,0.0,0.0,135.0,200.0,1.0,1.000000000106614,1.0,./content/Images1/
1985,noise 3 22986.0.png,40000.0,0.0,0.0,0.0,0.0,0.0,100.0,100.0,100.0,100.0,800.0,0.0,0.0,200.0,200.0,225.67583340707242,225.67583340707242,0.0,0.7853981633974483,282.842712474619,0.0,0.0,,,0.0,0.0,1.0,0.0,0.0,135.0,200.0,1.0,1.000000000106614,1.0,./content/Images1/
1986,noise 3 22987.0.png,40000.0,0.0,0.0,0.0,0.0,0.0,100.0,100.0,100.0,100.0,800.0,0.0,0.0,200.0,200.0,225.67583340707242,225.67583340707242,0.0,0.7853981633974483,282.842712474619,0.0,0.0,,,0.0,0.0,1.0,0.0,0.0,135.0,200.0,1.0,1.000000000106614,1.0,./content/Images1/
1987,noise 3 22988.0.png,40000.0,255.0,0.0,255.0,255.0,255.0,100.0,100.0,100.0,100.0,800.0,0.0,0.0,200.0,200.0,225.67583340707242,225.67583340707242,0.0,0.7853981633974483,282.842712474619,10200000.0,255.0,,,100.0,10200000.0,1.0,0.0,0.0,135.0,200.0,1.0,1.000000000106614,1.0,./content/Images1/
1988,noise 3 22989.0.png,40000.0,37.198125,90.01124330928013,0.0,0.0,255.0,100.0,100.0,101.03676092544987,100.491088260497,800.0,0.0,0.0,200.0,200.0,225.67583340707242,225.67583340707242,0.0,0.7853981633974483,282.842712474619,1487925.0,0.0,2.0064827564778733,2.0259730520430432,14.5875,1487925.0,1.0,0.0,0.0,135.0,200.0,1.0,1.000000000106614,1.0,./content/Images1/
1989,noise 3 22990.0.png,40000.0,0.0,0.0,0.0,0.0,0.0,100.0,100.0,100.0,100.0,800.0,0.0,0.0,200.0,200.0,225.67583340707242,225.67583340707242,0.0,0.7853981633974483,282.842712474619,0.0,0.0,,,0.0,0.0,1.0,0.0,0.0,135.0,200.0,1.0,1.000000000106614,1.0,./content/Images1/
1990,noise 3 22991.0.png,40000.0,29.114625,81.09705546084571,0.0,0.0,255.0,100.0,100.0,100.32154587256404,100.36906065250712,800.0,0.0,0.0,200.0,200.0,225.67583340707242,225.67583340707242,0.0,0.7853981633974483,282.842712474619,1164585.0,0.0,2.426391544826159,3.8873759288038734,11.4175,1164585.0,1.0,0.0,0.0,135.0,200.0,1.0,1.000000000106614,1.0,./content/Images1/
1991,noise 3 22992.0.png,40000.0,0.0,0.0,0.0,0.0,0.0,100.0,100.0,100.0,100.0,800.0,0.0,0.0,200.0,200.0,225.67583340707242,225.67583340707242,0.0,0.7853981633974483,282.842712474619,0.0,0.0,,,0.0,0.0,1.0,0.0,0.0,135.0,200.0,1.0,1.000000000106614,1.0,./content/Images1/
1992,noise 3 22993.0.png,40000.0,255.0,0.0,255.0,255.0,255.0,100.0,100.0,100.0,100.0,800.0,0.0,0.0,200.0,200.0,225.67583340707242,225.67583340707242,0.0,0.7853981633974483,282.842712474619,10200000.0,255.0,,,100.0,10200000.0,1.0,0.0,0.0,135.0,200.0,1.0,1.000000000106614,1.0,./content/Images1/
1993,noise 3 22994.0.png,40000.0,0.0,0.0,0.0,0.0,0.0,100.0,100.0,100.0,100.0,800.0,0.0,0.0,200.0,200.0,225.67583340707242,225.67583340707242,0.0,0.7853981633974483,282.842712474619,0.0,0.0,,,0.0,0.0,1.0,0.0,0.0,135.0,200.0,1.0,1.000000000106614,1.0,./content/Images1/
1994,noise 3 22995.0.png,40000.0,0.0,0.0,0.0,0.0,0.0,100.0,100.0,100.0,100.0,800.0,0.0,0.0,200.0,200.0,225.67583340707242,225.67583340707242,0.0,0.7853981633974483,282.842712474619,0.0,0.0,,,0.0,0.0,1.0,0.0,0.0,135.0,200.0,1.0,1.000000000106614,1.0,./content/Images1/
1995,noise 3 22996.0.png,40000.0,255.0,0.0,255.0,255.0,255.0,100.0,100.0,100.0,100.0,800.0,0.0,0.0,200.0,200.0,225.67583340707242,225.67583340707242,0.0,0.7853981633974483,282.842712474619,10200000.0,255.0,,,100.0,10200000.0,1.0,0.0,0.0,135.0,200.0,1.0,1.000000000106614,1.0,./content/Images1/
1996,noise 3 22997.0.png,40000.0,255.0,0.0,255.0,255.0,255.0,100.0,100.0,100.0,100.0,800.0,0.0,0.0,200.0,200.0,225.67583340707242,225.67583340707242,0.0,0.7853981633974483,282.842712474619,10200000.0,255.0,,,100.0,10200000.0,1.0,0.0,0.0,135.0,200.0,1.0,1.000000000106614,1.0,./content/Images1/
1997,noise 3 22998.0.png,40000.0,255.0,0.0,255.0,255.0,255.0,100.0,100.0,100.0,100.0,800.0,0.0,0.0,200.0,200.0,225.67583340707242,225.67583340707242,0.0,0.7853981633974483,282.842712474619,10200000.0,255.0,,,100.0,10200000.0,1.0,0.0,0.0,135.0,200.0,1.0,1.000000000106614,1.0,./content/Images1/
1998,noise 3 22999.0.png,40000.0,36.739125,89.54838938856146,0.0,0.0,255.0,100.0,100.0,98.93761929550581,99.01553010584765,800.0,0.0,0.0,200.0,200.0,225.67583340707242,225.67583340707242,0.0,0.7853981633974483,282.842712474619,1469565.0,0.0,2.027105348335915,2.1091560932520723,14.4075,1469565.0,1.0,0.0,0.0,135.0,200.0,1.0,1.000000000106614,1.0,./content/Images1/
1999,noise 3 23000.0.png,40000.0,0.0,0.0,0.0,0.0,0.0,100.0,100.0,100.0,100.0,800.0,0.0,0.0,200.0,200.0,225.67583340707242,225.67583340707242,0.0,0.7853981633974483,282.842712474619,0.0,0.0,,,0.0,0.0,1.0,0.0,0.0,135.0,200.0,1.0,1.000000000106614,1.0,./content/Images1/
